Workbook

Sheet QA_Summary
A1: metric | B1: value | C1: definition
A2: rubric_version | B2: prompt_qa.md v1.0 / prompt.md v2.4 | C2: Independent QA rubric.
A3: source_workbook | B3: D:\Shopify_Workspace\jeminise_seo\resutls\jeminise.com\20260906_234129\revisions\qa_batch_004_r5\SEO_Product_Optimization_qa_batch_004_r5.xlsx | C3: Frozen r5 source; not edited.
A4: source_sha256_at_freeze_and_handoff | B4: F8E626867914229BF74FCFB13F4746B3103E08697DD69005E891661C8418B71D | C4: Hash matched snapshot before and after QA.
A5: qa_run_id | B5: 20260909_043000 | C5: Independent re-QA run.
A6: batch_id | B6: qa_batch_004_r5 | C6: Inventory positions 31-40 only.
A7: products_checked | B7: 10 | C7: Official product-key scope.
A8: images_checked | B8: 62/62 | C8: Full image coverage, keyed by media ID/URL.
A9: batch_final_score | B9: =AVERAGE('QA_Products'!$I$2:$I$11) | C9: Average product final score.
A10: batch_result | B10: =IF(COUNTIF('QA_Products'!$J$2:$J$11,"QA_PASS")=ROWS('QA_Products'!$J$2:$J$11),"PASSED","NOT_PASSED") | C10: Every product has full coverage, >=85 and no CRITICAL/MAJOR.
A11: status_counts | B11: ="PASS="&COUNTIF('QA_Products'!$J$2:$J$11,"QA_PASS")&"; REVISE="&COUNTIF('QA_Products'!$J$2:$J$11,"QA_REVISE")&"; FAIL="&COUNTIF('QA_Products'!$J$2:$J$11,"QA_FAIL")&"; INCOMPLETE="&COUNTIF('QA_Products'!$J$2:$J$11,"QA_INCOMPLETE") | C11: QA status counts.
A12: issue_counts | B12: {"LIMITATION": 1} | C12: Severity counts.
A13: admin_export | B13: products_export_1.csv; 62/62 image-alt matches | C13: R5 admin baseline.
A14: historical_review | B14: {"RESOLVED": 51, "PERSISTS": 1} | C14: Historical r2/r4 findings rechecked, not scored.
A15: xlsx_status | B15: COMPLETE | C15: Five-sheet QA workbook.

Sheet QA_Products
A1: inventory_position | B1: product_key | C1: url | D1: revision | E1: verified_points | F1: assessed_weight | G1: score_lower_bound | H1: score_upper_bound | I1: final_score | J1: qa_status | K1: keyword_evidence_level | L1: images_expected | M1: images_checked | N1: image_inventory_complete | O1: image_coverage | P1: critical_count | Q1: major_count | R1: minor_count | S1: limitation_count | T1: issue_refs | U1: evidence_refs
A2: 31 | B2: jeminise.com+christmas-cardinals-near-snowy-birdhouse-patchwork-floral-quilt-b90d55a935-b90d55a935 | C2: https://jeminise.com/products/christmas-cardinals-near-snowy-birdhouse-patchwork-floral-quilt-b90d55a935-b90d55a935 | D2: r5 | E2: =SUMIF('QA_Criteria'!$A$2:$A$111,B2,'QA_Criteria'!$F$2:$F$111) | F2: =SUMIF('QA_Criteria'!$A$2:$A$111,B2,'QA_Criteria'!$G$2:$G$111) | G2: =E2 | H2: =E2+(100-F2) | I2: =IF(AND(F2=100,O2=1,N2=TRUE),E2,"") | J2: =IF(P2>0,"QA_FAIL",IF(I2="","QA_INCOMPLETE",IF(I2<70,"QA_FAIL",IF(OR(I2<85,Q2>0),"QA_REVISE","QA_PASS")))) | K2: SERP_ONLY | L2: 7 | M2: 7 | N2: TRUE | O2: 1 | P2: =COUNTIFS('QA_Issues'!$B$2:$B$2,B2,'QA_Issues'!$D$2:$D$2,"CRITICAL") | Q2: =COUNTIFS('QA_Issues'!$B$2:$B$2,B2,'QA_Issues'!$D$2:$D$2,"MAJOR") | R2: =COUNTIFS('QA_Issues'!$B$2:$B$2,B2,'QA_Issues'!$D$2:$D$2,"MINOR") | S2: =COUNTIFS('QA_Issues'!$B$2:$B$2,B2,'QA_Issues'!$D$2:$D$2,"LIMITATION") | T2: [] | U2: ["evidence_batch_004_031", "https://jeminise.com/products/christmas-cardinals-near-snowy-birdhouse-patchwork-floral-quilt-b90d55a935-b90d55a935", "serp_qa_031_1", "customizer_audit.json"]
A3: 32 | B3: jeminise.com+christmas-cardinals-on-snowy-branches-patchwork-winter-quilt-8fa1a9e2ed-8fa1a9e2ed | C3: https://jeminise.com/products/christmas-cardinals-on-snowy-branches-patchwork-winter-quilt-8fa1a9e2ed-8fa1a9e2ed | D3: r5 | E3: =SUMIF('QA_Criteria'!$A$2:$A$111,B3,'QA_Criteria'!$F$2:$F$111) | F3: =SUMIF('QA_Criteria'!$A$2:$A$111,B3,'QA_Criteria'!$G$2:$G$111) | G3: =E3 | H3: =E3+(100-F3) | I3: =IF(AND(F3=100,O3=1,N3=TRUE),E3,"") | J3: =IF(P3>0,"QA_FAIL",IF(I3="","QA_INCOMPLETE",IF(I3<70,"QA_FAIL",IF(OR(I3<85,Q3>0),"QA_REVISE","QA_PASS")))) | K3: SERP_ONLY | L3: 5 | M3: 5 | N3: TRUE | O3: 1 | P3: =COUNTIFS('QA_Issues'!$B$2:$B$2,B3,'QA_Issues'!$D$2:$D$2,"CRITICAL") | Q3: =COUNTIFS('QA_Issues'!$B$2:$B$2,B3,'QA_Issues'!$D$2:$D$2,"MAJOR") | R3: =COUNTIFS('QA_Issues'!$B$2:$B$2,B3,'QA_Issues'!$D$2:$D$2,"MINOR") | S3: =COUNTIFS('QA_Issues'!$B$2:$B$2,B3,'QA_Issues'!$D$2:$D$2,"LIMITATION") | T3: [] | U3: ["evidence_batch_004_032", "https://jeminise.com/products/christmas-cardinals-on-snowy-branches-patchwork-winter-quilt-8fa1a9e2ed-8fa1a9e2ed", "serp_qa_032_1", "customizer_audit.json"]
A4: 33 | B4: jeminise.com+cow-with-landscape-patchwork-quilt-animal-farmhouse-printed-quilt-set | C4: https://jeminise.com/products/cow-with-landscape-patchwork-quilt-animal-farmhouse-printed-quilt-set | D4: r5 | E4: =SUMIF('QA_Criteria'!$A$2:$A$111,B4,'QA_Criteria'!$F$2:$F$111) | F4: =SUMIF('QA_Criteria'!$A$2:$A$111,B4,'QA_Criteria'!$G$2:$G$111) | G4: =E4 | H4: =E4+(100-F4) | I4: =IF(AND(F4=100,O4=1,N4=TRUE),E4,"") | J4: =IF(P4>0,"QA_FAIL",IF(I4="","QA_INCOMPLETE",IF(I4<70,"QA_FAIL",IF(OR(I4<85,Q4>0),"QA_REVISE","QA_PASS")))) | K4: SERP_ONLY | L4: 7 | M4: 7 | N4: TRUE | O4: 1 | P4: =COUNTIFS('QA_Issues'!$B$2:$B$2,B4,'QA_Issues'!$D$2:$D$2,"CRITICAL") | Q4: =COUNTIFS('QA_Issues'!$B$2:$B$2,B4,'QA_Issues'!$D$2:$D$2,"MAJOR") | R4: =COUNTIFS('QA_Issues'!$B$2:$B$2,B4,'QA_Issues'!$D$2:$D$2,"MINOR") | S4: =COUNTIFS('QA_Issues'!$B$2:$B$2,B4,'QA_Issues'!$D$2:$D$2,"LIMITATION") | T4: [] | U4: ["evidence_batch_004_033", "https://jeminise.com/products/cow-with-landscape-patchwork-quilt-animal-farmhouse-printed-quilt-set", "serp_qa_033_1", "customizer_audit.json"]
A5: 34 | B5: jeminise.com+crocodile-patchwork-printed-quilts-animal-patchwork-bedding | C5: https://jeminise.com/products/crocodile-patchwork-printed-quilts-animal-patchwork-bedding | D5: r5 | E5: =SUMIF('QA_Criteria'!$A$2:$A$111,B5,'QA_Criteria'!$F$2:$F$111) | F5: =SUMIF('QA_Criteria'!$A$2:$A$111,B5,'QA_Criteria'!$G$2:$G$111) | G5: =E5 | H5: =E5+(100-F5) | I5: =IF(AND(F5=100,O5=1,N5=TRUE),E5,"") | J5: =IF(P5>0,"QA_FAIL",IF(I5="","QA_INCOMPLETE",IF(I5<70,"QA_FAIL",IF(OR(I5<85,Q5>0),"QA_REVISE","QA_PASS")))) | K5: SERP_ONLY | L5: 7 | M5: 7 | N5: TRUE | O5: 1 | P5: =COUNTIFS('QA_Issues'!$B$2:$B$2,B5,'QA_Issues'!$D$2:$D$2,"CRITICAL") | Q5: =COUNTIFS('QA_Issues'!$B$2:$B$2,B5,'QA_Issues'!$D$2:$D$2,"MAJOR") | R5: =COUNTIFS('QA_Issues'!$B$2:$B$2,B5,'QA_Issues'!$D$2:$D$2,"MINOR") | S5: =COUNTIFS('QA_Issues'!$B$2:$B$2,B5,'QA_Issues'!$D$2:$D$2,"LIMITATION") | T5: [] | U5: ["evidence_batch_004_034", "https://jeminise.com/products/crocodile-patchwork-printed-quilts-animal-patchwork-bedding", "serp_qa_034_1", "customizer_audit.json"]
A6: 35 | B6: jeminise.com+custom-retro-football-art-bedding-set-c66211cf75-c66211cf75 | C6: https://jeminise.com/products/custom-retro-football-art-bedding-set-c66211cf75-c66211cf75 | D6: r5 | E6: =SUMIF('QA_Criteria'!$A$2:$A$111,B6,'QA_Criteria'!$F$2:$F$111) | F6: =SUMIF('QA_Criteria'!$A$2:$A$111,B6,'QA_Criteria'!$G$2:$G$111) | G6: =E6 | H6: =E6+(100-F6) | I6: =IF(AND(F6=100,O6=1,N6=TRUE),E6,"") | J6: =IF(P6>0,"QA_FAIL",IF(I6="","QA_INCOMPLETE",IF(I6<70,"QA_FAIL",IF(OR(I6<85,Q6>0),"QA_REVISE","QA_PASS")))) | K6: SERP_ONLY | L6: 6 | M6: 6 | N6: TRUE | O6: 1 | P6: =COUNTIFS('QA_Issues'!$B$2:$B$2,B6,'QA_Issues'!$D$2:$D$2,"CRITICAL") | Q6: =COUNTIFS('QA_Issues'!$B$2:$B$2,B6,'QA_Issues'!$D$2:$D$2,"MAJOR") | R6: =COUNTIFS('QA_Issues'!$B$2:$B$2,B6,'QA_Issues'!$D$2:$D$2,"MINOR") | S6: =COUNTIFS('QA_Issues'!$B$2:$B$2,B6,'QA_Issues'!$D$2:$D$2,"LIMITATION") | T6: [] | U6: ["evidence_batch_004_035", "https://jeminise.com/products/custom-retro-football-art-bedding-set-c66211cf75-c66211cf75", "serp_qa_035_1", "customizer_audit.json"]
A7: 36 | B7: jeminise.com+custom-american-football-close-up-on-grunge-vintage-comforter-26540e3264-26540e3264 | C7: https://jeminise.com/products/custom-american-football-close-up-on-grunge-vintage-comforter-26540e3264-26540e3264 | D7: r5 | E7: =SUMIF('QA_Criteria'!$A$2:$A$111,B7,'QA_Criteria'!$F$2:$F$111) | F7: =SUMIF('QA_Criteria'!$A$2:$A$111,B7,'QA_Criteria'!$G$2:$G$111) | G7: =E7 | H7: =E7+(100-F7) | I7: =IF(AND(F7=100,O7=1,N7=TRUE),E7,"") | J7: =IF(P7>0,"QA_FAIL",IF(I7="","QA_INCOMPLETE",IF(I7<70,"QA_FAIL",IF(OR(I7<85,Q7>0),"QA_REVISE","QA_PASS")))) | K7: SERP_ONLY | L7: 6 | M7: 6 | N7: TRUE | O7: 1 | P7: =COUNTIFS('QA_Issues'!$B$2:$B$2,B7,'QA_Issues'!$D$2:$D$2,"CRITICAL") | Q7: =COUNTIFS('QA_Issues'!$B$2:$B$2,B7,'QA_Issues'!$D$2:$D$2,"MAJOR") | R7: =COUNTIFS('QA_Issues'!$B$2:$B$2,B7,'QA_Issues'!$D$2:$D$2,"MINOR") | S7: =COUNTIFS('QA_Issues'!$B$2:$B$2,B7,'QA_Issues'!$D$2:$D$2,"LIMITATION") | T7: [] | U7: ["evidence_batch_004_036", "https://jeminise.com/products/custom-american-football-close-up-on-grunge-vintage-comforter-26540e3264-26540e3264", "serp_qa_036_1", "customizer_audit.json"]
A8: 37 | B8: jeminise.com+custom-american-football-on-cosmic-background-vintage-comforter-62a3849621-62a3849621 | C8: https://jeminise.com/products/custom-american-football-on-cosmic-background-vintage-comforter-62a3849621-62a3849621 | D8: r5 | E8: =SUMIF('QA_Criteria'!$A$2:$A$111,B8,'QA_Criteria'!$F$2:$F$111) | F8: =SUMIF('QA_Criteria'!$A$2:$A$111,B8,'QA_Criteria'!$G$2:$G$111) | G8: =E8 | H8: =E8+(100-F8) | I8: =IF(AND(F8=100,O8=1,N8=TRUE),E8,"") | J8: =IF(P8>0,"QA_FAIL",IF(I8="","QA_INCOMPLETE",IF(I8<70,"QA_FAIL",IF(OR(I8<85,Q8>0),"QA_REVISE","QA_PASS")))) | K8: SERP_ONLY | L8: 6 | M8: 6 | N8: TRUE | O8: 1 | P8: =COUNTIFS('QA_Issues'!$B$2:$B$2,B8,'QA_Issues'!$D$2:$D$2,"CRITICAL") | Q8: =COUNTIFS('QA_Issues'!$B$2:$B$2,B8,'QA_Issues'!$D$2:$D$2,"MAJOR") | R8: =COUNTIFS('QA_Issues'!$B$2:$B$2,B8,'QA_Issues'!$D$2:$D$2,"MINOR") | S8: =COUNTIFS('QA_Issues'!$B$2:$B$2,B8,'QA_Issues'!$D$2:$D$2,"LIMITATION") | T8: [] | U8: ["evidence_batch_004_037", "https://jeminise.com/products/custom-american-football-on-cosmic-background-vintage-comforter-62a3849621-62a3849621", "serp_qa_037_1", "customizer_audit.json"]
A9: 38 | B9: jeminise.com+custom-american-football-on-usa-flag-background-comforter-703a7c0d82-703a7c0d82 | C9: https://jeminise.com/products/custom-american-football-on-usa-flag-background-comforter-703a7c0d82-703a7c0d82 | D9: r5 | E9: =SUMIF('QA_Criteria'!$A$2:$A$111,B9,'QA_Criteria'!$F$2:$F$111) | F9: =SUMIF('QA_Criteria'!$A$2:$A$111,B9,'QA_Criteria'!$G$2:$G$111) | G9: =E9 | H9: =E9+(100-F9) | I9: =IF(AND(F9=100,O9=1,N9=TRUE),E9,"") | J9: =IF(P9>0,"QA_FAIL",IF(I9="","QA_INCOMPLETE",IF(I9<70,"QA_FAIL",IF(OR(I9<85,Q9>0),"QA_REVISE","QA_PASS")))) | K9: SERP_ONLY | L9: 6 | M9: 6 | N9: TRUE | O9: 1 | P9: =COUNTIFS('QA_Issues'!$B$2:$B$2,B9,'QA_Issues'!$D$2:$D$2,"CRITICAL") | Q9: =COUNTIFS('QA_Issues'!$B$2:$B$2,B9,'QA_Issues'!$D$2:$D$2,"MAJOR") | R9: =COUNTIFS('QA_Issues'!$B$2:$B$2,B9,'QA_Issues'!$D$2:$D$2,"MINOR") | S9: =COUNTIFS('QA_Issues'!$B$2:$B$2,B9,'QA_Issues'!$D$2:$D$2,"LIMITATION") | T9: [] | U9: ["evidence_batch_004_038", "https://jeminise.com/products/custom-american-football-on-usa-flag-background-comforter-703a7c0d82-703a7c0d82", "serp_qa_038_1", "customizer_audit.json"]
A10: 39 | B10: jeminise.com+custom-american-football-with-paint-splash-background-vintage-comforter-da0e1d5bf1-da0e1d5bf1 | C10: https://jeminise.com/products/custom-american-football-with-paint-splash-background-vintage-comforter-da0e1d5bf1-da0e1d5bf1 | D10: r5 | E10: =SUMIF('QA_Criteria'!$A$2:$A$111,B10,'QA_Criteria'!$F$2:$F$111) | F10: =SUMIF('QA_Criteria'!$A$2:$A$111,B10,'QA_Criteria'!$G$2:$G$111) | G10: =E10 | H10: =E10+(100-F10) | I10: =IF(AND(F10=100,O10=1,N10=TRUE),E10,"") | J10: =IF(P10>0,"QA_FAIL",IF(I10="","QA_INCOMPLETE",IF(I10<70,"QA_FAIL",IF(OR(I10<85,Q10>0),"QA_REVISE","QA_PASS")))) | K10: SERP_ONLY | L10: 6 | M10: 6 | N10: TRUE | O10: 1 | P10: =COUNTIFS('QA_Issues'!$B$2:$B$2,B10,'QA_Issues'!$D$2:$D$2,"CRITICAL") | Q10: =COUNTIFS('QA_Issues'!$B$2:$B$2,B10,'QA_Issues'!$D$2:$D$2,"MAJOR") | R10: =COUNTIFS('QA_Issues'!$B$2:$B$2,B10,'QA_Issues'!$D$2:$D$2,"MINOR") | S10: =COUNTIFS('QA_Issues'!$B$2:$B$2,B10,'QA_Issues'!$D$2:$D$2,"LIMITATION") | T10: [] | U10: ["evidence_batch_004_039", "https://jeminise.com/products/custom-american-football-with-paint-splash-background-vintage-comforter-da0e1d5bf1-da0e1d5bf1", "serp_qa_039_1", "customizer_audit.json"]
A11: 40 | B11: jeminise.com+custom-american-football-with-patriotic-flag-comforter-4a3a1ed3c9-4a3a1ed3c9 | C11: https://jeminise.com/products/custom-american-football-with-patriotic-flag-comforter-4a3a1ed3c9-4a3a1ed3c9 | D11: r5 | E11: =SUMIF('QA_Criteria'!$A$2:$A$111,B11,'QA_Criteria'!$F$2:$F$111) | F11: =SUMIF('QA_Criteria'!$A$2:$A$111,B11,'QA_Criteria'!$G$2:$G$111) | G11: =E11 | H11: =E11+(100-F11) | I11: =IF(AND(F11=100,O11=1,N11=TRUE),E11,"") | J11: =IF(P11>0,"QA_FAIL",IF(I11="","QA_INCOMPLETE",IF(I11<70,"QA_FAIL",IF(OR(I11<85,Q11>0),"QA_REVISE","QA_PASS")))) | K11: SERP_ONLY | L11: 6 | M11: 6 | N11: TRUE | O11: 1 | P11: =COUNTIFS('QA_Issues'!$B$2:$B$2,B11,'QA_Issues'!$D$2:$D$2,"CRITICAL") | Q11: =COUNTIFS('QA_Issues'!$B$2:$B$2,B11,'QA_Issues'!$D$2:$D$2,"MAJOR") | R11: =COUNTIFS('QA_Issues'!$B$2:$B$2,B11,'QA_Issues'!$D$2:$D$2,"MINOR") | S11: =COUNTIFS('QA_Issues'!$B$2:$B$2,B11,'QA_Issues'!$D$2:$D$2,"LIMITATION") | T11: [] | U11: ["evidence_batch_004_040", "https://jeminise.com/products/custom-american-football-with-patriotic-flag-comforter-4a3a1ed3c9-4a3a1ed3c9", "serp_qa_040_1", "customizer_audit.json"]

Sheet QA_Criteria
A1: product_key | B1: criterion_id | C1: weight | D1: assessment | E1: rating | F1: earned_points | G1: assessed_weight | H1: reason | I1: evidence_refs | J1: issue_refs
A2: jeminise.com+christmas-cardinals-near-snowy-birdhouse-patchwork-floral-quilt-b90d55a935-b90d55a935 | B2: P1 | C2: 15 | D2: FULL | E2: =IF(B2="I1",AVERAGEIF('QA_Images'!$A$2:$A$63,A2,'QA_Images'!$S$2:$S$63)/100,IF(D2="FULL",1,IF(D2="PARTIAL",0.5,IF(D2="FAIL",0,"")))) | F2: =IF(E2="",0,C2*E2) | G2: =IF(B2="I1",20*AVERAGEIF('QA_Images'!$A$2:$A$63,A2,'QA_Images'!$T$2:$T$63)/100,IF(D2="NOT_CHECKED",0,C2)) | H2: Đối chiếu loại sản phẩm, thiết kế (cardinal birdhouse, snowy branches, cow, crocodile, retro/grunge/cosmic/USA/paint/patriotic football) với product JSON, H1 live và toàn bộ gallery ảnh. | I2: ["evidence_batch_004_031", "https://jeminise.com/products/christmas-cardinals-near-snowy-birdhouse-patchwork-floral-quilt-b90d55a935-b90d55a935"] | J2: []
A3: jeminise.com+christmas-cardinals-near-snowy-birdhouse-patchwork-floral-quilt-b90d55a935-b90d55a935 | B3: P2 | C3: 10 | D3: FULL | E3: =IF(B3="I1",AVERAGEIF('QA_Images'!$A$2:$A$63,A3,'QA_Images'!$S$2:$S$63)/100,IF(D3="FULL",1,IF(D3="PARTIAL",0.5,IF(D3="FAIL",0,"")))) | F3: =IF(E3="",0,C3*E3) | G3: =IF(B3="I1",20*AVERAGEIF('QA_Images'!$A$2:$A$63,A3,'QA_Images'!$T$2:$T$63)/100,IF(D3="NOT_CHECKED",0,C3)) | H3: Đối chiếu chất liệu microfiber, kích thước, thành phần quilt/comforter set, biến thể và tùy biến (pos 31-34 không claim tùy biến; pos 35-40 ghi đúng Enter Name required 25 chars và Enter Number optional 5 chars) với customizer và gallery. | I3: ["evidence_batch_004_031", "customizer_audit.json", "https://jeminise.com/products/christmas-cardinals-near-snowy-birdhouse-patchwork-floral-quilt-b90d55a935-b90d55a935"] | J3: []
A4: jeminise.com+christmas-cardinals-near-snowy-birdhouse-patchwork-floral-quilt-b90d55a935-b90d55a935 | B4: K1 | C4: 10 | D4: PARTIAL | E4: =IF(B4="I1",AVERAGEIF('QA_Images'!$A$2:$A$63,A4,'QA_Images'!$S$2:$S$63)/100,IF(D4="FULL",1,IF(D4="PARTIAL",0.5,IF(D4="FAIL",0,"")))) | F4: =IF(E4="",0,C4*E4) | G4: =IF(B4="I1",20*AVERAGEIF('QA_Images'!$A$2:$A$63,A4,'QA_Images'!$T$2:$T$63)/100,IF(D4="NOT_CHECKED",0,C4)) | H4: Đối chiếu long-tail với thiết kế riêng; phân biệt rõ các motif football (retro flag, grunge, cosmic, USA flag, paint splash, patriotic flag) tránh cannibalization. | I4: ["evidence_batch_004_031", "serp_qa_031_1"] | J4: []
A5: jeminise.com+christmas-cardinals-near-snowy-birdhouse-patchwork-floral-quilt-b90d55a935-b90d55a935 | B5: K2 | C5: 5 | D5: PARTIAL | E5: =IF(B5="I1",AVERAGEIF('QA_Images'!$A$2:$A$63,A5,'QA_Images'!$S$2:$S$63)/100,IF(D5="FULL",1,IF(D5="PARTIAL",0.5,IF(D5="FAIL",0,"")))) | F5: =IF(E5="",0,C5*E5) | G5: =IF(B5="I1",20*AVERAGEIF('QA_Images'!$A$2:$A$63,A5,'QA_Images'!$T$2:$T$63)/100,IF(D5="NOT_CHECKED",0,C5)) | H5: Đã đọc lại 2 SERP query cho mỗi sản phẩm tại intent US; ghi URL thực đọc và không suy diễn volume. | I5: ["evidence_batch_004_031", "serp_qa_031_1", "serp_qa_031_2"] | J5: []
A6: jeminise.com+christmas-cardinals-near-snowy-birdhouse-patchwork-floral-quilt-b90d55a935-b90d55a935 | B6: K3 | C6: 5 | D6: PARTIAL | E6: =IF(B6="I1",AVERAGEIF('QA_Images'!$A$2:$A$63,A6,'QA_Images'!$S$2:$S$63)/100,IF(D6="FULL",1,IF(D6="PARTIAL",0.5,IF(D6="FAIL",0,"")))) | F6: =IF(E6="",0,C6*E6) | G6: =IF(B6="I1",20*AVERAGEIF('QA_Images'!$A$2:$A$63,A6,'QA_Images'!$T$2:$T$63)/100,IF(D6="NOT_CHECKED",0,C6)) | H6: Không suy diễn volume; phân biệt rõ SERP_ONLY và HYPOTHESIS_ONLY trung thực. | I6: ["evidence_batch_004_031", "Keyword_Map"] | J6: []
A7: jeminise.com+christmas-cardinals-near-snowy-birdhouse-patchwork-floral-quilt-b90d55a935-b90d55a935 | B7: T1 | C7: 10 | D7: FULL | E7: =IF(B7="I1",AVERAGEIF('QA_Images'!$A$2:$A$63,A7,'QA_Images'!$S$2:$S$63)/100,IF(D7="FULL",1,IF(D7="PARTIAL",0.5,IF(D7="FAIL",0,"")))) | F7: =IF(E7="",0,C7*E7) | G7: =IF(B7="I1",20*AVERAGEIF('QA_Images'!$A$2:$A$63,A7,'QA_Images'!$T$2:$T$63)/100,IF(D7="NOT_CHECKED",0,C7)) | H7: Đánh giá SEO title English về độ đúng, tự nhiên, keyword mục tiêu và điểm phân biệt rõ ràng. | I7: ["evidence_batch_004_031", "https://jeminise.com/products/christmas-cardinals-near-snowy-birdhouse-patchwork-floral-quilt-b90d55a935-b90d55a935"] | J7: []
A8: jeminise.com+christmas-cardinals-near-snowy-birdhouse-patchwork-floral-quilt-b90d55a935-b90d55a935 | B8: T2 | C8: 5 | D8: FULL | E8: =IF(B8="I1",AVERAGEIF('QA_Images'!$A$2:$A$63,A8,'QA_Images'!$S$2:$S$63)/100,IF(D8="FULL",1,IF(D8="PARTIAL",0.5,IF(D8="FAIL",0,"")))) | F8: =IF(E8="",0,C8*E8) | G8: =IF(B8="I1",20*AVERAGEIF('QA_Images'!$A$2:$A$63,A8,'QA_Images'!$T$2:$T$63)/100,IF(D8="NOT_CHECKED",0,C8)) | H8: Đánh giá H1 đề xuất độc lập với SEO title, nhất quán với chủ đề và phân biệt sản phẩm. | I8: ["evidence_batch_004_031", "https://jeminise.com/products/christmas-cardinals-near-snowy-birdhouse-patchwork-floral-quilt-b90d55a935-b90d55a935"] | J8: []
A9: jeminise.com+christmas-cardinals-near-snowy-birdhouse-patchwork-floral-quilt-b90d55a935-b90d55a935 | B9: D1 | C9: 5 | D9: FULL | E9: =IF(B9="I1",AVERAGEIF('QA_Images'!$A$2:$A$63,A9,'QA_Images'!$S$2:$S$63)/100,IF(D9="FULL",1,IF(D9="PARTIAL",0.5,IF(D9="FAIL",0,"")))) | F9: =IF(E9="",0,C9*E9) | G9: =IF(B9="I1",20*AVERAGEIF('QA_Images'!$A$2:$A$63,A9,'QA_Images'!$T$2:$T$63)/100,IF(D9="NOT_CHECKED",0,C9)) | H9: Đánh giá meta description về tính cụ thể, mạch lạc, tóm tắt chính xác tính năng và tùy chọn mua hàng. | I9: ["evidence_batch_004_031", "https://jeminise.com/products/christmas-cardinals-near-snowy-birdhouse-patchwork-floral-quilt-b90d55a935-b90d55a935"] | J9: []
A10: jeminise.com+christmas-cardinals-near-snowy-birdhouse-patchwork-floral-quilt-b90d55a935-b90d55a935 | B10: D2 | C10: 10 | D10: FULL | E10: =IF(B10="I1",AVERAGEIF('QA_Images'!$A$2:$A$63,A10,'QA_Images'!$S$2:$S$63)/100,IF(D10="FULL",1,IF(D10="PARTIAL",0.5,IF(D10="FAIL",0,"")))) | F10: =IF(E10="",0,C10*E10) | G10: =IF(B10="I1",20*AVERAGEIF('QA_Images'!$A$2:$A$63,A10,'QA_Images'!$T$2:$T$63)/100,IF(D10="NOT_CHECKED",0,C10)) | H10: Description r5 hoàn toàn customer-facing, không còn ngôn ngữ nội bộ/quy trình; phản ánh đúng thuộc tính, không chép sai dragonfly/alligator, nêu đúng tùy biến. | I10: ["evidence_batch_004_031", "https://jeminise.com/products/christmas-cardinals-near-snowy-birdhouse-patchwork-floral-quilt-b90d55a935-b90d55a935"] | J10: []
A11: jeminise.com+christmas-cardinals-near-snowy-birdhouse-patchwork-floral-quilt-b90d55a935-b90d55a935 | B11: I1 | C11: 20 | D11: DERIVED | E11: =IF(B11="I1",AVERAGEIF('QA_Images'!$A$2:$A$63,A11,'QA_Images'!$S$2:$S$63)/100,IF(D11="FULL",1,IF(D11="PARTIAL",0.5,IF(D11="FAIL",0,"")))) | F11: =IF(E11="",0,C11*E11) | G11: =IF(B11="I1",20*AVERAGEIF('QA_Images'!$A$2:$A$63,A11,'QA_Images'!$T$2:$T$63)/100,IF(D11="NOT_CHECKED",0,C11)) | H11: Derived from directly checked r5 media records: 100.0/100. | I11: ["evidence_batch_004_031", "QA_Images"] | J11: []
A12: jeminise.com+christmas-cardinals-near-snowy-birdhouse-patchwork-floral-quilt-b90d55a935-b90d55a935 | B12: E1 | C12: 5 | D12: FULL | E12: =IF(B12="I1",AVERAGEIF('QA_Images'!$A$2:$A$63,A12,'QA_Images'!$S$2:$S$63)/100,IF(D12="FULL",1,IF(D12="PARTIAL",0.5,IF(D12="FAIL",0,"")))) | F12: =IF(E12="",0,C12*E12) | G12: =IF(B12="I1",20*AVERAGEIF('QA_Images'!$A$2:$A$63,A12,'QA_Images'!$T$2:$T$63)/100,IF(D12="NOT_CHECKED",0,C12)) | H12: Kiểm tra liên kết product key/handle/evidence/revision giữa workbook, snapshot và nguồn live. | I12: ["evidence_batch_004_031", "https://jeminise.com/products/christmas-cardinals-near-snowy-birdhouse-patchwork-floral-quilt-b90d55a935-b90d55a935", "Keyword_Map", "Product_Evidence"] | J12: []
A13: jeminise.com+christmas-cardinals-on-snowy-branches-patchwork-winter-quilt-8fa1a9e2ed-8fa1a9e2ed | B13: P1 | C13: 15 | D13: FULL | E13: =IF(B13="I1",AVERAGEIF('QA_Images'!$A$2:$A$63,A13,'QA_Images'!$S$2:$S$63)/100,IF(D13="FULL",1,IF(D13="PARTIAL",0.5,IF(D13="FAIL",0,"")))) | F13: =IF(E13="",0,C13*E13) | G13: =IF(B13="I1",20*AVERAGEIF('QA_Images'!$A$2:$A$63,A13,'QA_Images'!$T$2:$T$63)/100,IF(D13="NOT_CHECKED",0,C13)) | H13: Đối chiếu loại sản phẩm, thiết kế (cardinal birdhouse, snowy branches, cow, crocodile, retro/grunge/cosmic/USA/paint/patriotic football) với product JSON, H1 live và toàn bộ gallery ảnh. | I13: ["evidence_batch_004_032", "https://jeminise.com/products/christmas-cardinals-on-snowy-branches-patchwork-winter-quilt-8fa1a9e2ed-8fa1a9e2ed"] | J13: []
... A111: jeminise.com+custom-american-football-with-patriotic-flag-comforter-4a3a1ed3c9-4a3a1ed3c9 | B111: E1 | C111: 5 | D111: FULL | E111: =IF(B111="I1",AVERAGEIF('QA_Images'!$A$2:$A$63,A111,'QA_Images'!$S$2:$S$63)/100,IF(D111="FULL",1,IF(D111="PARTIAL",0.5,IF(D111="FAIL",0,"")))) | F111: =IF(E111="",0,C111*E111) | G111: =IF(B111="I1",20*AVERAGEIF('QA_Images'!$A$2:$A$63,A111,'QA_Images'!$T$2:$T$63)/100,IF(D111="NOT_CHECKED",0,C111)) | H111: Kiểm tra liên kết product key/handle/evidence/revision giữa workbook, snapshot và nguồn live. | I111: ["evidence_batch_004_040", "https://jeminise.com/products/custom-american-football-with-patriotic-flag-comforter-4a3a1ed3c9-4a3a1ed3c9", "Keyword_Map", "Product_Evidence"] | J111: []

Sheet QA_Images
A1: product_key | B1: qa_image_key | C1: image_url_source | D1: image_url_workbook | E1: media_id | F1: workbook_image_id | G1: variant | H1: image_location | I1: check_method | J1: checked_at | K1: qa_observation | L1: submitted_observation | M1: alt_action | N1: alt_effective | O1: IM1 | P1: IM2 | Q1: IM3 | R1: IM4 | S1: image_verified_points | T1: image_assessed_weight | U1: image_final_score | V1: image_score_lower_bound | W1: image_score_upper_bound | X1: issue_refs | Y1: evidence_refs
A2: jeminise.com+christmas-cardinals-near-snowy-birdhouse-patchwork-floral-quilt-b90d55a935-b90d55a935 | B2: qaimg_f4dbca08152a7478 | C2: https://cdn.shopify.com/s/files/1/0792/5098/1063/files/cefa39b8e586dae0db27829a045f8d696721e4c0e044144b214323829fbee46b.jpg?v=1785099259 | D2: https://cdn.shopify.com/s/files/1/0792/5098/1063/files/cefa39b8e586dae0db27829a045f8d696721e4c0e044144b214323829fbee46b.jpg?v=1785099259 | E2: 47540019036359 | F2: 47540019036359 | H2: GALLERY | I2: DIRECT_IMAGE_VERIFICATION + R5_AUDIT | J2: 2026-09-09T04:29:28.436834+07:00 | K2: Christmas cardinal birdhouse quilt bed mockup with red cardinals, snowy birdhouse, white flowers and red floral border. | L2: Christmas cardinal birdhouse quilt bed mockup with red cardinals, snowy birdhouse, white flowers and red floral border. | M2: SET | N2: Christmas cardinal birdhouse quilt set on bed | O2: FULL | P2: FULL | Q2: FULL | R2: FULL | S2: =IF(O2="FULL",40,IF(O2="PARTIAL",40/2,0))+IF(P2="FULL",30,IF(P2="PARTIAL",30/2,0))+IF(Q2="FULL",20,IF(Q2="PARTIAL",20/2,0))+IF(R2="FULL",10,IF(R2="PARTIAL",10/2,0)) | T2: =IF(O2="NOT_CHECKED",0,40)+IF(P2="NOT_CHECKED",0,30)+IF(Q2="NOT_CHECKED",0,20)+IF(R2="NOT_CHECKED",0,10) | U2: =IF(T2=100,S2,"") | V2: =S2 | W2: =S2+(100-T2) | X2: [] | Y2: ["seo_runs/jeminise.com/20260906_234129/qa/20260909_043000/images/031_01.jpg", "https://jeminise.com/products/christmas-cardinals-near-snowy-birdhouse-patchwork-floral-quilt-b90d55a935-b90d55a935", "https://cdn.shopify.com/s/files/1/0792/5098/1063/files/cefa39b8e586dae0db27829a045f8d696721e4c0e044144b214323829fbee46b.jpg?v=1785099259"]
A3: jeminise.com+christmas-cardinals-near-snowy-birdhouse-patchwork-floral-quilt-b90d55a935-b90d55a935 | B3: qaimg_3d3263312998689b | C3: https://cdn.shopify.com/s/files/1/0792/5098/1063/files/817cf504495341989c34e5153f75779357b3dd16c9af88d5e8f16bf5cdd1d8a4.jpg?v=1785099259 | D3: https://cdn.shopify.com/s/files/1/0792/5098/1063/files/817cf504495341989c34e5153f75779357b3dd16c9af88d5e8f16bf5cdd1d8a4.jpg?v=1785099259 | E3: 47540019069127 | F3: 47540019069127 | H3: GALLERY | I3: DIRECT_IMAGE_VERIFICATION + R5_AUDIT | J3: 2026-09-09T04:29:28.436834+07:00 | K3: Bedroom mockup with cardinal birdhouse quilt and premium printed craft callout. | L3: Bedroom mockup with cardinal birdhouse quilt and premium printed craft callout. | M3: SET | N3: Cardinal birdhouse quilt premium craft mockup | O3: FULL | P3: FULL | Q3: FULL | R3: FULL | S3: =IF(O3="FULL",40,IF(O3="PARTIAL",40/2,0))+IF(P3="FULL",30,IF(P3="PARTIAL",30/2,0))+IF(Q3="FULL",20,IF(Q3="PARTIAL",20/2,0))+IF(R3="FULL",10,IF(R3="PARTIAL",10/2,0)) | T3: =IF(O3="NOT_CHECKED",0,40)+IF(P3="NOT_CHECKED",0,30)+IF(Q3="NOT_CHECKED",0,20)+IF(R3="NOT_CHECKED",0,10) | U3: =IF(T3=100,S3,"") | V3: =S3 | W3: =S3+(100-T3) | X3: [] | Y3: ["seo_runs/jeminise.com/20260906_234129/qa/20260909_043000/images/031_02.jpg", "https://jeminise.com/products/christmas-cardinals-near-snowy-birdhouse-patchwork-floral-quilt-b90d55a935-b90d55a935", "https://cdn.shopify.com/s/files/1/0792/5098/1063/files/817cf504495341989c34e5153f75779357b3dd16c9af88d5e8f16bf5cdd1d8a4.jpg?v=1785099259"]
A4: jeminise.com+christmas-cardinals-near-snowy-birdhouse-patchwork-floral-quilt-b90d55a935-b90d55a935 | B4: qaimg_c0b900a11e3c761f | C4: https://cdn.shopify.com/s/files/1/0792/5098/1063/files/192d8a6eed2602b9a36fbbd7936b0d70ef3680e4dd38270f22af78ba5c23bb4a.jpg?v=1785099259 | D4: https://cdn.shopify.com/s/files/1/0792/5098/1063/files/192d8a6eed2602b9a36fbbd7936b0d70ef3680e4dd38270f22af78ba5c23bb4a.jpg?v=1785099259 | E4: 47540019101895 | F4: 47540019101895 | H4: GALLERY | I4: DIRECT_IMAGE_VERIFICATION + R5_AUDIT | J4: 2026-09-09T04:29:28.436834+07:00 | K4: Optional pillow shams panel showing matching cardinal birdhouse pillow artwork and feature icons. | L4: Optional pillow shams panel showing matching cardinal birdhouse pillow artwork and feature icons. | M4: SET | N4: Cardinal birdhouse quilt optional pillow shams | O4: FULL | P4: FULL | Q4: FULL | R4: FULL | S4: =IF(O4="FULL",40,IF(O4="PARTIAL",40/2,0))+IF(P4="FULL",30,IF(P4="PARTIAL",30/2,0))+IF(Q4="FULL",20,IF(Q4="PARTIAL",20/2,0))+IF(R4="FULL",10,IF(R4="PARTIAL",10/2,0)) | T4: =IF(O4="NOT_CHECKED",0,40)+IF(P4="NOT_CHECKED",0,30)+IF(Q4="NOT_CHECKED",0,20)+IF(R4="NOT_CHECKED",0,10) | U4: =IF(T4=100,S4,"") | V4: =S4 | W4: =S4+(100-T4) | X4: [] | Y4: ["seo_runs/jeminise.com/20260906_234129/qa/20260909_043000/images/031_03.jpg", "https://jeminise.com/products/christmas-cardinals-near-snowy-birdhouse-patchwork-floral-quilt-b90d55a935-b90d55a935", "https://cdn.shopify.com/s/files/1/0792/5098/1063/files/192d8a6eed2602b9a36fbbd7936b0d70ef3680e4dd38270f22af78ba5c23bb4a.jpg?v=1785099259"]
A5: jeminise.com+christmas-cardinals-near-snowy-birdhouse-patchwork-floral-quilt-b90d55a935-b90d55a935 | B5: qaimg_cbb1704cddee2f79 | C5: https://cdn.shopify.com/s/files/1/0792/5098/1063/files/a5f492aee10aae43511cc5e9a46710cc38afe374b23731941e7748005cf44564.jpg?v=1785099259 | D5: https://cdn.shopify.com/s/files/1/0792/5098/1063/files/a5f492aee10aae43511cc5e9a46710cc38afe374b23731941e7748005cf44564.jpg?v=1785099259 | E5: 47540019134663 | F5: 47540019134663 | H5: GALLERY | I5: DIRECT_IMAGE_VERIFICATION + R5_AUDIT | J5: 2026-09-09T04:29:28.436834+07:00 | K5: Fabric panel showing cardinal birdhouse quilt layers and soft breathable skin-friendly fabric callout. | L5: Fabric panel showing cardinal birdhouse quilt layers and soft breathable skin-friendly fabric callout. | M5: SET | N5: Cardinal birdhouse quilt fabric feature panel | O5: FULL | P5: FULL | Q5: FULL | R5: FULL | S5: =IF(O5="FULL",40,IF(O5="PARTIAL",40/2,0))+IF(P5="FULL",30,IF(P5="PARTIAL",30/2,0))+IF(Q5="FULL",20,IF(Q5="PARTIAL",20/2,0))+IF(R5="FULL",10,IF(R5="PARTIAL",10/2,0)) | T5: =IF(O5="NOT_CHECKED",0,40)+IF(P5="NOT_CHECKED",0,30)+IF(Q5="NOT_CHECKED",0,20)+IF(R5="NOT_CHECKED",0,10) | U5: =IF(T5=100,S5,"") | V5: =S5 | W5: =S5+(100-T5) | X5: [] | Y5: ["seo_runs/jeminise.com/20260906_234129/qa/20260909_043000/images/031_04.jpg", "https://jeminise.com/products/christmas-cardinals-near-snowy-birdhouse-patchwork-floral-quilt-b90d55a935-b90d55a935", "https://cdn.shopify.com/s/files/1/0792/5098/1063/files/a5f492aee10aae43511cc5e9a46710cc38afe374b23731941e7748005cf44564.jpg?v=1785099259"]
A6: jeminise.com+christmas-cardinals-near-snowy-birdhouse-patchwork-floral-quilt-b90d55a935-b90d55a935 | B6: qaimg_fda5c81e3b5ba7de | C6: https://cdn.shopify.com/s/files/1/0792/5098/1063/files/578ac27946027e8e5ec1b6c4efdccc50d46e3d6182eed1ca0e62799fb3b416fd.jpg?v=1785099259 | D6: https://cdn.shopify.com/s/files/1/0792/5098/1063/files/578ac27946027e8e5ec1b6c4efdccc50d46e3d6182eed1ca0e62799fb3b416fd.jpg?v=1785099259 | E6: 47540019167431 | F6: 47540019167431 | H6: GALLERY | I6: DIRECT_IMAGE_VERIFICATION + R5_AUDIT | J6: 2026-09-09T04:29:28.436834+07:00 | K6: Premium quilt set size chart with cardinal birdhouse artwork and quilt dimensions. | L6: Premium quilt set size chart with cardinal birdhouse artwork and quilt dimensions. | M6: SET | N6: Cardinal birdhouse quilt size chart | O6: FULL | P6: FULL | Q6: FULL | R6: FULL | S6: =IF(O6="FULL",40,IF(O6="PARTIAL",40/2,0))+IF(P6="FULL",30,IF(P6="PARTIAL",30/2,0))+IF(Q6="FULL",20,IF(Q6="PARTIAL",20/2,0))+IF(R6="FULL",10,IF(R6="PARTIAL",10/2,0)) | T6: =IF(O6="NOT_CHECKED",0,40)+IF(P6="NOT_CHECKED",0,30)+IF(Q6="NOT_CHECKED",0,20)+IF(R6="NOT_CHECKED",0,10) | U6: =IF(T6=100,S6,"") | V6: =S6 | W6: =S6+(100-T6) | X6: [] | Y6: ["seo_runs/jeminise.com/20260906_234129/qa/20260909_043000/images/031_05.jpg", "https://jeminise.com/products/christmas-cardinals-near-snowy-birdhouse-patchwork-floral-quilt-b90d55a935-b90d55a935", "https://cdn.shopify.com/s/files/1/0792/5098/1063/files/578ac27946027e8e5ec1b6c4efdccc50d46e3d6182eed1ca0e62799fb3b416fd.jpg?v=1785099259"]
A7: jeminise.com+christmas-cardinals-near-snowy-birdhouse-patchwork-floral-quilt-b90d55a935-b90d55a935 | B7: qaimg_4a4a3594acd52c20 | C7: https://cdn.shopify.com/s/files/1/0792/5098/1063/files/17b3827a8c3b4dbbd608b08c3534148427ac4397354f3f0fe053ed23086269e8.jpg?v=1785099259 | D7: https://cdn.shopify.com/s/files/1/0792/5098/1063/files/17b3827a8c3b4dbbd608b08c3534148427ac4397354f3f0fe053ed23086269e8.jpg?v=1785099259 | E7: 47540019200199 | F7: 47540019200199 | H7: GALLERY | I7: DIRECT_IMAGE_VERIFICATION + R5_AUDIT | J7: 2026-09-09T04:29:28.436834+07:00 | K7: Bedspread features panel showing microfiber layers and anti-wrinkle, anti-static, fade resistant, shrink resistant and machine washable icons. | L7: Bedspread features panel showing microfiber layers and anti-wrinkle, anti-static, fade resistant, shrink resistant and machine washable icons. | M7: SET | N7: Cardinal birdhouse quilt bedspread features | O7: FULL | P7: FULL | Q7: FULL | R7: FULL | S7: =IF(O7="FULL",40,IF(O7="PARTIAL",40/2,0))+IF(P7="FULL",30,IF(P7="PARTIAL",30/2,0))+IF(Q7="FULL",20,IF(Q7="PARTIAL",20/2,0))+IF(R7="FULL",10,IF(R7="PARTIAL",10/2,0)) | T7: =IF(O7="NOT_CHECKED",0,40)+IF(P7="NOT_CHECKED",0,30)+IF(Q7="NOT_CHECKED",0,20)+IF(R7="NOT_CHECKED",0,10) | U7: =IF(T7=100,S7,"") | V7: =S7 | W7: =S7+(100-T7) | X7: [] | Y7: ["seo_runs/jeminise.com/20260906_234129/qa/20260909_043000/images/031_06.jpg", "https://jeminise.com/products/christmas-cardinals-near-snowy-birdhouse-patchwork-floral-quilt-b90d55a935-b90d55a935", "https://cdn.shopify.com/s/files/1/0792/5098/1063/files/17b3827a8c3b4dbbd608b08c3534148427ac4397354f3f0fe053ed23086269e8.jpg?v=1785099259"]
A8: jeminise.com+christmas-cardinals-near-snowy-birdhouse-patchwork-floral-quilt-b90d55a935-b90d55a935 | B8: qaimg_b913d31cc8bddb72 | C8: https://cdn.shopify.com/s/files/1/0792/5098/1063/files/24dc7edea95f70726f65b933a6f8c4826cdc3c896050c2c5109926d64325dd21.jpg?v=1785099258 | D8: https://cdn.shopify.com/s/files/1/0792/5098/1063/files/24dc7edea95f70726f65b933a6f8c4826cdc3c896050c2c5109926d64325dd21.jpg?v=1785099258 | E8: 47540019232967 | F8: 47540019232967 | H8: GALLERY | I8: DIRECT_IMAGE_VERIFICATION + R5_AUDIT | J8: 2026-09-09T04:29:28.436834+07:00 | K8: Overhead bedroom mockup showing cardinal birdhouse quilt with matching pillows. | L8: Overhead bedroom mockup showing cardinal birdhouse quilt with matching pillows. | M8: SET | N8: Cardinal birdhouse quilt overhead bedroom view | O8: FULL | P8: FULL | Q8: FULL | R8: FULL | S8: =IF(O8="FULL",40,IF(O8="PARTIAL",40/2,0))+IF(P8="FULL",30,IF(P8="PARTIAL",30/2,0))+IF(Q8="FULL",20,IF(Q8="PARTIAL",20/2,0))+IF(R8="FULL",10,IF(R8="PARTIAL",10/2,0)) | T8: =IF(O8="NOT_CHECKED",0,40)+IF(P8="NOT_CHECKED",0,30)+IF(Q8="NOT_CHECKED",0,20)+IF(R8="NOT_CHECKED",0,10) | U8: =IF(T8=100,S8,"") | V8: =S8 | W8: =S8+(100-T8) | X8: [] | Y8: ["seo_runs/jeminise.com/20260906_234129/qa/20260909_043000/images/031_07.jpg", "https://jeminise.com/products/christmas-cardinals-near-snowy-birdhouse-patchwork-floral-quilt-b90d55a935-b90d55a935", "https://cdn.shopify.com/s/files/1/0792/5098/1063/files/24dc7edea95f70726f65b933a6f8c4826cdc3c896050c2c5109926d64325dd21.jpg?v=1785099258"]
A9: jeminise.com+christmas-cardinals-on-snowy-branches-patchwork-winter-quilt-8fa1a9e2ed-8fa1a9e2ed | B9: qaimg_51bd410641e698c4 | C9: https://cdn.shopify.com/s/files/1/0792/5098/1063/files/dac06806abe736aaddf0257ef47ee3581ffb682f1ee70078a493eb9381b34f9f.jpg?v=1785098963 | D9: https://cdn.shopify.com/s/files/1/0792/5098/1063/files/dac06806abe736aaddf0257ef47ee3581ffb682f1ee70078a493eb9381b34f9f.jpg?v=1785098963 | E9: 47539987841223 | F9: 47539987841223 | H9: GALLERY | I9: DIRECT_IMAGE_VERIFICATION + R5_AUDIT | J9: 2026-09-09T04:29:28.436834+07:00 | K9: Christmas cardinals snowy branches quilt bed mockup with red cardinals, berries, poinsettias and matching shams. | L9: Christmas cardinals snowy branches quilt bed mockup with red cardinals, berries, poinsettias and matching shams. | M9: SET | N9: Christmas cardinals snowy branches quilt set | O9: FULL | P9: FULL | Q9: FULL | R9: FULL | S9: =IF(O9="FULL",40,IF(O9="PARTIAL",40/2,0))+IF(P9="FULL",30,IF(P9="PARTIAL",30/2,0))+IF(Q9="FULL",20,IF(Q9="PARTIAL",20/2,0))+IF(R9="FULL",10,IF(R9="PARTIAL",10/2,0)) | T9: =IF(O9="NOT_CHECKED",0,40)+IF(P9="NOT_CHECKED",0,30)+IF(Q9="NOT_CHECKED",0,20)+IF(R9="NOT_CHECKED",0,10) | U9: =IF(T9=100,S9,"") | V9: =S9 | W9: =S9+(100-T9) | X9: [] | Y9: ["seo_runs/jeminise.com/20260906_234129/qa/20260909_043000/images/032_01.jpg", "https://jeminise.com/products/christmas-cardinals-on-snowy-branches-patchwork-winter-quilt-8fa1a9e2ed-8fa1a9e2ed", "https://cdn.shopify.com/s/files/1/0792/5098/1063/files/dac06806abe736aaddf0257ef47ee3581ffb682f1ee70078a493eb9381b34f9f.jpg?v=1785098963"]
A10: jeminise.com+christmas-cardinals-on-snowy-branches-patchwork-winter-quilt-8fa1a9e2ed-8fa1a9e2ed | B10: qaimg_48f97a3347959ba9 | C10: https://cdn.shopify.com/s/files/1/0792/5098/1063/files/ab7e4f9484e52e83891e552e58d6a27e151a62e654a01667625d8c86bd6a3295.jpg?v=1785098963 | D10: https://cdn.shopify.com/s/files/1/0792/5098/1063/files/ab7e4f9484e52e83891e552e58d6a27e151a62e654a01667625d8c86bd6a3295.jpg?v=1785098963 | E10: 47539987873991 | F10: 47539987873991 | H10: GALLERY | I10: DIRECT_IMAGE_VERIFICATION + R5_AUDIT | J10: 2026-09-09T04:29:28.436834+07:00 | K10: Close-up of a red cardinal head with snowy branch background and visible quilt stitching. | L10: Close-up of a red cardinal head with snowy branch background and visible quilt stitching. | M10: SET | N10: Cardinal snowy branches quilt close-up | O10: FULL | P10: FULL | Q10: FULL | R10: FULL | S10: =IF(O10="FULL",40,IF(O10="PARTIAL",40/2,0))+IF(P10="FULL",30,IF(P10="PARTIAL",30/2,0))+IF(Q10="FULL",20,IF(Q10="PARTIAL",20/2,0))+IF(R10="FULL",10,IF(R10="PARTIAL",10/2,0)) | T10: =IF(O10="NOT_CHECKED",0,40)+IF(P10="NOT_CHECKED",0,30)+IF(Q10="NOT_CHECKED",0,20)+IF(R10="NOT_CHECKED",0,10) | U10: =IF(T10=100,S10,"") | V10: =S10 | W10: =S10+(100-T10) | X10: [] | Y10: ["seo_runs/jeminise.com/20260906_234129/qa/20260909_043000/images/032_02.jpg", "https://jeminise.com/products/christmas-cardinals-on-snowy-branches-patchwork-winter-quilt-8fa1a9e2ed-8fa1a9e2ed", "https://cdn.shopify.com/s/files/1/0792/5098/1063/files/ab7e4f9484e52e83891e552e58d6a27e151a62e654a01667625d8c86bd6a3295.jpg?v=1785098963"]
A11: jeminise.com+christmas-cardinals-on-snowy-branches-patchwork-winter-quilt-8fa1a9e2ed-8fa1a9e2ed | B11: qaimg_54027ac92d68353f | C11: https://cdn.shopify.com/s/files/1/0792/5098/1063/files/af11f2e375dabf355f9318fb1eea3b312db7cd0ed95fb4b96e7b537d184a9d42.jpg?v=1785098963 | D11: https://cdn.shopify.com/s/files/1/0792/5098/1063/files/af11f2e375dabf355f9318fb1eea3b312db7cd0ed95fb4b96e7b537d184a9d42.jpg?v=1785098963 | E11: 47539987906759 | F11: 47539987906759 | H11: GALLERY | I11: DIRECT_IMAGE_VERIFICATION + R5_AUDIT | J11: 2026-09-09T04:29:28.436834+07:00 | K11: Matching pillow sham with two red cardinals, snowy branches, berries and poinsettias. | L11: Matching pillow sham with two red cardinals, snowy branches, berries and poinsettias. | M11: SET | N11: Cardinals snowy branches pillow sham | O11: FULL | P11: FULL | Q11: FULL | R11: FULL | S11: =IF(O11="FULL",40,IF(O11="PARTIAL",40/2,0))+IF(P11="FULL",30,IF(P11="PARTIAL",30/2,0))+IF(Q11="FULL",20,IF(Q11="PARTIAL",20/2,0))+IF(R11="FULL",10,IF(R11="PARTIAL",10/2,0)) | T11: =IF(O11="NOT_CHECKED",0,40)+IF(P11="NOT_CHECKED",0,30)+IF(Q11="NOT_CHECKED",0,20)+IF(R11="NOT_CHECKED",0,10) | U11: =IF(T11=100,S11,"") | V11: =S11 | W11: =S11+(100-T11) | X11: [] | Y11: ["seo_runs/jeminise.com/20260906_234129/qa/20260909_043000/images/032_03.jpg", "https://jeminise.com/products/christmas-cardinals-on-snowy-branches-patchwork-winter-quilt-8fa1a9e2ed-8fa1a9e2ed", "https://cdn.shopify.com/s/files/1/0792/5098/1063/files/af11f2e375dabf355f9318fb1eea3b312db7cd0ed95fb4b96e7b537d184a9d42.jpg?v=1785098963"]
A12: jeminise.com+christmas-cardinals-on-snowy-branches-patchwork-winter-quilt-8fa1a9e2ed-8fa1a9e2ed | B12: qaimg_819766fd43b5aa2c | C12: https://cdn.shopify.com/s/files/1/0792/5098/1063/files/f940efaf872da7294b0ec99795596430c32c922db66b35243684820e65417fb3.jpg?v=1785098963 | D12: https://cdn.shopify.com/s/files/1/0792/5098/1063/files/f940efaf872da7294b0ec99795596430c32c922db66b35243684820e65417fb3.jpg?v=1785098963 | E12: 47539987939527 | F12: 47539987939527 | H12: GALLERY | I12: DIRECT_IMAGE_VERIFICATION + R5_AUDIT | J12: 2026-09-09T04:29:28.436834+07:00 | K12: Bedroom mockup showing cardinals snowy branches quilt with coordinated pillow shams. | L12: Bedroom mockup showing cardinals snowy branches quilt with coordinated pillow shams. | M12: SET | N12: Cardinals snowy branches quilt bedroom mockup | O12: FULL | P12: FULL | Q12: FULL | R12: FULL | S12: =IF(O12="FULL",40,IF(O12="PARTIAL",40/2,0))+IF(P12="FULL",30,IF(P12="PARTIAL",30/2,0))+IF(Q12="FULL",20,IF(Q12="PARTIAL",20/2,0))+IF(R12="FULL",10,IF(R12="PARTIAL",10/2,0)) | T12: =IF(O12="NOT_CHECKED",0,40)+IF(P12="NOT_CHECKED",0,30)+IF(Q12="NOT_CHECKED",0,20)+IF(R12="NOT_CHECKED",0,10) | U12: =IF(T12=100,S12,"") | V12: =S12 | W12: =S12+(100-T12) | X12: [] | Y12: ["seo_runs/jeminise.com/20260906_234129/qa/20260909_043000/images/032_04.jpg", "https://jeminise.com/products/christmas-cardinals-on-snowy-branches-patchwork-winter-quilt-8fa1a9e2ed-8fa1a9e2ed", "https://cdn.shopify.com/s/files/1/0792/5098/1063/files/f940efaf872da7294b0ec99795596430c32c922db66b35243684820e65417fb3.jpg?v=1785098963"]
A13: jeminise.com+christmas-cardinals-on-snowy-branches-patchwork-winter-quilt-8fa1a9e2ed-8fa1a9e2ed | B13: qaimg_862b54dc20308856 | C13: https://cdn.shopify.com/s/files/1/0792/5098/1063/files/e0cc67382e14f285ae5b93b57a9e0bfb1a6da6368549d710aed5a534af0f3e89.jpg?v=1785098963 | D13: https://cdn.shopify.com/s/files/1/0792/5098/1063/files/e0cc67382e14f285ae5b93b57a9e0bfb1a6da6368549d710aed5a534af0f3e89.jpg?v=1785098963 | E13: 47539987972295 | F13: 47539987972295 | H13: GALLERY | I13: DIRECT_IMAGE_VERIFICATION + R5_AUDIT | J13: 2026-09-09T04:29:28.436834+07:00 | K13: Size and component panel showing one premium quilt and two optional standard shams. | L13: Size and component panel showing one premium quilt and two optional standard shams. | M13: SET | N13: Cardinals snowy branches quilt size options | O13: FULL | P13: FULL | Q13: FULL | R13: FULL | S13: =IF(O13="FULL",40,IF(O13="PARTIAL",40/2,0))+IF(P13="FULL",30,IF(P13="PARTIAL",30/2,0))+IF(Q13="FULL",20,IF(Q13="PARTIAL",20/2,0))+IF(R13="FULL",10,IF(R13="PARTIAL",10/2,0)) | T13: =IF(O13="NOT_CHECKED",0,40)+IF(P13="NOT_CHECKED",0,30)+IF(Q13="NOT_CHECKED",0,20)+IF(R13="NOT_CHECKED",0,10) | U13: =IF(T13=100,S13,"") | V13: =S13 | W13: =S13+(100-T13) | X13: [] | Y13: ["seo_runs/jeminise.com/20260906_234129/qa/20260909_043000/images/032_05.jpg", "https://jeminise.com/products/christmas-cardinals-on-snowy-branches-patchwork-winter-quilt-8fa1a9e2ed-8fa1a9e2ed", "https://cdn.shopify.com/s/files/1/0792/5098/1063/files/e0cc67382e14f285ae5b93b57a9e0bfb1a6da6368549d710aed5a534af0f3e89.jpg?v=1785098963"]
... A63: jeminise.com+custom-american-football-with-patriotic-flag-comforter-4a3a1ed3c9-4a3a1ed3c9 | B63: qaimg_2ffaaa178e316a11 | C63: https://cdn.shopify.com/s/files/1/0792/5098/1063/files/e5cad84edb4d7bf77c48fd7c8e52eb3b73f04eba8bf177671fd8a059c59422e8_e9a8f6c7-84a8-4f8e-a21c-61b347436f7e.jpg?v=1785101840 | D63: https://cdn.shopify.com/s/files/1/0792/5098/1063/files/e5cad84edb4d7bf77c48fd7c8e52eb3b73f04eba8bf177671fd8a059c59422e8_e9a8f6c7-84a8-4f8e-a21c-61b347436f7e.jpg?v=1785101840 | E63: 47540300710087 | F63: 47540300710087 | H63: GALLERY | I63: DIRECT_IMAGE_VERIFICATION + R5_AUDIT | J63: 2026-09-09T04:29:28.436834+07:00 | K63: Size dimension panel showing Twin, Full, Queen and King bedding dimensions. | L63: Size dimension panel showing Twin, Full, Queen and King bedding dimensions. | M63: SET | N63: Patriotic football comforter size chart | O63: FULL | P63: FULL | Q63: FULL | R63: FULL | S63: =IF(O63="FULL",40,IF(O63="PARTIAL",40/2,0))+IF(P63="FULL",30,IF(P63="PARTIAL",30/2,0))+IF(Q63="FULL",20,IF(Q63="PARTIAL",20/2,0))+IF(R63="FULL",10,IF(R63="PARTIAL",10/2,0)) | T63: =IF(O63="NOT_CHECKED",0,40)+IF(P63="NOT_CHECKED",0,30)+IF(Q63="NOT_CHECKED",0,20)+IF(R63="NOT_CHECKED",0,10) | U63: =IF(T63=100,S63,"") | V63: =S63 | W63: =S63+(100-T63) | X63: [] | Y63: ["seo_runs/jeminise.com/20260906_234129/qa/20260909_043000/images/040_06.jpg", "https://jeminise.com/products/custom-american-football-with-patriotic-flag-comforter-4a3a1ed3c9-4a3a1ed3c9", "https://cdn.shopify.com/s/files/1/0792/5098/1063/files/e5cad84edb4d7bf77c48fd7c8e52eb3b73f04eba8bf177671fd8a059c59422e8_e9a8f6c7-84a8-4f8e-a21c-61b347436f7e.jpg?v=1785101840"]

Sheet QA_Issues
A1: issue_id | B1: product_key | C1: qa_image_key | D1: severity | E1: field | F1: submitted_value | G1: source_observation | H1: reason | I1: recommended_fix | J1: supporting_evidence | K1: recheck_condition
A2: R5-LIM-SNAPSHOT | D2: LIMITATION | E2: historical HTML snapshot | F2: Phase QA snapshot was not independently re-rendered in r5. | G2: Frozen product, media and admin-export records were available and fully validated. | H2: Historical rendered HTML comparison remains limited; this does not indicate a defect in r5. | I2: Capture an immutable rendered HTML snapshot on the next source collection. | J2: D:\Shopify_Workspace\jeminise_seo\seo_runs\jeminise.com\20260906_234129\qa\20260909_043000\source_snapshot\SEO_Product_Optimization_qa_batch_004_r5.xlsx | K2: Compare two readable rendered HTML snapshots.
