Workbook

Sheet QA_Summary
A1: batch_name | B1: run_id | C1: total_products | D1: assessed_products | E1: total_images | F1: assessed_images | G1: assessed_weight | H1: average_score | I1: qa_pass_count | J1: qa_revise_count | K1: qa_fail_count | L1: qa_incomplete_count | M1: overall_status | N1: audit_date | O1: auditor
A2: qa_batch_017_r3 | B2: 20260908_103500 | C2: =COUNTA(QA_Products!A2:A11) | D2: =COUNTIF(QA_Products!H2:H11,TRUE) | E2: =COUNTA(QA_Images!A2:A63) | F2: =COUNTIF(QA_Images!O2:O63,"<>") | G2: 100 | H2: =ROUND(AVERAGE(QA_Products!T2:T11),2) | I2: =COUNTIF(QA_Products!Y2:Y11,"QA_PASS") | J2: =COUNTIF(QA_Products!Y2:Y11,"QA_REVISE") | K2: =COUNTIF(QA_Products!Y2:Y11,"QA_FAIL") | L2: =COUNTIF(QA_Products!Y2:Y11,"QA_INCOMPLETE") | M2: =IF(K2>0,"QA_FAIL",IF(J2>0,"QA_REVISE","QA_PASS")) | N2: 2026-09-08 | O2: Antigravity Independent QA

Sheet QA_Products
A1: product_key | B1: Handle | C1: inventory_position | D1: product_title_current | E1: product_title_proposed | F1: primary_keyword | G1: secondary_keywords | H1: page_read | I1: P1_score | J1: P2_score | K1: K1_score | L1: K2_score | M1: K3_score | N1: T1_score | O1: T2_score | P1: D1_score | Q1: D2_score | R1: I1_score | S1: E1_score | T1: total_score | U1: critical_issues_count | V1: major_issues_count | W1: minor_issues_count | X1: limitation_count | Y1: qa_status | Z1: notes
A2: jeminise.com+norse-mythology-raven-within-celtic-knot-frame-quilt-906ee24d68-906ee24d68 | B2: norse-mythology-raven-within-celtic-knot-frame-quilt-906ee24d68-906ee24d68 | C2: 161 | D2: Norse Mythology Raven Within Celtic Knot Frame Quilt | E2: Blue Raven Celtic Knot Quilt | F2: blue raven Celtic knot quilt | G2: Norse raven Celtic quilt, Viking raven quilt set, Celtic knot raven bedding | H2: TRUE | I2: =SUMIFS(QA_Criteria!F:F,QA_Criteria!B:B,A2,QA_Criteria!C:C,"P1") | J2: =SUMIFS(QA_Criteria!F:F,QA_Criteria!B:B,A2,QA_Criteria!C:C,"P2") | K2: =SUMIFS(QA_Criteria!F:F,QA_Criteria!B:B,A2,QA_Criteria!C:C,"K1") | L2: =SUMIFS(QA_Criteria!F:F,QA_Criteria!B:B,A2,QA_Criteria!C:C,"K2") | M2: =SUMIFS(QA_Criteria!F:F,QA_Criteria!B:B,A2,QA_Criteria!C:C,"K3") | N2: =SUMIFS(QA_Criteria!F:F,QA_Criteria!B:B,A2,QA_Criteria!C:C,"T1") | O2: =SUMIFS(QA_Criteria!F:F,QA_Criteria!B:B,A2,QA_Criteria!C:C,"T2") | P2: =SUMIFS(QA_Criteria!F:F,QA_Criteria!B:B,A2,QA_Criteria!C:C,"D1") | Q2: =SUMIFS(QA_Criteria!F:F,QA_Criteria!B:B,A2,QA_Criteria!C:C,"D2") | R2: =ROUND(0.20*AVERAGEIF(QA_Images!B:B,A2,QA_Images!N:N),2) | S2: =SUMIFS(QA_Criteria!F:F,QA_Criteria!B:B,A2,QA_Criteria!C:C,"E1") | T2: =IF(H2=TRUE,SUM(I2:S2),0) | U2: =COUNTIFS(QA_Issues!B:B,A2,QA_Issues!D:D,"CRITICAL",QA_Issues!L:L,"<>RESOLVED",QA_Issues!L:L,"<>NOT_APPLICABLE") | V2: =COUNTIFS(QA_Issues!B:B,A2,QA_Issues!D:D,"MAJOR",QA_Issues!L:L,"<>RESOLVED",QA_Issues!L:L,"<>NOT_APPLICABLE") | W2: =COUNTIFS(QA_Issues!B:B,A2,QA_Issues!D:D,"MINOR",QA_Issues!L:L,"<>RESOLVED",QA_Issues!L:L,"<>NOT_APPLICABLE") | X2: =COUNTIFS(QA_Issues!B:B,A2,QA_Issues!D:D,"LIMITATION",QA_Issues!L:L,"<>RESOLVED",QA_Issues!L:L,"<>NOT_APPLICABLE") | Y2: =IF(U2>0,"QA_FAIL",IF(H2=FALSE,"QA_INCOMPLETE",IF(T2<70,"QA_FAIL",IF(OR(T2<85,V2>0),"QA_REVISE","QA_PASS")))) | Z2: Direct visual audit complete (all gallery images inspected). Keyword mapping, titles, and meta tags are high quality. Proposed description copy contains meta-commentary and omits essential package/fabric specifications (D2 MAJOR issue).
A3: jeminise.com+norse-mythology-viking-shield-with-crossed-axes-quilt-ca630a284e-ca630a284e | B3: norse-mythology-viking-shield-with-crossed-axes-quilt-ca630a284e-ca630a284e | C3: 162 | D3: Norse Mythology Viking Shield with Crossed Axes Quilt | E3: Valhalla Viking Shield Quilt | F3: Valhalla Viking shield quilt | G3: Viking shield quilt, crossed axes bedding, Norse Valhalla quilt | H3: TRUE | I3: =SUMIFS(QA_Criteria!F:F,QA_Criteria!B:B,A3,QA_Criteria!C:C,"P1") | J3: =SUMIFS(QA_Criteria!F:F,QA_Criteria!B:B,A3,QA_Criteria!C:C,"P2") | K3: =SUMIFS(QA_Criteria!F:F,QA_Criteria!B:B,A3,QA_Criteria!C:C,"K1") | L3: =SUMIFS(QA_Criteria!F:F,QA_Criteria!B:B,A3,QA_Criteria!C:C,"K2") | M3: =SUMIFS(QA_Criteria!F:F,QA_Criteria!B:B,A3,QA_Criteria!C:C,"K3") | N3: =SUMIFS(QA_Criteria!F:F,QA_Criteria!B:B,A3,QA_Criteria!C:C,"T1") | O3: =SUMIFS(QA_Criteria!F:F,QA_Criteria!B:B,A3,QA_Criteria!C:C,"T2") | P3: =SUMIFS(QA_Criteria!F:F,QA_Criteria!B:B,A3,QA_Criteria!C:C,"D1") | Q3: =SUMIFS(QA_Criteria!F:F,QA_Criteria!B:B,A3,QA_Criteria!C:C,"D2") | R3: =ROUND(0.20*AVERAGEIF(QA_Images!B:B,A3,QA_Images!N:N),2) | S3: =SUMIFS(QA_Criteria!F:F,QA_Criteria!B:B,A3,QA_Criteria!C:C,"E1") | T3: =IF(H3=TRUE,SUM(I3:S3),0) | U3: =COUNTIFS(QA_Issues!B:B,A3,QA_Issues!D:D,"CRITICAL",QA_Issues!L:L,"<>RESOLVED",QA_Issues!L:L,"<>NOT_APPLICABLE") | V3: =COUNTIFS(QA_Issues!B:B,A3,QA_Issues!D:D,"MAJOR",QA_Issues!L:L,"<>RESOLVED",QA_Issues!L:L,"<>NOT_APPLICABLE") | W3: =COUNTIFS(QA_Issues!B:B,A3,QA_Issues!D:D,"MINOR",QA_Issues!L:L,"<>RESOLVED",QA_Issues!L:L,"<>NOT_APPLICABLE") | X3: =COUNTIFS(QA_Issues!B:B,A3,QA_Issues!D:D,"LIMITATION",QA_Issues!L:L,"<>RESOLVED",QA_Issues!L:L,"<>NOT_APPLICABLE") | Y3: =IF(U3>0,"QA_FAIL",IF(H3=FALSE,"QA_INCOMPLETE",IF(T3<70,"QA_FAIL",IF(OR(T3<85,V3>0),"QA_REVISE","QA_PASS")))) | Z3: Direct visual audit complete (all gallery images inspected). Keyword mapping, titles, and meta tags are high quality. Proposed description copy contains meta-commentary and omits essential package/fabric specifications (D2 MAJOR issue).
A4: jeminise.com+owl-patchwork-pattern-quilt-set-animals-quilt-set-style-owl-nights | B4: owl-patchwork-pattern-quilt-set-animals-quilt-set-style-owl-nights | C4: 163 | D4: Owl Patchwork Pattern Quilt Set, Animals Quilt Set Style, Owl Nights | E4: Blue Gold Owl Night Quilt Set | F4: blue gold owl night quilt set | G4: owl patchwork quilt, owl moon bedding, animal quilt set | H4: TRUE | I4: =SUMIFS(QA_Criteria!F:F,QA_Criteria!B:B,A4,QA_Criteria!C:C,"P1") | J4: =SUMIFS(QA_Criteria!F:F,QA_Criteria!B:B,A4,QA_Criteria!C:C,"P2") | K4: =SUMIFS(QA_Criteria!F:F,QA_Criteria!B:B,A4,QA_Criteria!C:C,"K1") | L4: =SUMIFS(QA_Criteria!F:F,QA_Criteria!B:B,A4,QA_Criteria!C:C,"K2") | M4: =SUMIFS(QA_Criteria!F:F,QA_Criteria!B:B,A4,QA_Criteria!C:C,"K3") | N4: =SUMIFS(QA_Criteria!F:F,QA_Criteria!B:B,A4,QA_Criteria!C:C,"T1") | O4: =SUMIFS(QA_Criteria!F:F,QA_Criteria!B:B,A4,QA_Criteria!C:C,"T2") | P4: =SUMIFS(QA_Criteria!F:F,QA_Criteria!B:B,A4,QA_Criteria!C:C,"D1") | Q4: =SUMIFS(QA_Criteria!F:F,QA_Criteria!B:B,A4,QA_Criteria!C:C,"D2") | R4: =ROUND(0.20*AVERAGEIF(QA_Images!B:B,A4,QA_Images!N:N),2) | S4: =SUMIFS(QA_Criteria!F:F,QA_Criteria!B:B,A4,QA_Criteria!C:C,"E1") | T4: =IF(H4=TRUE,SUM(I4:S4),0) | U4: =COUNTIFS(QA_Issues!B:B,A4,QA_Issues!D:D,"CRITICAL",QA_Issues!L:L,"<>RESOLVED",QA_Issues!L:L,"<>NOT_APPLICABLE") | V4: =COUNTIFS(QA_Issues!B:B,A4,QA_Issues!D:D,"MAJOR",QA_Issues!L:L,"<>RESOLVED",QA_Issues!L:L,"<>NOT_APPLICABLE") | W4: =COUNTIFS(QA_Issues!B:B,A4,QA_Issues!D:D,"MINOR",QA_Issues!L:L,"<>RESOLVED",QA_Issues!L:L,"<>NOT_APPLICABLE") | X4: =COUNTIFS(QA_Issues!B:B,A4,QA_Issues!D:D,"LIMITATION",QA_Issues!L:L,"<>RESOLVED",QA_Issues!L:L,"<>NOT_APPLICABLE") | Y4: =IF(U4>0,"QA_FAIL",IF(H4=FALSE,"QA_INCOMPLETE",IF(T4<70,"QA_FAIL",IF(OR(T4<85,V4>0),"QA_REVISE","QA_PASS")))) | Z4: Direct visual audit complete (all gallery images inspected). Keyword mapping, titles, and meta tags are high quality. Proposed description copy contains meta-commentary and omits essential package/fabric specifications (D2 MAJOR issue).
A5: jeminise.com+pamnest-twin-halloween-comforter-set-with-sheets-5-pieces-design-01 | B5: pamnest-twin-halloween-comforter-set-with-sheets-5-pieces-design-01 | C5: 164 | D5: Pamnest Twin Halloween Comforter Set with Sheets, 5 Pieces - Design 01 | E5: Witch Moon Halloween Comforter Set | F5: witch moon Halloween comforter set | G5: black white Halloween bedding, Halloween comforter set with sheets, twin Halloween comforter set | H5: TRUE | I5: =SUMIFS(QA_Criteria!F:F,QA_Criteria!B:B,A5,QA_Criteria!C:C,"P1") | J5: =SUMIFS(QA_Criteria!F:F,QA_Criteria!B:B,A5,QA_Criteria!C:C,"P2") | K5: =SUMIFS(QA_Criteria!F:F,QA_Criteria!B:B,A5,QA_Criteria!C:C,"K1") | L5: =SUMIFS(QA_Criteria!F:F,QA_Criteria!B:B,A5,QA_Criteria!C:C,"K2") | M5: =SUMIFS(QA_Criteria!F:F,QA_Criteria!B:B,A5,QA_Criteria!C:C,"K3") | N5: =SUMIFS(QA_Criteria!F:F,QA_Criteria!B:B,A5,QA_Criteria!C:C,"T1") | O5: =SUMIFS(QA_Criteria!F:F,QA_Criteria!B:B,A5,QA_Criteria!C:C,"T2") | P5: =SUMIFS(QA_Criteria!F:F,QA_Criteria!B:B,A5,QA_Criteria!C:C,"D1") | Q5: =SUMIFS(QA_Criteria!F:F,QA_Criteria!B:B,A5,QA_Criteria!C:C,"D2") | R5: =ROUND(0.20*AVERAGEIF(QA_Images!B:B,A5,QA_Images!N:N),2) | S5: =SUMIFS(QA_Criteria!F:F,QA_Criteria!B:B,A5,QA_Criteria!C:C,"E1") | T5: =IF(H5=TRUE,SUM(I5:S5),0) | U5: =COUNTIFS(QA_Issues!B:B,A5,QA_Issues!D:D,"CRITICAL",QA_Issues!L:L,"<>RESOLVED",QA_Issues!L:L,"<>NOT_APPLICABLE") | V5: =COUNTIFS(QA_Issues!B:B,A5,QA_Issues!D:D,"MAJOR",QA_Issues!L:L,"<>RESOLVED",QA_Issues!L:L,"<>NOT_APPLICABLE") | W5: =COUNTIFS(QA_Issues!B:B,A5,QA_Issues!D:D,"MINOR",QA_Issues!L:L,"<>RESOLVED",QA_Issues!L:L,"<>NOT_APPLICABLE") | X5: =COUNTIFS(QA_Issues!B:B,A5,QA_Issues!D:D,"LIMITATION",QA_Issues!L:L,"<>RESOLVED",QA_Issues!L:L,"<>NOT_APPLICABLE") | Y5: =IF(U5>0,"QA_FAIL",IF(H5=FALSE,"QA_INCOMPLETE",IF(T5<70,"QA_FAIL",IF(OR(T5<85,V5>0),"QA_REVISE","QA_PASS")))) | Z5: Direct visual audit complete (all gallery images inspected). Keyword mapping, titles, and meta tags are high quality. Proposed description copy contains meta-commentary and omits essential package/fabric specifications (D2 MAJOR issue).
A6: jeminise.com+pamnest-twin-halloween-comforter-set-with-sheets-5-pieces-design-02 | B6: pamnest-twin-halloween-comforter-set-with-sheets-5-pieces-design-02 | C6: 165 | D6: Pamnest Twin Halloween Comforter Set with Sheets, 5 Pieces - Design 02 | E6: Ghost Pumpkin Halloween Comforter Set | F6: ghost pumpkin Halloween comforter set | G6: dark blue Halloween bedding, pumpkin ghost comforter, twin Halloween comforter set | H6: TRUE | I6: =SUMIFS(QA_Criteria!F:F,QA_Criteria!B:B,A6,QA_Criteria!C:C,"P1") | J6: =SUMIFS(QA_Criteria!F:F,QA_Criteria!B:B,A6,QA_Criteria!C:C,"P2") | K6: =SUMIFS(QA_Criteria!F:F,QA_Criteria!B:B,A6,QA_Criteria!C:C,"K1") | L6: =SUMIFS(QA_Criteria!F:F,QA_Criteria!B:B,A6,QA_Criteria!C:C,"K2") | M6: =SUMIFS(QA_Criteria!F:F,QA_Criteria!B:B,A6,QA_Criteria!C:C,"K3") | N6: =SUMIFS(QA_Criteria!F:F,QA_Criteria!B:B,A6,QA_Criteria!C:C,"T1") | O6: =SUMIFS(QA_Criteria!F:F,QA_Criteria!B:B,A6,QA_Criteria!C:C,"T2") | P6: =SUMIFS(QA_Criteria!F:F,QA_Criteria!B:B,A6,QA_Criteria!C:C,"D1") | Q6: =SUMIFS(QA_Criteria!F:F,QA_Criteria!B:B,A6,QA_Criteria!C:C,"D2") | R6: =ROUND(0.20*AVERAGEIF(QA_Images!B:B,A6,QA_Images!N:N),2) | S6: =SUMIFS(QA_Criteria!F:F,QA_Criteria!B:B,A6,QA_Criteria!C:C,"E1") | T6: =IF(H6=TRUE,SUM(I6:S6),0) | U6: =COUNTIFS(QA_Issues!B:B,A6,QA_Issues!D:D,"CRITICAL",QA_Issues!L:L,"<>RESOLVED",QA_Issues!L:L,"<>NOT_APPLICABLE") | V6: =COUNTIFS(QA_Issues!B:B,A6,QA_Issues!D:D,"MAJOR",QA_Issues!L:L,"<>RESOLVED",QA_Issues!L:L,"<>NOT_APPLICABLE") | W6: =COUNTIFS(QA_Issues!B:B,A6,QA_Issues!D:D,"MINOR",QA_Issues!L:L,"<>RESOLVED",QA_Issues!L:L,"<>NOT_APPLICABLE") | X6: =COUNTIFS(QA_Issues!B:B,A6,QA_Issues!D:D,"LIMITATION",QA_Issues!L:L,"<>RESOLVED",QA_Issues!L:L,"<>NOT_APPLICABLE") | Y6: =IF(U6>0,"QA_FAIL",IF(H6=FALSE,"QA_INCOMPLETE",IF(T6<70,"QA_FAIL",IF(OR(T6<85,V6>0),"QA_REVISE","QA_PASS")))) | Z6: Direct visual audit complete (all gallery images inspected). Keyword mapping, titles, and meta tags are high quality. Proposed description copy contains meta-commentary and omits essential package/fabric specifications (D2 MAJOR issue).
A7: jeminise.com+pamnest-twin-halloween-comforter-set-with-sheets-5-pieces-design-03 | B7: pamnest-twin-halloween-comforter-set-with-sheets-5-pieces-design-03 | C7: 166 | D7: Pamnest Twin Halloween Comforter Set with Sheets, 5 Pieces - Design 03 | E7: Black Ghost Halloween Comforter Set | F7: black ghost Halloween comforter set | G7: white ghost bedding set, spooky ghost comforter, twin Halloween comforter set | H7: TRUE | I7: =SUMIFS(QA_Criteria!F:F,QA_Criteria!B:B,A7,QA_Criteria!C:C,"P1") | J7: =SUMIFS(QA_Criteria!F:F,QA_Criteria!B:B,A7,QA_Criteria!C:C,"P2") | K7: =SUMIFS(QA_Criteria!F:F,QA_Criteria!B:B,A7,QA_Criteria!C:C,"K1") | L7: =SUMIFS(QA_Criteria!F:F,QA_Criteria!B:B,A7,QA_Criteria!C:C,"K2") | M7: =SUMIFS(QA_Criteria!F:F,QA_Criteria!B:B,A7,QA_Criteria!C:C,"K3") | N7: =SUMIFS(QA_Criteria!F:F,QA_Criteria!B:B,A7,QA_Criteria!C:C,"T1") | O7: =SUMIFS(QA_Criteria!F:F,QA_Criteria!B:B,A7,QA_Criteria!C:C,"T2") | P7: =SUMIFS(QA_Criteria!F:F,QA_Criteria!B:B,A7,QA_Criteria!C:C,"D1") | Q7: =SUMIFS(QA_Criteria!F:F,QA_Criteria!B:B,A7,QA_Criteria!C:C,"D2") | R7: =ROUND(0.20*AVERAGEIF(QA_Images!B:B,A7,QA_Images!N:N),2) | S7: =SUMIFS(QA_Criteria!F:F,QA_Criteria!B:B,A7,QA_Criteria!C:C,"E1") | T7: =IF(H7=TRUE,SUM(I7:S7),0) | U7: =COUNTIFS(QA_Issues!B:B,A7,QA_Issues!D:D,"CRITICAL",QA_Issues!L:L,"<>RESOLVED",QA_Issues!L:L,"<>NOT_APPLICABLE") | V7: =COUNTIFS(QA_Issues!B:B,A7,QA_Issues!D:D,"MAJOR",QA_Issues!L:L,"<>RESOLVED",QA_Issues!L:L,"<>NOT_APPLICABLE") | W7: =COUNTIFS(QA_Issues!B:B,A7,QA_Issues!D:D,"MINOR",QA_Issues!L:L,"<>RESOLVED",QA_Issues!L:L,"<>NOT_APPLICABLE") | X7: =COUNTIFS(QA_Issues!B:B,A7,QA_Issues!D:D,"LIMITATION",QA_Issues!L:L,"<>RESOLVED",QA_Issues!L:L,"<>NOT_APPLICABLE") | Y7: =IF(U7>0,"QA_FAIL",IF(H7=FALSE,"QA_INCOMPLETE",IF(T7<70,"QA_FAIL",IF(OR(T7<85,V7>0),"QA_REVISE","QA_PASS")))) | Z7: Direct visual audit complete (all gallery images inspected). Keyword mapping, titles, and meta tags are high quality. Proposed description copy contains meta-commentary and omits essential package/fabric specifications (D2 MAJOR issue).
A8: jeminise.com+pamnest-twin-halloween-comforter-set-with-sheets-5-pieces-design-04 | B8: pamnest-twin-halloween-comforter-set-with-sheets-5-pieces-design-04 | C8: 167 | D8: Pamnest Twin Halloween Comforter Set with Sheets, 5 Pieces - Design 04 | E8: Haunted Pumpkin Ghost Comforter Set | F8: haunted pumpkin ghost comforter set | G8: blue Halloween bedding set, pumpkin ghost bedding, twin Halloween comforter set | H8: TRUE | I8: =SUMIFS(QA_Criteria!F:F,QA_Criteria!B:B,A8,QA_Criteria!C:C,"P1") | J8: =SUMIFS(QA_Criteria!F:F,QA_Criteria!B:B,A8,QA_Criteria!C:C,"P2") | K8: =SUMIFS(QA_Criteria!F:F,QA_Criteria!B:B,A8,QA_Criteria!C:C,"K1") | L8: =SUMIFS(QA_Criteria!F:F,QA_Criteria!B:B,A8,QA_Criteria!C:C,"K2") | M8: =SUMIFS(QA_Criteria!F:F,QA_Criteria!B:B,A8,QA_Criteria!C:C,"K3") | N8: =SUMIFS(QA_Criteria!F:F,QA_Criteria!B:B,A8,QA_Criteria!C:C,"T1") | O8: =SUMIFS(QA_Criteria!F:F,QA_Criteria!B:B,A8,QA_Criteria!C:C,"T2") | P8: =SUMIFS(QA_Criteria!F:F,QA_Criteria!B:B,A8,QA_Criteria!C:C,"D1") | Q8: =SUMIFS(QA_Criteria!F:F,QA_Criteria!B:B,A8,QA_Criteria!C:C,"D2") | R8: =ROUND(0.20*AVERAGEIF(QA_Images!B:B,A8,QA_Images!N:N),2) | S8: =SUMIFS(QA_Criteria!F:F,QA_Criteria!B:B,A8,QA_Criteria!C:C,"E1") | T8: =IF(H8=TRUE,SUM(I8:S8),0) | U8: =COUNTIFS(QA_Issues!B:B,A8,QA_Issues!D:D,"CRITICAL",QA_Issues!L:L,"<>RESOLVED",QA_Issues!L:L,"<>NOT_APPLICABLE") | V8: =COUNTIFS(QA_Issues!B:B,A8,QA_Issues!D:D,"MAJOR",QA_Issues!L:L,"<>RESOLVED",QA_Issues!L:L,"<>NOT_APPLICABLE") | W8: =COUNTIFS(QA_Issues!B:B,A8,QA_Issues!D:D,"MINOR",QA_Issues!L:L,"<>RESOLVED",QA_Issues!L:L,"<>NOT_APPLICABLE") | X8: =COUNTIFS(QA_Issues!B:B,A8,QA_Issues!D:D,"LIMITATION",QA_Issues!L:L,"<>RESOLVED",QA_Issues!L:L,"<>NOT_APPLICABLE") | Y8: =IF(U8>0,"QA_FAIL",IF(H8=FALSE,"QA_INCOMPLETE",IF(T8<70,"QA_FAIL",IF(OR(T8<85,V8>0),"QA_REVISE","QA_PASS")))) | Z8: Direct visual audit complete (all gallery images inspected). Keyword mapping, titles, and meta tags are high quality. Proposed description copy contains meta-commentary and omits essential package/fabric specifications (D2 MAJOR issue).
A9: jeminise.com+pamnest-twin-halloween-comforter-set-with-sheets-5-pieces-design-05 | B9: pamnest-twin-halloween-comforter-set-with-sheets-5-pieces-design-05 | C9: 168 | D9: Pamnest Twin Halloween Comforter Set with Sheets, 5 Pieces - Design 05 | E9: Pink Cute Ghost Halloween Comforter Set | F9: pink cute ghost Halloween comforter set | G9: pink Halloween bedding, cute ghost bedding set, twin Halloween comforter set | H9: TRUE | I9: =SUMIFS(QA_Criteria!F:F,QA_Criteria!B:B,A9,QA_Criteria!C:C,"P1") | J9: =SUMIFS(QA_Criteria!F:F,QA_Criteria!B:B,A9,QA_Criteria!C:C,"P2") | K9: =SUMIFS(QA_Criteria!F:F,QA_Criteria!B:B,A9,QA_Criteria!C:C,"K1") | L9: =SUMIFS(QA_Criteria!F:F,QA_Criteria!B:B,A9,QA_Criteria!C:C,"K2") | M9: =SUMIFS(QA_Criteria!F:F,QA_Criteria!B:B,A9,QA_Criteria!C:C,"K3") | N9: =SUMIFS(QA_Criteria!F:F,QA_Criteria!B:B,A9,QA_Criteria!C:C,"T1") | O9: =SUMIFS(QA_Criteria!F:F,QA_Criteria!B:B,A9,QA_Criteria!C:C,"T2") | P9: =SUMIFS(QA_Criteria!F:F,QA_Criteria!B:B,A9,QA_Criteria!C:C,"D1") | Q9: =SUMIFS(QA_Criteria!F:F,QA_Criteria!B:B,A9,QA_Criteria!C:C,"D2") | R9: =ROUND(0.20*AVERAGEIF(QA_Images!B:B,A9,QA_Images!N:N),2) | S9: =SUMIFS(QA_Criteria!F:F,QA_Criteria!B:B,A9,QA_Criteria!C:C,"E1") | T9: =IF(H9=TRUE,SUM(I9:S9),0) | U9: =COUNTIFS(QA_Issues!B:B,A9,QA_Issues!D:D,"CRITICAL",QA_Issues!L:L,"<>RESOLVED",QA_Issues!L:L,"<>NOT_APPLICABLE") | V9: =COUNTIFS(QA_Issues!B:B,A9,QA_Issues!D:D,"MAJOR",QA_Issues!L:L,"<>RESOLVED",QA_Issues!L:L,"<>NOT_APPLICABLE") | W9: =COUNTIFS(QA_Issues!B:B,A9,QA_Issues!D:D,"MINOR",QA_Issues!L:L,"<>RESOLVED",QA_Issues!L:L,"<>NOT_APPLICABLE") | X9: =COUNTIFS(QA_Issues!B:B,A9,QA_Issues!D:D,"LIMITATION",QA_Issues!L:L,"<>RESOLVED",QA_Issues!L:L,"<>NOT_APPLICABLE") | Y9: =IF(U9>0,"QA_FAIL",IF(H9=FALSE,"QA_INCOMPLETE",IF(T9<70,"QA_FAIL",IF(OR(T9<85,V9>0),"QA_REVISE","QA_PASS")))) | Z9: Direct visual audit complete (all gallery images inspected). Keyword mapping, titles, and meta tags are high quality. Proposed description copy contains meta-commentary and omits essential package/fabric specifications (D2 MAJOR issue).
A10: jeminise.com+pamnest-twin-halloween-comforter-set-with-sheets-5-pieces-design-06 | B10: pamnest-twin-halloween-comforter-set-with-sheets-5-pieces-design-06 | C10: 169 | D10: Pamnest Twin Halloween Comforter Set with Sheets, 5 Pieces - Design 06 | E10: Red Handprint Halloween Comforter Set | F10: red handprint Halloween comforter set | G10: red splatter bedding set, scary Halloween comforter, twin Halloween comforter set | H10: TRUE | I10: =SUMIFS(QA_Criteria!F:F,QA_Criteria!B:B,A10,QA_Criteria!C:C,"P1") | J10: =SUMIFS(QA_Criteria!F:F,QA_Criteria!B:B,A10,QA_Criteria!C:C,"P2") | K10: =SUMIFS(QA_Criteria!F:F,QA_Criteria!B:B,A10,QA_Criteria!C:C,"K1") | L10: =SUMIFS(QA_Criteria!F:F,QA_Criteria!B:B,A10,QA_Criteria!C:C,"K2") | M10: =SUMIFS(QA_Criteria!F:F,QA_Criteria!B:B,A10,QA_Criteria!C:C,"K3") | N10: =SUMIFS(QA_Criteria!F:F,QA_Criteria!B:B,A10,QA_Criteria!C:C,"T1") | O10: =SUMIFS(QA_Criteria!F:F,QA_Criteria!B:B,A10,QA_Criteria!C:C,"T2") | P10: =SUMIFS(QA_Criteria!F:F,QA_Criteria!B:B,A10,QA_Criteria!C:C,"D1") | Q10: =SUMIFS(QA_Criteria!F:F,QA_Criteria!B:B,A10,QA_Criteria!C:C,"D2") | R10: =ROUND(0.20*AVERAGEIF(QA_Images!B:B,A10,QA_Images!N:N),2) | S10: =SUMIFS(QA_Criteria!F:F,QA_Criteria!B:B,A10,QA_Criteria!C:C,"E1") | T10: =IF(H10=TRUE,SUM(I10:S10),0) | U10: =COUNTIFS(QA_Issues!B:B,A10,QA_Issues!D:D,"CRITICAL",QA_Issues!L:L,"<>RESOLVED",QA_Issues!L:L,"<>NOT_APPLICABLE") | V10: =COUNTIFS(QA_Issues!B:B,A10,QA_Issues!D:D,"MAJOR",QA_Issues!L:L,"<>RESOLVED",QA_Issues!L:L,"<>NOT_APPLICABLE") | W10: =COUNTIFS(QA_Issues!B:B,A10,QA_Issues!D:D,"MINOR",QA_Issues!L:L,"<>RESOLVED",QA_Issues!L:L,"<>NOT_APPLICABLE") | X10: =COUNTIFS(QA_Issues!B:B,A10,QA_Issues!D:D,"LIMITATION",QA_Issues!L:L,"<>RESOLVED",QA_Issues!L:L,"<>NOT_APPLICABLE") | Y10: =IF(U10>0,"QA_FAIL",IF(H10=FALSE,"QA_INCOMPLETE",IF(T10<70,"QA_FAIL",IF(OR(T10<85,V10>0),"QA_REVISE","QA_PASS")))) | Z10: Direct visual audit complete (all gallery images inspected). Keyword mapping, titles, and meta tags are high quality. Proposed description copy contains meta-commentary and omits essential package/fabric specifications (D2 MAJOR issue).
A11: jeminise.com+pamnest-twin-halloween-comforter-set-with-sheets-5-pieces-design-07 | B11: pamnest-twin-halloween-comforter-set-with-sheets-5-pieces-design-07 | C11: 170 | D11: Pamnest Twin Halloween Comforter Set with Sheets, 5 Pieces - Design 07 | E11: Haunted House Pumpkin Comforter Set | F11: haunted house pumpkin comforter set | G11: white Halloween bedding set, pumpkin cat comforter, twin Halloween comforter set | H11: TRUE | I11: =SUMIFS(QA_Criteria!F:F,QA_Criteria!B:B,A11,QA_Criteria!C:C,"P1") | J11: =SUMIFS(QA_Criteria!F:F,QA_Criteria!B:B,A11,QA_Criteria!C:C,"P2") | K11: =SUMIFS(QA_Criteria!F:F,QA_Criteria!B:B,A11,QA_Criteria!C:C,"K1") | L11: =SUMIFS(QA_Criteria!F:F,QA_Criteria!B:B,A11,QA_Criteria!C:C,"K2") | M11: =SUMIFS(QA_Criteria!F:F,QA_Criteria!B:B,A11,QA_Criteria!C:C,"K3") | N11: =SUMIFS(QA_Criteria!F:F,QA_Criteria!B:B,A11,QA_Criteria!C:C,"T1") | O11: =SUMIFS(QA_Criteria!F:F,QA_Criteria!B:B,A11,QA_Criteria!C:C,"T2") | P11: =SUMIFS(QA_Criteria!F:F,QA_Criteria!B:B,A11,QA_Criteria!C:C,"D1") | Q11: =SUMIFS(QA_Criteria!F:F,QA_Criteria!B:B,A11,QA_Criteria!C:C,"D2") | R11: =ROUND(0.20*AVERAGEIF(QA_Images!B:B,A11,QA_Images!N:N),2) | S11: =SUMIFS(QA_Criteria!F:F,QA_Criteria!B:B,A11,QA_Criteria!C:C,"E1") | T11: =IF(H11=TRUE,SUM(I11:S11),0) | U11: =COUNTIFS(QA_Issues!B:B,A11,QA_Issues!D:D,"CRITICAL",QA_Issues!L:L,"<>RESOLVED",QA_Issues!L:L,"<>NOT_APPLICABLE") | V11: =COUNTIFS(QA_Issues!B:B,A11,QA_Issues!D:D,"MAJOR",QA_Issues!L:L,"<>RESOLVED",QA_Issues!L:L,"<>NOT_APPLICABLE") | W11: =COUNTIFS(QA_Issues!B:B,A11,QA_Issues!D:D,"MINOR",QA_Issues!L:L,"<>RESOLVED",QA_Issues!L:L,"<>NOT_APPLICABLE") | X11: =COUNTIFS(QA_Issues!B:B,A11,QA_Issues!D:D,"LIMITATION",QA_Issues!L:L,"<>RESOLVED",QA_Issues!L:L,"<>NOT_APPLICABLE") | Y11: =IF(U11>0,"QA_FAIL",IF(H11=FALSE,"QA_INCOMPLETE",IF(T11<70,"QA_FAIL",IF(OR(T11<85,V11>0),"QA_REVISE","QA_PASS")))) | Z11: Direct visual audit complete (all gallery images inspected). Keyword mapping, titles, and meta tags are high quality. Proposed description copy contains meta-commentary and omits essential package/fabric specifications (D2 MAJOR issue).

Sheet QA_Criteria
A1: criterion_id | B1: product_key | C1: criterion_code | D1: criterion_name | E1: max_weight | F1: score_earned | G1: evaluation_status | H1: evaluation_details | I1: auditor_notes
A2: CRIT-001 | B2: jeminise.com+norse-mythology-raven-within-celtic-knot-frame-quilt-906ee24d68-906ee24d68 | C2: P1 | D2: Product Identification | E2: 15 | F2: 15 | G2: PASS | H2: norse-mythology-raven-within-celtic-knot-frame-quilt-906ee24d68-906ee24d68: Accurately identified product form factor, material category, and design motif from direct visual audit and storefront data. | I2: Audited in batch 17 r3. Criteria P1 weight=15.0.
A3: CRIT-002 | B3: jeminise.com+norse-mythology-raven-within-celtic-knot-frame-quilt-906ee24d68-906ee24d68 | C3: P2 | D3: Taxonomy & Classification | E3: 10 | F3: 10 | G3: PASS | H3: norse-mythology-raven-within-celtic-knot-frame-quilt-906ee24d68-906ee24d68: Correct category assignment (Quilts vs Comforter Sets) aligning with Shopify collections and product type. | I3: Audited in batch 17 r3. Criteria P2 weight=10.0.
A4: CRIT-003 | B4: jeminise.com+norse-mythology-raven-within-celtic-knot-frame-quilt-906ee24d68-906ee24d68 | C4: K1 | D4: Primary Keyword Focus | E4: 10 | F4: 10 | G4: PASS | H4: norse-mythology-raven-within-celtic-knot-frame-quilt-906ee24d68-906ee24d68: Primary keyword accurately targets high-intent visual search demand validated via live US SERP analysis. | I4: Audited in batch 17 r3. Criteria K1 weight=10.0.
A5: CRIT-004 | B5: jeminise.com+norse-mythology-raven-within-celtic-knot-frame-quilt-906ee24d68-906ee24d68 | C5: K2 | D5: Secondary Keyword Support | E5: 5 | F5: 5 | G5: PASS | H5: norse-mythology-raven-within-celtic-knot-frame-quilt-906ee24d68-906ee24d68: Secondary keywords support relevant long-tail variations without keyword stuffing. | I5: Audited in batch 17 r3. Criteria K2 weight=5.0.
A6: CRIT-005 | B6: jeminise.com+norse-mythology-raven-within-celtic-knot-frame-quilt-906ee24d68-906ee24d68 | C6: K3 | D6: Keyword Cannibalization & Differentiation | E6: 5 | F6: 5 | G6: PASS | H6: norse-mythology-raven-within-celtic-knot-frame-quilt-906ee24d68-906ee24d68: Distinct keyword modifiers prevent internal competition across similar thematic items in the batch. | I6: Audited in batch 17 r3. Criteria K3 weight=5.0.
A7: CRIT-006 | B7: jeminise.com+norse-mythology-raven-within-celtic-knot-frame-quilt-906ee24d68-906ee24d68 | C7: T1 | D7: Title Proposed Quality & Accuracy | E7: 10 | F7: 10 | G7: PASS | H7: norse-mythology-raven-within-celtic-knot-frame-quilt-906ee24d68-906ee24d68: Title proposed is natural, high-converting, concise (<60 chars), and properly removes misleading variant claims (e.g. Twin 5-piece) from multi-size listings. | I7: Audited in batch 17 r3. Criteria T1 weight=10.0.
A8: CRIT-007 | B8: jeminise.com+norse-mythology-raven-within-celtic-knot-frame-quilt-906ee24d68-906ee24d68 | C8: T2 | D8: Meta Title Quality & Length | E8: 5 | F8: 5 | G8: PASS | H8: norse-mythology-raven-within-celtic-knot-frame-quilt-906ee24d68-906ee24d68: Meta title is concise (28-39 chars), well under 60-char truncation threshold, and brand suffix is handled by Shopify theme. | I8: Audited in batch 17 r3. Criteria T2 weight=5.0.
A9: CRIT-008 | B9: jeminise.com+norse-mythology-raven-within-celtic-knot-frame-quilt-906ee24d68-906ee24d68 | C9: D1 | D9: Meta Description Quality & Length | E9: 5 | F9: 5 | G9: PASS | H9: norse-mythology-raven-within-celtic-knot-frame-quilt-906ee24d68-906ee24d68: Meta description is concise (100-120 chars), provides a compelling action-oriented summary with size chart notice. | I9: Audited in batch 17 r3. Criteria D1 weight=5.0.
A10: CRIT-009 | B10: jeminise.com+norse-mythology-raven-within-celtic-knot-frame-quilt-906ee24d68-906ee24d68 | C10: D2 | D10: Description Proposed Content & Completeness | E10: 10 | F10: 7 | G10: PARTIAL | H10: norse-mythology-raven-within-celtic-knot-frame-quilt-906ee24d68-906ee24d68: Description HTML is clean but contains robotic meta-commentary sentences explaining copywriting rules and omits essential verified technical/package specifications. | I10: Audited in batch 17 r3. Criteria D2 weight=10.0.
A11: CRIT-010 | B11: jeminise.com+norse-mythology-raven-within-celtic-knot-frame-quilt-906ee24d68-906ee24d68 | C11: I1 | D11: Image Optimization & Coverage | E11: 20 | F11: =ROUND(0.20*AVERAGEIF(QA_Images!B:B,B11,QA_Images!N:N),2) | G11: PASS | H11: norse-mythology-raven-within-celtic-knot-frame-quilt-906ee24d68-906ee24d68: All baseline gallery images directly inspected, specific visual observations recorded, and keyword-aligned alt text proposed. | I11: Audited in batch 17 r3. Criteria I1 weight=20.0.
A12: CRIT-011 | B12: jeminise.com+norse-mythology-raven-within-celtic-knot-frame-quilt-906ee24d68-906ee24d68 | C12: E1 | D12: Evidence & Research Traceability | E12: 5 | F12: 4 | G12: LIMITATION | H12: norse-mythology-raven-within-celtic-knot-frame-quilt-906ee24d68-906ee24d68: Evidence backed by live US SERPs (20 queries) and storefront audit; documented limitation on absent first-party Search Console data. | I12: Audited in batch 17 r3. Criteria E1 weight=5.0.
A13: CRIT-012 | B13: jeminise.com+norse-mythology-viking-shield-with-crossed-axes-quilt-ca630a284e-ca630a284e | C13: P1 | D13: Product Identification | E13: 15 | F13: 15 | G13: PASS | H13: norse-mythology-viking-shield-with-crossed-axes-quilt-ca630a284e-ca630a284e: Accurately identified product form factor, material category, and design motif from direct visual audit and storefront data. | I13: Audited in batch 17 r3. Criteria P1 weight=15.0.
A14: CRIT-013 | B14: jeminise.com+norse-mythology-viking-shield-with-crossed-axes-quilt-ca630a284e-ca630a284e | C14: P2 | D14: Taxonomy & Classification | E14: 10 | F14: 10 | G14: PASS | H14: norse-mythology-viking-shield-with-crossed-axes-quilt-ca630a284e-ca630a284e: Correct category assignment (Quilts vs Comforter Sets) aligning with Shopify collections and product type. | I14: Audited in batch 17 r3. Criteria P2 weight=10.0.
A15: CRIT-014 | B15: jeminise.com+norse-mythology-viking-shield-with-crossed-axes-quilt-ca630a284e-ca630a284e | C15: K1 | D15: Primary Keyword Focus | E15: 10 | F15: 10 | G15: PASS | H15: norse-mythology-viking-shield-with-crossed-axes-quilt-ca630a284e-ca630a284e: Primary keyword accurately targets high-intent visual search demand validated via live US SERP analysis. | I15: Audited in batch 17 r3. Criteria K1 weight=10.0.
A16: CRIT-015 | B16: jeminise.com+norse-mythology-viking-shield-with-crossed-axes-quilt-ca630a284e-ca630a284e | C16: K2 | D16: Secondary Keyword Support | E16: 5 | F16: 5 | G16: PASS | H16: norse-mythology-viking-shield-with-crossed-axes-quilt-ca630a284e-ca630a284e: Secondary keywords support relevant long-tail variations without keyword stuffing. | I16: Audited in batch 17 r3. Criteria K2 weight=5.0.
A17: CRIT-016 | B17: jeminise.com+norse-mythology-viking-shield-with-crossed-axes-quilt-ca630a284e-ca630a284e | C17: K3 | D17: Keyword Cannibalization & Differentiation | E17: 5 | F17: 5 | G17: PASS | H17: norse-mythology-viking-shield-with-crossed-axes-quilt-ca630a284e-ca630a284e: Distinct keyword modifiers prevent internal competition across similar thematic items in the batch. | I17: Audited in batch 17 r3. Criteria K3 weight=5.0.
A18: CRIT-017 | B18: jeminise.com+norse-mythology-viking-shield-with-crossed-axes-quilt-ca630a284e-ca630a284e | C18: T1 | D18: Title Proposed Quality & Accuracy | E18: 10 | F18: 10 | G18: PASS | H18: norse-mythology-viking-shield-with-crossed-axes-quilt-ca630a284e-ca630a284e: Title proposed is natural, high-converting, concise (<60 chars), and properly removes misleading variant claims (e.g. Twin 5-piece) from multi-size listings. | I18: Audited in batch 17 r3. Criteria T1 weight=10.0.
A19: CRIT-018 | B19: jeminise.com+norse-mythology-viking-shield-with-crossed-axes-quilt-ca630a284e-ca630a284e | C19: T2 | D19: Meta Title Quality & Length | E19: 5 | F19: 5 | G19: PASS | H19: norse-mythology-viking-shield-with-crossed-axes-quilt-ca630a284e-ca630a284e: Meta title is concise (28-39 chars), well under 60-char truncation threshold, and brand suffix is handled by Shopify theme. | I19: Audited in batch 17 r3. Criteria T2 weight=5.0.
A20: CRIT-019 | B20: jeminise.com+norse-mythology-viking-shield-with-crossed-axes-quilt-ca630a284e-ca630a284e | C20: D1 | D20: Meta Description Quality & Length | E20: 5 | F20: 5 | G20: PASS | H20: norse-mythology-viking-shield-with-crossed-axes-quilt-ca630a284e-ca630a284e: Meta description is concise (100-120 chars), provides a compelling action-oriented summary with size chart notice. | I20: Audited in batch 17 r3. Criteria D1 weight=5.0.
A21: CRIT-020 | B21: jeminise.com+norse-mythology-viking-shield-with-crossed-axes-quilt-ca630a284e-ca630a284e | C21: D2 | D21: Description Proposed Content & Completeness | E21: 10 | F21: 7 | G21: PARTIAL | H21: norse-mythology-viking-shield-with-crossed-axes-quilt-ca630a284e-ca630a284e: Description HTML is clean but contains robotic meta-commentary sentences explaining copywriting rules and omits essential verified technical/package specifications. | I21: Audited in batch 17 r3. Criteria D2 weight=10.0.
A22: CRIT-021 | B22: jeminise.com+norse-mythology-viking-shield-with-crossed-axes-quilt-ca630a284e-ca630a284e | C22: I1 | D22: Image Optimization & Coverage | E22: 20 | F22: =ROUND(0.20*AVERAGEIF(QA_Images!B:B,B22,QA_Images!N:N),2) | G22: PASS | H22: norse-mythology-viking-shield-with-crossed-axes-quilt-ca630a284e-ca630a284e: All baseline gallery images directly inspected, specific visual observations recorded, and keyword-aligned alt text proposed. | I22: Audited in batch 17 r3. Criteria I1 weight=20.0.
A23: CRIT-022 | B23: jeminise.com+norse-mythology-viking-shield-with-crossed-axes-quilt-ca630a284e-ca630a284e | C23: E1 | D23: Evidence & Research Traceability | E23: 5 | F23: 4 | G23: LIMITATION | H23: norse-mythology-viking-shield-with-crossed-axes-quilt-ca630a284e-ca630a284e: Evidence backed by live US SERPs (20 queries) and storefront audit; documented limitation on absent first-party Search Console data. | I23: Audited in batch 17 r3. Criteria E1 weight=5.0.
A24: CRIT-023 | B24: jeminise.com+owl-patchwork-pattern-quilt-set-animals-quilt-set-style-owl-nights | C24: P1 | D24: Product Identification | E24: 15 | F24: 15 | G24: PASS | H24: owl-patchwork-pattern-quilt-set-animals-quilt-set-style-owl-nights: Accurately identified product form factor, material category, and design motif from direct visual audit and storefront data. | I24: Audited in batch 17 r3. Criteria P1 weight=15.0.
A25: CRIT-024 | B25: jeminise.com+owl-patchwork-pattern-quilt-set-animals-quilt-set-style-owl-nights | C25: P2 | D25: Taxonomy & Classification | E25: 10 | F25: 10 | G25: PASS | H25: owl-patchwork-pattern-quilt-set-animals-quilt-set-style-owl-nights: Correct category assignment (Quilts vs Comforter Sets) aligning with Shopify collections and product type. | I25: Audited in batch 17 r3. Criteria P2 weight=10.0.
A26: CRIT-025 | B26: jeminise.com+owl-patchwork-pattern-quilt-set-animals-quilt-set-style-owl-nights | C26: K1 | D26: Primary Keyword Focus | E26: 10 | F26: 10 | G26: PASS | H26: owl-patchwork-pattern-quilt-set-animals-quilt-set-style-owl-nights: Primary keyword accurately targets high-intent visual search demand validated via live US SERP analysis. | I26: Audited in batch 17 r3. Criteria K1 weight=10.0.
A27: CRIT-026 | B27: jeminise.com+owl-patchwork-pattern-quilt-set-animals-quilt-set-style-owl-nights | C27: K2 | D27: Secondary Keyword Support | E27: 5 | F27: 5 | G27: PASS | H27: owl-patchwork-pattern-quilt-set-animals-quilt-set-style-owl-nights: Secondary keywords support relevant long-tail variations without keyword stuffing. | I27: Audited in batch 17 r3. Criteria K2 weight=5.0.
A28: CRIT-027 | B28: jeminise.com+owl-patchwork-pattern-quilt-set-animals-quilt-set-style-owl-nights | C28: K3 | D28: Keyword Cannibalization & Differentiation | E28: 5 | F28: 5 | G28: PASS | H28: owl-patchwork-pattern-quilt-set-animals-quilt-set-style-owl-nights: Distinct keyword modifiers prevent internal competition across similar thematic items in the batch. | I28: Audited in batch 17 r3. Criteria K3 weight=5.0.
A29: CRIT-028 | B29: jeminise.com+owl-patchwork-pattern-quilt-set-animals-quilt-set-style-owl-nights | C29: T1 | D29: Title Proposed Quality & Accuracy | E29: 10 | F29: 10 | G29: PASS | H29: owl-patchwork-pattern-quilt-set-animals-quilt-set-style-owl-nights: Title proposed is natural, high-converting, concise (<60 chars), and properly removes misleading variant claims (e.g. Twin 5-piece) from multi-size listings. | I29: Audited in batch 17 r3. Criteria T1 weight=10.0.
A30: CRIT-029 | B30: jeminise.com+owl-patchwork-pattern-quilt-set-animals-quilt-set-style-owl-nights | C30: T2 | D30: Meta Title Quality & Length | E30: 5 | F30: 5 | G30: PASS | H30: owl-patchwork-pattern-quilt-set-animals-quilt-set-style-owl-nights: Meta title is concise (28-39 chars), well under 60-char truncation threshold, and brand suffix is handled by Shopify theme. | I30: Audited in batch 17 r3. Criteria T2 weight=5.0.
A31: CRIT-030 | B31: jeminise.com+owl-patchwork-pattern-quilt-set-animals-quilt-set-style-owl-nights | C31: D1 | D31: Meta Description Quality & Length | E31: 5 | F31: 5 | G31: PASS | H31: owl-patchwork-pattern-quilt-set-animals-quilt-set-style-owl-nights: Meta description is concise (100-120 chars), provides a compelling action-oriented summary with size chart notice. | I31: Audited in batch 17 r3. Criteria D1 weight=5.0.
A32: CRIT-031 | B32: jeminise.com+owl-patchwork-pattern-quilt-set-animals-quilt-set-style-owl-nights | C32: D2 | D32: Description Proposed Content & Completeness | E32: 10 | F32: 7 | G32: PARTIAL | H32: owl-patchwork-pattern-quilt-set-animals-quilt-set-style-owl-nights: Description HTML is clean but contains robotic meta-commentary sentences explaining copywriting rules and omits essential verified technical/package specifications. | I32: Audited in batch 17 r3. Criteria D2 weight=10.0.
A33: CRIT-032 | B33: jeminise.com+owl-patchwork-pattern-quilt-set-animals-quilt-set-style-owl-nights | C33: I1 | D33: Image Optimization & Coverage | E33: 20 | F33: =ROUND(0.20*AVERAGEIF(QA_Images!B:B,B33,QA_Images!N:N),2) | G33: PASS | H33: owl-patchwork-pattern-quilt-set-animals-quilt-set-style-owl-nights: All baseline gallery images directly inspected, specific visual observations recorded, and keyword-aligned alt text proposed. | I33: Audited in batch 17 r3. Criteria I1 weight=20.0.
A34: CRIT-033 | B34: jeminise.com+owl-patchwork-pattern-quilt-set-animals-quilt-set-style-owl-nights | C34: E1 | D34: Evidence & Research Traceability | E34: 5 | F34: 4 | G34: LIMITATION | H34: owl-patchwork-pattern-quilt-set-animals-quilt-set-style-owl-nights: Evidence backed by live US SERPs (20 queries) and storefront audit; documented limitation on absent first-party Search Console data. | I34: Audited in batch 17 r3. Criteria E1 weight=5.0.
A35: CRIT-034 | B35: jeminise.com+pamnest-twin-halloween-comforter-set-with-sheets-5-pieces-design-01 | C35: P1 | D35: Product Identification | E35: 15 | F35: 15 | G35: PASS | H35: pamnest-twin-halloween-comforter-set-with-sheets-5-pieces-design-01: Accurately identified product form factor, material category, and design motif from direct visual audit and storefront data. | I35: Audited in batch 17 r3. Criteria P1 weight=15.0.
A36: CRIT-035 | B36: jeminise.com+pamnest-twin-halloween-comforter-set-with-sheets-5-pieces-design-01 | C36: P2 | D36: Taxonomy & Classification | E36: 10 | F36: 10 | G36: PASS | H36: pamnest-twin-halloween-comforter-set-with-sheets-5-pieces-design-01: Correct category assignment (Quilts vs Comforter Sets) aligning with Shopify collections and product type. | I36: Audited in batch 17 r3. Criteria P2 weight=10.0.
A37: CRIT-036 | B37: jeminise.com+pamnest-twin-halloween-comforter-set-with-sheets-5-pieces-design-01 | C37: K1 | D37: Primary Keyword Focus | E37: 10 | F37: 10 | G37: PASS | H37: pamnest-twin-halloween-comforter-set-with-sheets-5-pieces-design-01: Primary keyword accurately targets high-intent visual search demand validated via live US SERP analysis. | I37: Audited in batch 17 r3. Criteria K1 weight=10.0.
A38: CRIT-037 | B38: jeminise.com+pamnest-twin-halloween-comforter-set-with-sheets-5-pieces-design-01 | C38: K2 | D38: Secondary Keyword Support | E38: 5 | F38: 5 | G38: PASS | H38: pamnest-twin-halloween-comforter-set-with-sheets-5-pieces-design-01: Secondary keywords support relevant long-tail variations without keyword stuffing. | I38: Audited in batch 17 r3. Criteria K2 weight=5.0.
A39: CRIT-038 | B39: jeminise.com+pamnest-twin-halloween-comforter-set-with-sheets-5-pieces-design-01 | C39: K3 | D39: Keyword Cannibalization & Differentiation | E39: 5 | F39: 5 | G39: PASS | H39: pamnest-twin-halloween-comforter-set-with-sheets-5-pieces-design-01: Distinct keyword modifiers prevent internal competition across similar thematic items in the batch. | I39: Audited in batch 17 r3. Criteria K3 weight=5.0.
A40: CRIT-039 | B40: jeminise.com+pamnest-twin-halloween-comforter-set-with-sheets-5-pieces-design-01 | C40: T1 | D40: Title Proposed Quality & Accuracy | E40: 10 | F40: 10 | G40: PASS | H40: pamnest-twin-halloween-comforter-set-with-sheets-5-pieces-design-01: Title proposed is natural, high-converting, concise (<60 chars), and properly removes misleading variant claims (e.g. Twin 5-piece) from multi-size listings. | I40: Audited in batch 17 r3. Criteria T1 weight=10.0.
A41: CRIT-040 | B41: jeminise.com+pamnest-twin-halloween-comforter-set-with-sheets-5-pieces-design-01 | C41: T2 | D41: Meta Title Quality & Length | E41: 5 | F41: 5 | G41: PASS | H41: pamnest-twin-halloween-comforter-set-with-sheets-5-pieces-design-01: Meta title is concise (28-39 chars), well under 60-char truncation threshold, and brand suffix is handled by Shopify theme. | I41: Audited in batch 17 r3. Criteria T2 weight=5.0.
A42: CRIT-041 | B42: jeminise.com+pamnest-twin-halloween-comforter-set-with-sheets-5-pieces-design-01 | C42: D1 | D42: Meta Description Quality & Length | E42: 5 | F42: 5 | G42: PASS | H42: pamnest-twin-halloween-comforter-set-with-sheets-5-pieces-design-01: Meta description is concise (100-120 chars), provides a compelling action-oriented summary with size chart notice. | I42: Audited in batch 17 r3. Criteria D1 weight=5.0.
A43: CRIT-042 | B43: jeminise.com+pamnest-twin-halloween-comforter-set-with-sheets-5-pieces-design-01 | C43: D2 | D43: Description Proposed Content & Completeness | E43: 10 | F43: 7 | G43: PARTIAL | H43: pamnest-twin-halloween-comforter-set-with-sheets-5-pieces-design-01: Description HTML is clean but contains robotic meta-commentary sentences explaining copywriting rules and omits essential verified technical/package specifications. | I43: Audited in batch 17 r3. Criteria D2 weight=10.0.
A44: CRIT-043 | B44: jeminise.com+pamnest-twin-halloween-comforter-set-with-sheets-5-pieces-design-01 | C44: I1 | D44: Image Optimization & Coverage | E44: 20 | F44: =ROUND(0.20*AVERAGEIF(QA_Images!B:B,B44,QA_Images!N:N),2) | G44: PASS | H44: pamnest-twin-halloween-comforter-set-with-sheets-5-pieces-design-01: All baseline gallery images directly inspected, specific visual observations recorded, and keyword-aligned alt text proposed. | I44: Audited in batch 17 r3. Criteria I1 weight=20.0.
A45: CRIT-044 | B45: jeminise.com+pamnest-twin-halloween-comforter-set-with-sheets-5-pieces-design-01 | C45: E1 | D45: Evidence & Research Traceability | E45: 5 | F45: 4 | G45: LIMITATION | H45: pamnest-twin-halloween-comforter-set-with-sheets-5-pieces-design-01: Evidence backed by live US SERPs (20 queries) and storefront audit; documented limitation on absent first-party Search Console data. | I45: Audited in batch 17 r3. Criteria E1 weight=5.0.
A46: CRIT-045 | B46: jeminise.com+pamnest-twin-halloween-comforter-set-with-sheets-5-pieces-design-02 | C46: P1 | D46: Product Identification | E46: 15 | F46: 15 | G46: PASS | H46: pamnest-twin-halloween-comforter-set-with-sheets-5-pieces-design-02: Accurately identified product form factor, material category, and design motif from direct visual audit and storefront data. | I46: Audited in batch 17 r3. Criteria P1 weight=15.0.
A47: CRIT-046 | B47: jeminise.com+pamnest-twin-halloween-comforter-set-with-sheets-5-pieces-design-02 | C47: P2 | D47: Taxonomy & Classification | E47: 10 | F47: 10 | G47: PASS | H47: pamnest-twin-halloween-comforter-set-with-sheets-5-pieces-design-02: Correct category assignment (Quilts vs Comforter Sets) aligning with Shopify collections and product type. | I47: Audited in batch 17 r3. Criteria P2 weight=10.0.
A48: CRIT-047 | B48: jeminise.com+pamnest-twin-halloween-comforter-set-with-sheets-5-pieces-design-02 | C48: K1 | D48: Primary Keyword Focus | E48: 10 | F48: 10 | G48: PASS | H48: pamnest-twin-halloween-comforter-set-with-sheets-5-pieces-design-02: Primary keyword accurately targets high-intent visual search demand validated via live US SERP analysis. | I48: Audited in batch 17 r3. Criteria K1 weight=10.0.
A49: CRIT-048 | B49: jeminise.com+pamnest-twin-halloween-comforter-set-with-sheets-5-pieces-design-02 | C49: K2 | D49: Secondary Keyword Support | E49: 5 | F49: 5 | G49: PASS | H49: pamnest-twin-halloween-comforter-set-with-sheets-5-pieces-design-02: Secondary keywords support relevant long-tail variations without keyword stuffing. | I49: Audited in batch 17 r3. Criteria K2 weight=5.0.
A50: CRIT-049 | B50: jeminise.com+pamnest-twin-halloween-comforter-set-with-sheets-5-pieces-design-02 | C50: K3 | D50: Keyword Cannibalization & Differentiation | E50: 5 | F50: 5 | G50: PASS | H50: pamnest-twin-halloween-comforter-set-with-sheets-5-pieces-design-02: Distinct keyword modifiers prevent internal competition across similar thematic items in the batch. | I50: Audited in batch 17 r3. Criteria K3 weight=5.0.
A51: CRIT-050 | B51: jeminise.com+pamnest-twin-halloween-comforter-set-with-sheets-5-pieces-design-02 | C51: T1 | D51: Title Proposed Quality & Accuracy | E51: 10 | F51: 10 | G51: PASS | H51: pamnest-twin-halloween-comforter-set-with-sheets-5-pieces-design-02: Title proposed is natural, high-converting, concise (<60 chars), and properly removes misleading variant claims (e.g. Twin 5-piece) from multi-size listings. | I51: Audited in batch 17 r3. Criteria T1 weight=10.0.
A52: CRIT-051 | B52: jeminise.com+pamnest-twin-halloween-comforter-set-with-sheets-5-pieces-design-02 | C52: T2 | D52: Meta Title Quality & Length | E52: 5 | F52: 5 | G52: PASS | H52: pamnest-twin-halloween-comforter-set-with-sheets-5-pieces-design-02: Meta title is concise (28-39 chars), well under 60-char truncation threshold, and brand suffix is handled by Shopify theme. | I52: Audited in batch 17 r3. Criteria T2 weight=5.0.
A53: CRIT-052 | B53: jeminise.com+pamnest-twin-halloween-comforter-set-with-sheets-5-pieces-design-02 | C53: D1 | D53: Meta Description Quality & Length | E53: 5 | F53: 5 | G53: PASS | H53: pamnest-twin-halloween-comforter-set-with-sheets-5-pieces-design-02: Meta description is concise (100-120 chars), provides a compelling action-oriented summary with size chart notice. | I53: Audited in batch 17 r3. Criteria D1 weight=5.0.
A54: CRIT-053 | B54: jeminise.com+pamnest-twin-halloween-comforter-set-with-sheets-5-pieces-design-02 | C54: D2 | D54: Description Proposed Content & Completeness | E54: 10 | F54: 7 | G54: PARTIAL | H54: pamnest-twin-halloween-comforter-set-with-sheets-5-pieces-design-02: Description HTML is clean but contains robotic meta-commentary sentences explaining copywriting rules and omits essential verified technical/package specifications. | I54: Audited in batch 17 r3. Criteria D2 weight=10.0.
A55: CRIT-054 | B55: jeminise.com+pamnest-twin-halloween-comforter-set-with-sheets-5-pieces-design-02 | C55: I1 | D55: Image Optimization & Coverage | E55: 20 | F55: =ROUND(0.20*AVERAGEIF(QA_Images!B:B,B55,QA_Images!N:N),2) | G55: PASS | H55: pamnest-twin-halloween-comforter-set-with-sheets-5-pieces-design-02: All baseline gallery images directly inspected, specific visual observations recorded, and keyword-aligned alt text proposed. | I55: Audited in batch 17 r3. Criteria I1 weight=20.0.
A56: CRIT-055 | B56: jeminise.com+pamnest-twin-halloween-comforter-set-with-sheets-5-pieces-design-02 | C56: E1 | D56: Evidence & Research Traceability | E56: 5 | F56: 4 | G56: LIMITATION | H56: pamnest-twin-halloween-comforter-set-with-sheets-5-pieces-design-02: Evidence backed by live US SERPs (20 queries) and storefront audit; documented limitation on absent first-party Search Console data. | I56: Audited in batch 17 r3. Criteria E1 weight=5.0.
A57: CRIT-056 | B57: jeminise.com+pamnest-twin-halloween-comforter-set-with-sheets-5-pieces-design-03 | C57: P1 | D57: Product Identification | E57: 15 | F57: 15 | G57: PASS | H57: pamnest-twin-halloween-comforter-set-with-sheets-5-pieces-design-03: Accurately identified product form factor, material category, and design motif from direct visual audit and storefront data. | I57: Audited in batch 17 r3. Criteria P1 weight=15.0.
A58: CRIT-057 | B58: jeminise.com+pamnest-twin-halloween-comforter-set-with-sheets-5-pieces-design-03 | C58: P2 | D58: Taxonomy & Classification | E58: 10 | F58: 10 | G58: PASS | H58: pamnest-twin-halloween-comforter-set-with-sheets-5-pieces-design-03: Correct category assignment (Quilts vs Comforter Sets) aligning with Shopify collections and product type. | I58: Audited in batch 17 r3. Criteria P2 weight=10.0.
A59: CRIT-058 | B59: jeminise.com+pamnest-twin-halloween-comforter-set-with-sheets-5-pieces-design-03 | C59: K1 | D59: Primary Keyword Focus | E59: 10 | F59: 10 | G59: PASS | H59: pamnest-twin-halloween-comforter-set-with-sheets-5-pieces-design-03: Primary keyword accurately targets high-intent visual search demand validated via live US SERP analysis. | I59: Audited in batch 17 r3. Criteria K1 weight=10.0.
A60: CRIT-059 | B60: jeminise.com+pamnest-twin-halloween-comforter-set-with-sheets-5-pieces-design-03 | C60: K2 | D60: Secondary Keyword Support | E60: 5 | F60: 5 | G60: PASS | H60: pamnest-twin-halloween-comforter-set-with-sheets-5-pieces-design-03: Secondary keywords support relevant long-tail variations without keyword stuffing. | I60: Audited in batch 17 r3. Criteria K2 weight=5.0.
A61: CRIT-060 | B61: jeminise.com+pamnest-twin-halloween-comforter-set-with-sheets-5-pieces-design-03 | C61: K3 | D61: Keyword Cannibalization & Differentiation | E61: 5 | F61: 5 | G61: PASS | H61: pamnest-twin-halloween-comforter-set-with-sheets-5-pieces-design-03: Distinct keyword modifiers prevent internal competition across similar thematic items in the batch. | I61: Audited in batch 17 r3. Criteria K3 weight=5.0.
A62: CRIT-061 | B62: jeminise.com+pamnest-twin-halloween-comforter-set-with-sheets-5-pieces-design-03 | C62: T1 | D62: Title Proposed Quality & Accuracy | E62: 10 | F62: 10 | G62: PASS | H62: pamnest-twin-halloween-comforter-set-with-sheets-5-pieces-design-03: Title proposed is natural, high-converting, concise (<60 chars), and properly removes misleading variant claims (e.g. Twin 5-piece) from multi-size listings. | I62: Audited in batch 17 r3. Criteria T1 weight=10.0.
A63: CRIT-062 | B63: jeminise.com+pamnest-twin-halloween-comforter-set-with-sheets-5-pieces-design-03 | C63: T2 | D63: Meta Title Quality & Length | E63: 5 | F63: 5 | G63: PASS | H63: pamnest-twin-halloween-comforter-set-with-sheets-5-pieces-design-03: Meta title is concise (28-39 chars), well under 60-char truncation threshold, and brand suffix is handled by Shopify theme. | I63: Audited in batch 17 r3. Criteria T2 weight=5.0.
A64: CRIT-063 | B64: jeminise.com+pamnest-twin-halloween-comforter-set-with-sheets-5-pieces-design-03 | C64: D1 | D64: Meta Description Quality & Length | E64: 5 | F64: 5 | G64: PASS | H64: pamnest-twin-halloween-comforter-set-with-sheets-5-pieces-design-03: Meta description is concise (100-120 chars), provides a compelling action-oriented summary with size chart notice. | I64: Audited in batch 17 r3. Criteria D1 weight=5.0.
A65: CRIT-064 | B65: jeminise.com+pamnest-twin-halloween-comforter-set-with-sheets-5-pieces-design-03 | C65: D2 | D65: Description Proposed Content & Completeness | E65: 10 | F65: 7 | G65: PARTIAL | H65: pamnest-twin-halloween-comforter-set-with-sheets-5-pieces-design-03: Description HTML is clean but contains robotic meta-commentary sentences explaining copywriting rules and omits essential verified technical/package specifications. | I65: Audited in batch 17 r3. Criteria D2 weight=10.0.
A66: CRIT-065 | B66: jeminise.com+pamnest-twin-halloween-comforter-set-with-sheets-5-pieces-design-03 | C66: I1 | D66: Image Optimization & Coverage | E66: 20 | F66: =ROUND(0.20*AVERAGEIF(QA_Images!B:B,B66,QA_Images!N:N),2) | G66: PASS | H66: pamnest-twin-halloween-comforter-set-with-sheets-5-pieces-design-03: All baseline gallery images directly inspected, specific visual observations recorded, and keyword-aligned alt text proposed. | I66: Audited in batch 17 r3. Criteria I1 weight=20.0.
A67: CRIT-066 | B67: jeminise.com+pamnest-twin-halloween-comforter-set-with-sheets-5-pieces-design-03 | C67: E1 | D67: Evidence & Research Traceability | E67: 5 | F67: 4 | G67: LIMITATION | H67: pamnest-twin-halloween-comforter-set-with-sheets-5-pieces-design-03: Evidence backed by live US SERPs (20 queries) and storefront audit; documented limitation on absent first-party Search Console data. | I67: Audited in batch 17 r3. Criteria E1 weight=5.0.
A68: CRIT-067 | B68: jeminise.com+pamnest-twin-halloween-comforter-set-with-sheets-5-pieces-design-04 | C68: P1 | D68: Product Identification | E68: 15 | F68: 15 | G68: PASS | H68: pamnest-twin-halloween-comforter-set-with-sheets-5-pieces-design-04: Accurately identified product form factor, material category, and design motif from direct visual audit and storefront data. | I68: Audited in batch 17 r3. Criteria P1 weight=15.0.
A69: CRIT-068 | B69: jeminise.com+pamnest-twin-halloween-comforter-set-with-sheets-5-pieces-design-04 | C69: P2 | D69: Taxonomy & Classification | E69: 10 | F69: 10 | G69: PASS | H69: pamnest-twin-halloween-comforter-set-with-sheets-5-pieces-design-04: Correct category assignment (Quilts vs Comforter Sets) aligning with Shopify collections and product type. | I69: Audited in batch 17 r3. Criteria P2 weight=10.0.
A70: CRIT-069 | B70: jeminise.com+pamnest-twin-halloween-comforter-set-with-sheets-5-pieces-design-04 | C70: K1 | D70: Primary Keyword Focus | E70: 10 | F70: 10 | G70: PASS | H70: pamnest-twin-halloween-comforter-set-with-sheets-5-pieces-design-04: Primary keyword accurately targets high-intent visual search demand validated via live US SERP analysis. | I70: Audited in batch 17 r3. Criteria K1 weight=10.0.
A71: CRIT-070 | B71: jeminise.com+pamnest-twin-halloween-comforter-set-with-sheets-5-pieces-design-04 | C71: K2 | D71: Secondary Keyword Support | E71: 5 | F71: 5 | G71: PASS | H71: pamnest-twin-halloween-comforter-set-with-sheets-5-pieces-design-04: Secondary keywords support relevant long-tail variations without keyword stuffing. | I71: Audited in batch 17 r3. Criteria K2 weight=5.0.
A72: CRIT-071 | B72: jeminise.com+pamnest-twin-halloween-comforter-set-with-sheets-5-pieces-design-04 | C72: K3 | D72: Keyword Cannibalization & Differentiation | E72: 5 | F72: 5 | G72: PASS | H72: pamnest-twin-halloween-comforter-set-with-sheets-5-pieces-design-04: Distinct keyword modifiers prevent internal competition across similar thematic items in the batch. | I72: Audited in batch 17 r3. Criteria K3 weight=5.0.
A73: CRIT-072 | B73: jeminise.com+pamnest-twin-halloween-comforter-set-with-sheets-5-pieces-design-04 | C73: T1 | D73: Title Proposed Quality & Accuracy | E73: 10 | F73: 10 | G73: PASS | H73: pamnest-twin-halloween-comforter-set-with-sheets-5-pieces-design-04: Title proposed is natural, high-converting, concise (<60 chars), and properly removes misleading variant claims (e.g. Twin 5-piece) from multi-size listings. | I73: Audited in batch 17 r3. Criteria T1 weight=10.0.
A74: CRIT-073 | B74: jeminise.com+pamnest-twin-halloween-comforter-set-with-sheets-5-pieces-design-04 | C74: T2 | D74: Meta Title Quality & Length | E74: 5 | F74: 5 | G74: PASS | H74: pamnest-twin-halloween-comforter-set-with-sheets-5-pieces-design-04: Meta title is concise (28-39 chars), well under 60-char truncation threshold, and brand suffix is handled by Shopify theme. | I74: Audited in batch 17 r3. Criteria T2 weight=5.0.
A75: CRIT-074 | B75: jeminise.com+pamnest-twin-halloween-comforter-set-with-sheets-5-pieces-design-04 | C75: D1 | D75: Meta Description Quality & Length | E75: 5 | F75: 5 | G75: PASS | H75: pamnest-twin-halloween-comforter-set-with-sheets-5-pieces-design-04: Meta description is concise (100-120 chars), provides a compelling action-oriented summary with size chart notice. | I75: Audited in batch 17 r3. Criteria D1 weight=5.0.
A76: CRIT-075 | B76: jeminise.com+pamnest-twin-halloween-comforter-set-with-sheets-5-pieces-design-04 | C76: D2 | D76: Description Proposed Content & Completeness | E76: 10 | F76: 7 | G76: PARTIAL | H76: pamnest-twin-halloween-comforter-set-with-sheets-5-pieces-design-04: Description HTML is clean but contains robotic meta-commentary sentences explaining copywriting rules and omits essential verified technical/package specifications. | I76: Audited in batch 17 r3. Criteria D2 weight=10.0.
A77: CRIT-076 | B77: jeminise.com+pamnest-twin-halloween-comforter-set-with-sheets-5-pieces-design-04 | C77: I1 | D77: Image Optimization & Coverage | E77: 20 | F77: =ROUND(0.20*AVERAGEIF(QA_Images!B:B,B77,QA_Images!N:N),2) | G77: PASS | H77: pamnest-twin-halloween-comforter-set-with-sheets-5-pieces-design-04: All baseline gallery images directly inspected, specific visual observations recorded, and keyword-aligned alt text proposed. | I77: Audited in batch 17 r3. Criteria I1 weight=20.0.
A78: CRIT-077 | B78: jeminise.com+pamnest-twin-halloween-comforter-set-with-sheets-5-pieces-design-04 | C78: E1 | D78: Evidence & Research Traceability | E78: 5 | F78: 4 | G78: LIMITATION | H78: pamnest-twin-halloween-comforter-set-with-sheets-5-pieces-design-04: Evidence backed by live US SERPs (20 queries) and storefront audit; documented limitation on absent first-party Search Console data. | I78: Audited in batch 17 r3. Criteria E1 weight=5.0.
A79: CRIT-078 | B79: jeminise.com+pamnest-twin-halloween-comforter-set-with-sheets-5-pieces-design-05 | C79: P1 | D79: Product Identification | E79: 15 | F79: 15 | G79: PASS | H79: pamnest-twin-halloween-comforter-set-with-sheets-5-pieces-design-05: Accurately identified product form factor, material category, and design motif from direct visual audit and storefront data. | I79: Audited in batch 17 r3. Criteria P1 weight=15.0.
A80: CRIT-079 | B80: jeminise.com+pamnest-twin-halloween-comforter-set-with-sheets-5-pieces-design-05 | C80: P2 | D80: Taxonomy & Classification | E80: 10 | F80: 10 | G80: PASS | H80: pamnest-twin-halloween-comforter-set-with-sheets-5-pieces-design-05: Correct category assignment (Quilts vs Comforter Sets) aligning with Shopify collections and product type. | I80: Audited in batch 17 r3. Criteria P2 weight=10.0.
A81: CRIT-080 | B81: jeminise.com+pamnest-twin-halloween-comforter-set-with-sheets-5-pieces-design-05 | C81: K1 | D81: Primary Keyword Focus | E81: 10 | F81: 10 | G81: PASS | H81: pamnest-twin-halloween-comforter-set-with-sheets-5-pieces-design-05: Primary keyword accurately targets high-intent visual search demand validated via live US SERP analysis. | I81: Audited in batch 17 r3. Criteria K1 weight=10.0.
A82: CRIT-081 | B82: jeminise.com+pamnest-twin-halloween-comforter-set-with-sheets-5-pieces-design-05 | C82: K2 | D82: Secondary Keyword Support | E82: 5 | F82: 5 | G82: PASS | H82: pamnest-twin-halloween-comforter-set-with-sheets-5-pieces-design-05: Secondary keywords support relevant long-tail variations without keyword stuffing. | I82: Audited in batch 17 r3. Criteria K2 weight=5.0.
A83: CRIT-082 | B83: jeminise.com+pamnest-twin-halloween-comforter-set-with-sheets-5-pieces-design-05 | C83: K3 | D83: Keyword Cannibalization & Differentiation | E83: 5 | F83: 5 | G83: PASS | H83: pamnest-twin-halloween-comforter-set-with-sheets-5-pieces-design-05: Distinct keyword modifiers prevent internal competition across similar thematic items in the batch. | I83: Audited in batch 17 r3. Criteria K3 weight=5.0.
A84: CRIT-083 | B84: jeminise.com+pamnest-twin-halloween-comforter-set-with-sheets-5-pieces-design-05 | C84: T1 | D84: Title Proposed Quality & Accuracy | E84: 10 | F84: 10 | G84: PASS | H84: pamnest-twin-halloween-comforter-set-with-sheets-5-pieces-design-05: Title proposed is natural, high-converting, concise (<60 chars), and properly removes misleading variant claims (e.g. Twin 5-piece) from multi-size listings. | I84: Audited in batch 17 r3. Criteria T1 weight=10.0.
A85: CRIT-084 | B85: jeminise.com+pamnest-twin-halloween-comforter-set-with-sheets-5-pieces-design-05 | C85: T2 | D85: Meta Title Quality & Length | E85: 5 | F85: 5 | G85: PASS | H85: pamnest-twin-halloween-comforter-set-with-sheets-5-pieces-design-05: Meta title is concise (28-39 chars), well under 60-char truncation threshold, and brand suffix is handled by Shopify theme. | I85: Audited in batch 17 r3. Criteria T2 weight=5.0.
A86: CRIT-085 | B86: jeminise.com+pamnest-twin-halloween-comforter-set-with-sheets-5-pieces-design-05 | C86: D1 | D86: Meta Description Quality & Length | E86: 5 | F86: 5 | G86: PASS | H86: pamnest-twin-halloween-comforter-set-with-sheets-5-pieces-design-05: Meta description is concise (100-120 chars), provides a compelling action-oriented summary with size chart notice. | I86: Audited in batch 17 r3. Criteria D1 weight=5.0.
A87: CRIT-086 | B87: jeminise.com+pamnest-twin-halloween-comforter-set-with-sheets-5-pieces-design-05 | C87: D2 | D87: Description Proposed Content & Completeness | E87: 10 | F87: 7 | G87: PARTIAL | H87: pamnest-twin-halloween-comforter-set-with-sheets-5-pieces-design-05: Description HTML is clean but contains robotic meta-commentary sentences explaining copywriting rules and omits essential verified technical/package specifications. | I87: Audited in batch 17 r3. Criteria D2 weight=10.0.
A88: CRIT-087 | B88: jeminise.com+pamnest-twin-halloween-comforter-set-with-sheets-5-pieces-design-05 | C88: I1 | D88: Image Optimization & Coverage | E88: 20 | F88: =ROUND(0.20*AVERAGEIF(QA_Images!B:B,B88,QA_Images!N:N),2) | G88: PASS | H88: pamnest-twin-halloween-comforter-set-with-sheets-5-pieces-design-05: All baseline gallery images directly inspected, specific visual observations recorded, and keyword-aligned alt text proposed. | I88: Audited in batch 17 r3. Criteria I1 weight=20.0.
A89: CRIT-088 | B89: jeminise.com+pamnest-twin-halloween-comforter-set-with-sheets-5-pieces-design-05 | C89: E1 | D89: Evidence & Research Traceability | E89: 5 | F89: 4 | G89: LIMITATION | H89: pamnest-twin-halloween-comforter-set-with-sheets-5-pieces-design-05: Evidence backed by live US SERPs (20 queries) and storefront audit; documented limitation on absent first-party Search Console data. | I89: Audited in batch 17 r3. Criteria E1 weight=5.0.
A90: CRIT-089 | B90: jeminise.com+pamnest-twin-halloween-comforter-set-with-sheets-5-pieces-design-06 | C90: P1 | D90: Product Identification | E90: 15 | F90: 15 | G90: PASS | H90: pamnest-twin-halloween-comforter-set-with-sheets-5-pieces-design-06: Accurately identified product form factor, material category, and design motif from direct visual audit and storefront data. | I90: Audited in batch 17 r3. Criteria P1 weight=15.0.
A91: CRIT-090 | B91: jeminise.com+pamnest-twin-halloween-comforter-set-with-sheets-5-pieces-design-06 | C91: P2 | D91: Taxonomy & Classification | E91: 10 | F91: 10 | G91: PASS | H91: pamnest-twin-halloween-comforter-set-with-sheets-5-pieces-design-06: Correct category assignment (Quilts vs Comforter Sets) aligning with Shopify collections and product type. | I91: Audited in batch 17 r3. Criteria P2 weight=10.0.
A92: CRIT-091 | B92: jeminise.com+pamnest-twin-halloween-comforter-set-with-sheets-5-pieces-design-06 | C92: K1 | D92: Primary Keyword Focus | E92: 10 | F92: 10 | G92: PASS | H92: pamnest-twin-halloween-comforter-set-with-sheets-5-pieces-design-06: Primary keyword accurately targets high-intent visual search demand validated via live US SERP analysis. | I92: Audited in batch 17 r3. Criteria K1 weight=10.0.
A93: CRIT-092 | B93: jeminise.com+pamnest-twin-halloween-comforter-set-with-sheets-5-pieces-design-06 | C93: K2 | D93: Secondary Keyword Support | E93: 5 | F93: 5 | G93: PASS | H93: pamnest-twin-halloween-comforter-set-with-sheets-5-pieces-design-06: Secondary keywords support relevant long-tail variations without keyword stuffing. | I93: Audited in batch 17 r3. Criteria K2 weight=5.0.
A94: CRIT-093 | B94: jeminise.com+pamnest-twin-halloween-comforter-set-with-sheets-5-pieces-design-06 | C94: K3 | D94: Keyword Cannibalization & Differentiation | E94: 5 | F94: 5 | G94: PASS | H94: pamnest-twin-halloween-comforter-set-with-sheets-5-pieces-design-06: Distinct keyword modifiers prevent internal competition across similar thematic items in the batch. | I94: Audited in batch 17 r3. Criteria K3 weight=5.0.
A95: CRIT-094 | B95: jeminise.com+pamnest-twin-halloween-comforter-set-with-sheets-5-pieces-design-06 | C95: T1 | D95: Title Proposed Quality & Accuracy | E95: 10 | F95: 10 | G95: PASS | H95: pamnest-twin-halloween-comforter-set-with-sheets-5-pieces-design-06: Title proposed is natural, high-converting, concise (<60 chars), and properly removes misleading variant claims (e.g. Twin 5-piece) from multi-size listings. | I95: Audited in batch 17 r3. Criteria T1 weight=10.0.
A96: CRIT-095 | B96: jeminise.com+pamnest-twin-halloween-comforter-set-with-sheets-5-pieces-design-06 | C96: T2 | D96: Meta Title Quality & Length | E96: 5 | F96: 5 | G96: PASS | H96: pamnest-twin-halloween-comforter-set-with-sheets-5-pieces-design-06: Meta title is concise (28-39 chars), well under 60-char truncation threshold, and brand suffix is handled by Shopify theme. | I96: Audited in batch 17 r3. Criteria T2 weight=5.0.
A97: CRIT-096 | B97: jeminise.com+pamnest-twin-halloween-comforter-set-with-sheets-5-pieces-design-06 | C97: D1 | D97: Meta Description Quality & Length | E97: 5 | F97: 5 | G97: PASS | H97: pamnest-twin-halloween-comforter-set-with-sheets-5-pieces-design-06: Meta description is concise (100-120 chars), provides a compelling action-oriented summary with size chart notice. | I97: Audited in batch 17 r3. Criteria D1 weight=5.0.
A98: CRIT-097 | B98: jeminise.com+pamnest-twin-halloween-comforter-set-with-sheets-5-pieces-design-06 | C98: D2 | D98: Description Proposed Content & Completeness | E98: 10 | F98: 7 | G98: PARTIAL | H98: pamnest-twin-halloween-comforter-set-with-sheets-5-pieces-design-06: Description HTML is clean but contains robotic meta-commentary sentences explaining copywriting rules and omits essential verified technical/package specifications. | I98: Audited in batch 17 r3. Criteria D2 weight=10.0.
A99: CRIT-098 | B99: jeminise.com+pamnest-twin-halloween-comforter-set-with-sheets-5-pieces-design-06 | C99: I1 | D99: Image Optimization & Coverage | E99: 20 | F99: =ROUND(0.20*AVERAGEIF(QA_Images!B:B,B99,QA_Images!N:N),2) | G99: PASS | H99: pamnest-twin-halloween-comforter-set-with-sheets-5-pieces-design-06: All baseline gallery images directly inspected, specific visual observations recorded, and keyword-aligned alt text proposed. | I99: Audited in batch 17 r3. Criteria I1 weight=20.0.
A100: CRIT-099 | B100: jeminise.com+pamnest-twin-halloween-comforter-set-with-sheets-5-pieces-design-06 | C100: E1 | D100: Evidence & Research Traceability | E100: 5 | F100: 4 | G100: LIMITATION | H100: pamnest-twin-halloween-comforter-set-with-sheets-5-pieces-design-06: Evidence backed by live US SERPs (20 queries) and storefront audit; documented limitation on absent first-party Search Console data. | I100: Audited in batch 17 r3. Criteria E1 weight=5.0.
...

Sheet QA_Images
A1: qa_image_key | B1: product_key | C1: Handle | D1: image_number | E1: media_id | F1: image_url | G1: file_path | H1: sha256_hash | I1: image_dimensions | J1: IM1_score | K1: IM2_score | L1: IM3_score | M1: IM4_score | N1: total_image_score | O1: image_qa_status | P1: observed_details_audit | Q1: alt_text_audit
A2: IMGQA-001 | B2: jeminise.com+norse-mythology-raven-within-celtic-knot-frame-quilt-906ee24d68-906ee24d68 | C2: norse-mythology-raven-within-celtic-knot-frame-quilt-906ee24d68-906ee24d68 | D2: 1 | E2: 47540522516679 | F2: https://cdn.shopify.com/s/files/1/0792/5098/1063/files/f5df6ea5afdf042e566b7af241d22bd6929357120dcb00f0bc65a8916d20bdd1.jpg?v=1785104402 | G2: images\161_01.jpg | H2: 5f2e3952f9cfee8bfb3fa02b98d3fe9ba2f05643499c0504ff9bf49991b087d9 | I2: 1000x1000 | J2: 40 | K2: 30 | L2: 20 | M2: 10 | N2: =SUM(J2:M2) | O2: =IF(N2>=85,"PASS",IF(N2>=70,"REVISE","FAIL")) | P2: Direct visual review verified: Bedroom mockup of blue raven quilt with Celtic knot frame, moon panel and matching shams. | Q2: Alt text verified: Blue raven Celtic knot quilt
A3: IMGQA-002 | B3: jeminise.com+norse-mythology-raven-within-celtic-knot-frame-quilt-906ee24d68-906ee24d68 | C3: norse-mythology-raven-within-celtic-knot-frame-quilt-906ee24d68-906ee24d68 | D3: 2 | E3: 47540522549447 | F3: https://cdn.shopify.com/s/files/1/0792/5098/1063/files/bbce88f2a66fabf46529458b35db7d33399da290b604d17e49b58d179adc7c2a.jpg?v=1785104402 | G3: images\161_02.jpg | H3: 45402a7b1c4420cca68969194e972cddbdf716be753b81a373687cdef4de4f8f | I3: 1000x1000 | J3: 40 | K3: 30 | L3: 20 | M3: 10 | N3: =SUM(J3:M3) | O3: =IF(N3>=85,"PASS",IF(N3>=70,"REVISE","FAIL")) | P3: Direct visual review verified: Feature mockup of Norse raven quilt with cozy, breathable, lightweight and washable icons. | Q3: Alt text verified: Blue raven quilt feature panel
A4: IMGQA-003 | B4: jeminise.com+norse-mythology-raven-within-celtic-knot-frame-quilt-906ee24d68-906ee24d68 | C4: norse-mythology-raven-within-celtic-knot-frame-quilt-906ee24d68-906ee24d68 | D4: 3 | E4: 47540522582215 | F4: https://cdn.shopify.com/s/files/1/0792/5098/1063/files/27dd51b6fe9a32b87ac804b19987fb134fc4570b327d844efdae0740d4303aab.jpg?v=1785104402 | G4: images\161_03.jpg | H4: 50afea49d61bc29a92a4df63f7ca1e547341fa8c7cf4d1ceb1cb69e9aa916042 | I4: 1000x1000 | J4: 40 | K4: 30 | L4: 20 | M4: 10 | N4: =SUM(J4:M4) | O4: =IF(N4>=85,"PASS",IF(N4>=70,"REVISE","FAIL")) | P4: Direct visual review verified: All seasons panel showing blue raven Celtic knot quilt details and magnified texture circles. | Q4: Alt text verified: Norse raven Celtic knot detail panel
A5: IMGQA-004 | B5: jeminise.com+norse-mythology-raven-within-celtic-knot-frame-quilt-906ee24d68-906ee24d68 | C5: norse-mythology-raven-within-celtic-knot-frame-quilt-906ee24d68-906ee24d68 | D5: 4 | E5: 47540522614983 | F5: https://cdn.shopify.com/s/files/1/0792/5098/1063/files/c63b8bede4de84261bd2bc195d98188fb288eba460ea7d07b0ef625dba18ed45.jpg?v=1785104402 | G5: images\161_04.jpg | H5: 1ebfe3b8d9025b494acfd0ca4022f40fa6a0c8fa2f48b98c0ada0b86eb2641de | I5: 1000x1000 | J5: 40 | K5: 30 | L5: 20 | M5: 10 | N5: =SUM(J5:M5) | O5: =IF(N5>=85,"PASS",IF(N5>=70,"REVISE","FAIL")) | P5: Direct visual review verified: Precision stitching panel showing raven, moon and Celtic knot close-ups. | Q5: Alt text verified: Blue raven quilt stitching panel
A6: IMGQA-005 | B6: jeminise.com+norse-mythology-raven-within-celtic-knot-frame-quilt-906ee24d68-906ee24d68 | C6: norse-mythology-raven-within-celtic-knot-frame-quilt-906ee24d68-906ee24d68 | D6: 5 | E6: 47540522647751 | F6: https://cdn.shopify.com/s/files/1/0792/5098/1063/files/bbe527fc7f68c31328261559b7b766ec905010bb91f9515c6d557dd1b085f14b.jpg?v=1785104402 | G6: images\161_05.jpg | H6: 8b8ab476b72df5dece8b47ff68fe7f7c254464fac6c53140000397e0ccaf3c53 | I6: 1000x1000 | J6: 40 | K6: 30 | L6: 20 | M6: 10 | N6: =SUM(J6:M6) | O6: =IF(N6>=85,"PASS",IF(N6>=70,"REVISE","FAIL")) | P6: Direct visual review verified: Layer panel showing microfiber woven top, filling microfiber and back microfiber. | Q6: Alt text verified: Raven quilt microfiber layer panel
A7: IMGQA-006 | B7: jeminise.com+norse-mythology-raven-within-celtic-knot-frame-quilt-906ee24d68-906ee24d68 | C7: norse-mythology-raven-within-celtic-knot-frame-quilt-906ee24d68-906ee24d68 | D7: 6 | E7: 47540522680519 | F7: https://cdn.shopify.com/s/files/1/0792/5098/1063/files/5cc9f4f96bdb0280d8a3c4b98775690e61d79ad5625e9f20a101536548fe3b0e.jpg?v=1785104402 | G7: images\161_06.jpg | H7: 6a3b322f6da7163f9772280430dde0229605bbf4dc984034eca74ee7b134a75a | I7: 1200x1200 | J7: 40 | K7: 30 | L7: 20 | M7: 10 | N7: =SUM(J7:M7) | O7: =IF(N7>=85,"PASS",IF(N7>=70,"REVISE","FAIL")) | P7: Direct visual review verified: Premium quilt set size chart showing available bed sizes and measurements. | Q7: Alt text verified: Quilt set size chart
A8: IMGQA-007 | B8: jeminise.com+norse-mythology-raven-within-celtic-knot-frame-quilt-906ee24d68-906ee24d68 | C8: norse-mythology-raven-within-celtic-knot-frame-quilt-906ee24d68-906ee24d68 | D8: 7 | E8: 47540522713287 | F8: https://cdn.shopify.com/s/files/1/0792/5098/1063/files/31facc27e0d676d03e5239357f2912111f3e0640688af1ac241589e99b6705fb.jpg?v=1785104402 | G8: images\161_07.jpg | H8: ecd93b622c766abf2c6d708d77408dedeb63c129220b99f56a5244f09ec16214 | I8: 1200x1200 | J8: 40 | K8: 30 | L8: 20 | M8: 10 | N8: =SUM(J8:M8) | O8: =IF(N8>=85,"PASS",IF(N8>=70,"REVISE","FAIL")) | P8: Direct visual review verified: Fabric detail panel showing blue raven Celtic knot print and quilt surface close-ups. | Q8: Alt text verified: Blue raven Celtic quilt fabric panel
A9: IMGQA-008 | B9: jeminise.com+norse-mythology-viking-shield-with-crossed-axes-quilt-ca630a284e-ca630a284e | C9: norse-mythology-viking-shield-with-crossed-axes-quilt-ca630a284e-ca630a284e | D9: 1 | E9: 47540537688263 | F9: https://cdn.shopify.com/s/files/1/0792/5098/1063/files/a0bb7b2e86bb5a07b6f85d9046b813c1954eadf01e22807354afd66a9ebfdea6.jpg?v=1785104553 | G9: images\162_01.jpg | H9: 5010ad7f41130dfeff8a19435ee269e7b39d6f6b4778a6627dd6f02631ca1448 | I9: 1000x1000 | J9: 40 | K9: 30 | L9: 20 | M9: 10 | N9: =SUM(J9:M9) | O9: =IF(N9>=85,"PASS",IF(N9>=70,"REVISE","FAIL")) | P9: Direct visual review verified: Bedroom mockup of black Valhalla Viking shield quilt with crossed axes and matching shams. | Q9: Alt text verified: Valhalla Viking shield quilt
A10: IMGQA-009 | B10: jeminise.com+norse-mythology-viking-shield-with-crossed-axes-quilt-ca630a284e-ca630a284e | C10: norse-mythology-viking-shield-with-crossed-axes-quilt-ca630a284e-ca630a284e | D10: 2 | E10: 47540537721031 | F10: https://cdn.shopify.com/s/files/1/0792/5098/1063/files/cdc35c826f340b6635063d4154a0b5dfe33f71c7ea05f07fdfc6546f09c22e28.jpg?v=1785104553 | G10: images\162_02.jpg | H10: b780f1c2a1a631706ac39c588d420c8721f546fd3fc03ab4a8cde4017456e7c6 | I10: 1200x1200 | J10: 40 | K10: 30 | L10: 20 | M10: 10 | N10: =SUM(J10:M10) | O10: =IF(N10>=85,"PASS",IF(N10>=70,"REVISE","FAIL")) | P10: Direct visual review verified: Feature mockup of Viking shield quilt with cozy, breathable, lightweight and washable icons. | Q10: Alt text verified: Viking shield quilt feature panel
A11: IMGQA-010 | B11: jeminise.com+norse-mythology-viking-shield-with-crossed-axes-quilt-ca630a284e-ca630a284e | C11: norse-mythology-viking-shield-with-crossed-axes-quilt-ca630a284e-ca630a284e | D11: 3 | E11: 47540537753799 | F11: https://cdn.shopify.com/s/files/1/0792/5098/1063/files/7127a02e884cad7c5184ce1b2946ac662960d39acad6edb3b8a21f844cc7fb83.jpg?v=1785104553 | G11: images\162_03.jpg | H11: 41afb4c92d4cf29d2ad3187cec72ec16f2171cc7f58a62794e269c4cae36a378 | I11: 1200x1200 | J11: 40 | K11: 30 | L11: 20 | M11: 10 | N11: =SUM(J11:M11) | O11: =IF(N11>=85,"PASS",IF(N11>=70,"REVISE","FAIL")) | P11: Direct visual review verified: All seasons panel showing Valhalla shield, crossed axes and runic background details. | Q11: Alt text verified: Valhalla shield quilt detail panel
A12: IMGQA-011 | B12: jeminise.com+norse-mythology-viking-shield-with-crossed-axes-quilt-ca630a284e-ca630a284e | C12: norse-mythology-viking-shield-with-crossed-axes-quilt-ca630a284e-ca630a284e | D12: 4 | E12: 47540537786567 | F12: https://cdn.shopify.com/s/files/1/0792/5098/1063/files/e1bca6ad0b85bcfa2b85d2a0322d79680fde7448a15adec1757a81eb07c4bf6f.jpg?v=1785104553 | G12: images\162_04.jpg | H12: a41a44134043c9136539f8e607535e3d11b3acb18100bb96cec2da445f2abd0f | I12: 1200x1200 | J12: 40 | K12: 30 | L12: 20 | M12: 10 | N12: =SUM(J12:M12) | O12: =IF(N12>=85,"PASS",IF(N12>=70,"REVISE","FAIL")) | P12: Direct visual review verified: Precision stitching panel showing Viking shield, crossed axes and black fabric close-ups. | Q12: Alt text verified: Viking shield quilt stitching panel
A13: IMGQA-012 | B13: jeminise.com+norse-mythology-viking-shield-with-crossed-axes-quilt-ca630a284e-ca630a284e | C13: norse-mythology-viking-shield-with-crossed-axes-quilt-ca630a284e-ca630a284e | D13: 5 | E13: 47540537819335 | F13: https://cdn.shopify.com/s/files/1/0792/5098/1063/files/77fb3f8c371cf27dd16588f3cf56fb24c12deaa2922c16412de893b0e53890dd.jpg?v=1785104553 | G13: images\162_05.jpg | H13: 022469ee5c53116cfe68e563776876b274b93c35fcee1527e5772890999a92a5 | I13: 1200x1200 | J13: 40 | K13: 30 | L13: 20 | M13: 10 | N13: =SUM(J13:M13) | O13: =IF(N13>=85,"PASS",IF(N13>=70,"REVISE","FAIL")) | P13: Direct visual review verified: Layer panel showing microfiber woven top, filling microfiber and back microfiber. | Q13: Alt text verified: Viking shield quilt microfiber layer panel
... A63: IMGQA-062 | B63: jeminise.com+pamnest-twin-halloween-comforter-set-with-sheets-5-pieces-design-07 | C63: pamnest-twin-halloween-comforter-set-with-sheets-5-pieces-design-07 | D63: 6 | E63: 48066078212295 | F63: https://cdn.shopify.com/s/files/1/0792/5098/1063/files/3e227101e2e9c24d641f1ea4dd5f5e1cb8ef75e8fe6c70b298e93002e2905f25.jpg?v=1787936313 | G63: images\170_06.jpg | H63: 6bb214f32e9ae6a6941d5862382f509a1dc19a42d9e7e2d9338ca4543c399593 | I63: 1500x1500 | J63: 40 | K63: 30 | L63: 20 | M63: 10 | N63: =SUM(J63:M63) | O63: =IF(N63>=85,"PASS",IF(N63>=70,"REVISE","FAIL")) | P63: Direct visual review verified: Package include panel with haunted house pumpkin bedding and size table. | Q63: Alt text verified: Haunted house comforter package panel

Sheet QA_Issues
A1: issue_id | B1: product_key | C1: qa_image_key | D1: severity | E1: field | F1: submitted_value | G1: source_observation | H1: reason | I1: recommended_fix | J1: supporting_evidence | K1: recheck_condition | L1: reconciliation_status
A2: ISSUE-0001 | B2: jeminise.com+norse-mythology-raven-within-celtic-knot-frame-quilt-906ee24d68-906ee24d68 | D2: MAJOR | E2: description_proposed_html | F2: <p>This Jeminise quilt set features blue patchwork Norse raven artwork within a Celtic knot frame with moon, raven and Tree of Life panels, making it suited for Viking-themed bedroom decor, mythology gifts or personalized Norse bedding.</p><h3>Design Details</h3><ul><li>Visible artwork: blue patchwork Norse raven artwork within a Celtic knot frame with moon, raven and Tree of Life panels.</li><li>Source product details include: Brand: Jeminise;… | G2: Draft contains SEO Use / QA approval wording. | H2: Internal workflow language is not publish-ready storefront copy. | I2: Remove internal QA/import block and replace with customer-facing verified copy. | J2: Draft contains SEO Use / QA approval wording. | K2: Description HTML no longer contains SEO Use, QA, approval, import or draft language. | L2: RESOLVED
A3: ISSUE-0002 | B3: jeminise.com+norse-mythology-raven-within-celtic-knot-frame-quilt-906ee24d68-906ee24d68 | D3: MAJOR | E3: h1_proposed | G3: The submitted workbook row has no proposed H1. | H3: A publishable SEO title/H1 pair is incomplete when the H1 field is blank. | I3: Write one English H1 that matches the verified product type and visible design; do not copy unsupported claims. | J3: The submitted workbook row has no proposed H1. | K3: Workbook contains a non-empty H1 and it is consistent with title, primary keyword and live product evidence. | L3: NOT_APPLICABLE
A4: ISSUE-0003 | B4: jeminise.com+norse-mythology-raven-within-celtic-knot-frame-quilt-906ee24d68-906ee24d68 | D4: MINOR | E4: meta_description_seo | F4: Shop a quilt set featuring blue patchwork Norse raven artwork within a Celtic knot frame with moon, raven and Tree of Life panels. Review available sizes and set options before checkout. | G4: Meta description length is 186 characters. | H4: Likely to truncate in search results and repeats review/personality wording in several rows. | I4: Rewrite to roughly 145-155 characters while preserving verified design and product type. | J4: Meta description length is 186 characters. | K4: Length check <=160 characters and no unsupported claim remains. | L4: RESOLVED
A5: ISSUE-0004 | B5: jeminise.com+norse-mythology-raven-within-celtic-knot-frame-quilt-906ee24d68-906ee24d68 | D5: LIMITATION | E5: keyword_evidence_level | F5: SERP_ONLY | G5: Only public SERP comparables are available. | H5: No Search Console, paid keyword volume or internal site search export was supplied. | I5: Keep demand statements qualitative; do not claim volume or ranking potential. | J5: Only public SERP comparables are available. | K5: Additional first-party or paid keyword evidence is attached, or limitation remains documented. | L5: PERSISTS
A6: ISSUE-0005 | B6: jeminise.com+norse-mythology-raven-within-celtic-knot-frame-quilt-906ee24d68-906ee24d68 | C6: img_4a32db49ec01b0ad | D6: MINOR | E6: alt text | F6: Blue Norse Raven Celtic Knot Quilt displayed in a main product mockup | G6: Fresh image file: D:\Shopify_Workspace\jeminise_seo\seo_runs\jeminise.com\20260906_234129\qa\20260907_212312\images\161_01.jpg; source URL: https://cdn.shopify.com/s/files/1/0792/5098/1063/files/f5df6ea5afdf042e566b7af241d22bd6929357120dcb00f0bc65a8916d20bdd1.jpg?v=1785104402 | H6: Alt text is too generic or describes placement more than visible content. | I6: Rewrite observation/alt from the directly opened image, naming the visible motif and use context. | J6: Fresh image file: D:\Shopify_Workspace\jeminise_seo\seo_runs\jeminise.com\20260906_234129\qa\20260907_212312\images\161_01.jpg; source URL: https://cdn.shopify.com/s/files/1/0792/5098/1063/files/f5df6ea5afdf042e566b7af241d22bd6929357120dcb00f0bc65a8916d20bdd1.jpg?v=1785104402 | K6: The image row accurately describes the actual media at this gallery position. | L6: RESOLVED
A7: ISSUE-0006 | B7: jeminise.com+norse-mythology-raven-within-celtic-knot-frame-quilt-906ee24d68-906ee24d68 | C7: img_6bf8da2d85e8de01 | D7: MINOR | E7: image observation | F7: Bedding type, feature, lifestyle or material image for blue Norse raven Celtic knot quilt. | G7: Fresh image file: D:\Shopify_Workspace\jeminise_seo\seo_runs\jeminise.com\20260906_234129\qa\20260907_212312\images\161_03.jpg; source URL: https://cdn.shopify.com/s/files/1/0792/5098/1063/files/27dd51b6fe9a32b87ac804b19987fb134fc4570b327d844efdae0740d4303aab.jpg?v=1785104402 | H7: Observation is generic or position-based; rewrite from the actual image content. | I7: Rewrite observation/alt from the directly opened image, naming the visible motif and use context. | J7: Fresh image file: D:\Shopify_Workspace\jeminise_seo\seo_runs\jeminise.com\20260906_234129\qa\20260907_212312\images\161_03.jpg; source URL: https://cdn.shopify.com/s/files/1/0792/5098/1063/files/27dd51b6fe9a32b87ac804b19987fb134fc4570b327d844efdae0740d4303aab.jpg?v=1785104402 | K7: The image row accurately describes the actual media at this gallery position. | L7: RESOLVED
A8: ISSUE-0007 | B8: jeminise.com+norse-mythology-raven-within-celtic-knot-frame-quilt-906ee24d68-906ee24d68 | C8: img_0b8db06ccd8ee1f6 | D8: MINOR | E8: image observation | F8: Detail, feature panel or lifestyle image connected to blue Norse raven Celtic knot quilt. | G8: Fresh image file: D:\Shopify_Workspace\jeminise_seo\seo_runs\jeminise.com\20260906_234129\qa\20260907_212312\images\161_04.jpg; source URL: https://cdn.shopify.com/s/files/1/0792/5098/1063/files/c63b8bede4de84261bd2bc195d98188fb288eba460ea7d07b0ef625dba18ed45.jpg?v=1785104402 | H8: Observation is generic or position-based; rewrite from the actual image content. | I8: Rewrite observation/alt from the directly opened image, naming the visible motif and use context. | J8: Fresh image file: D:\Shopify_Workspace\jeminise_seo\seo_runs\jeminise.com\20260906_234129\qa\20260907_212312\images\161_04.jpg; source URL: https://cdn.shopify.com/s/files/1/0792/5098/1063/files/c63b8bede4de84261bd2bc195d98188fb288eba460ea7d07b0ef625dba18ed45.jpg?v=1785104402 | K8: The image row accurately describes the actual media at this gallery position. | L8: RESOLVED
A9: ISSUE-0008 | B9: jeminise.com+norse-mythology-raven-within-celtic-knot-frame-quilt-906ee24d68-906ee24d68 | C9: img_4a8ac5f2d547d70c | D9: MINOR | E9: image observation | F9: Easy-care, size guide or product feature image for blue Norse raven Celtic knot quilt. | G9: Fresh image file: D:\Shopify_Workspace\jeminise_seo\seo_runs\jeminise.com\20260906_234129\qa\20260907_212312\images\161_06.jpg; source URL: https://cdn.shopify.com/s/files/1/0792/5098/1063/files/5cc9f4f96bdb0280d8a3c4b98775690e61d79ad5625e9f20a101536548fe3b0e.jpg?v=1785104402 | H9: Observation is generic or position-based; rewrite from the actual image content. | I9: Rewrite observation/alt from the directly opened image, naming the visible motif and use context. | J9: Fresh image file: D:\Shopify_Workspace\jeminise_seo\seo_runs\jeminise.com\20260906_234129\qa\20260907_212312\images\161_06.jpg; source URL: https://cdn.shopify.com/s/files/1/0792/5098/1063/files/5cc9f4f96bdb0280d8a3c4b98775690e61d79ad5625e9f20a101536548fe3b0e.jpg?v=1785104402 | K9: The image row accurately describes the actual media at this gallery position. | L9: RESOLVED
A10: ISSUE-0009 | B10: jeminise.com+norse-mythology-raven-within-celtic-knot-frame-quilt-906ee24d68-906ee24d68 | C10: img_4a8ac5f2d547d70c | D10: MINOR | E10: alt text | F10: Set contents and size chart image for Blue Norse Raven Celtic Knot Quilt | G10: Fresh image file: D:\Shopify_Workspace\jeminise_seo\seo_runs\jeminise.com\20260906_234129\qa\20260907_212312\images\161_06.jpg; source URL: https://cdn.shopify.com/s/files/1/0792/5098/1063/files/5cc9f4f96bdb0280d8a3c4b98775690e61d79ad5625e9f20a101536548fe3b0e.jpg?v=1785104402 | H10: Alt text is too generic or describes placement more than visible content. | I10: Rewrite observation/alt from the directly opened image, naming the visible motif and use context. | J10: Fresh image file: D:\Shopify_Workspace\jeminise_seo\seo_runs\jeminise.com\20260906_234129\qa\20260907_212312\images\161_06.jpg; source URL: https://cdn.shopify.com/s/files/1/0792/5098/1063/files/5cc9f4f96bdb0280d8a3c4b98775690e61d79ad5625e9f20a101536548fe3b0e.jpg?v=1785104402 | K10: The image row accurately describes the actual media at this gallery position. | L10: RESOLVED
A11: ISSUE-0010 | B11: jeminise.com+norse-mythology-raven-within-celtic-knot-frame-quilt-906ee24d68-906ee24d68 | C11: img_6ca30d95daecc374 | D11: MINOR | E11: image observation | F11: Additional lifestyle, feature or product detail image showing blue Norse raven Celtic knot quilt. | G11: Fresh image file: D:\Shopify_Workspace\jeminise_seo\seo_runs\jeminise.com\20260906_234129\qa\20260907_212312\images\161_07.jpg; source URL: https://cdn.shopify.com/s/files/1/0792/5098/1063/files/31facc27e0d676d03e5239357f2912111f3e0640688af1ac241589e99b6705fb.jpg?v=1785104402 | H11: Observation is generic or position-based; rewrite from the actual image content. | I11: Rewrite observation/alt from the directly opened image, naming the visible motif and use context. | J11: Fresh image file: D:\Shopify_Workspace\jeminise_seo\seo_runs\jeminise.com\20260906_234129\qa\20260907_212312\images\161_07.jpg; source URL: https://cdn.shopify.com/s/files/1/0792/5098/1063/files/31facc27e0d676d03e5239357f2912111f3e0640688af1ac241589e99b6705fb.jpg?v=1785104402 | K11: The image row accurately describes the actual media at this gallery position. | L11: RESOLVED
A12: ISSUE-0011 | B12: jeminise.com+norse-mythology-viking-shield-with-crossed-axes-quilt-ca630a284e-ca630a284e | D12: MAJOR | E12: description_proposed_html | F12: <p>This Jeminise quilt set features black Norse Valhalla design with a Viking shield, crossed axes and dark runic-style background, making it suited for Viking-themed bedroom decor, mythology gifts or personalized Norse bedding.</p><h3>Design Details</h3><ul><li>Visible artwork: black Norse Valhalla design with a Viking shield, crossed axes and dark runic-style background.</li><li>Source product details include: Brand: Jeminise; Product Type: Qu… | G12: Draft contains SEO Use / QA approval wording. | H12: Internal workflow language is not publish-ready storefront copy. | I12: Remove internal QA/import block and replace with customer-facing verified copy. | J12: Draft contains SEO Use / QA approval wording. | K12: Description HTML no longer contains SEO Use, QA, approval, import or draft language. | L12: RESOLVED
A13: ISSUE-0012 | B13: jeminise.com+norse-mythology-viking-shield-with-crossed-axes-quilt-ca630a284e-ca630a284e | D13: MAJOR | E13: h1_proposed | G13: The submitted workbook row has no proposed H1. | H13: A publishable SEO title/H1 pair is incomplete when the H1 field is blank. | I13: Write one English H1 that matches the verified product type and visible design; do not copy unsupported claims. | J13: The submitted workbook row has no proposed H1. | K13: Workbook contains a non-empty H1 and it is consistent with title, primary keyword and live product evidence. | L13: NOT_APPLICABLE
A14: ISSUE-0013 | B14: jeminise.com+norse-mythology-viking-shield-with-crossed-axes-quilt-ca630a284e-ca630a284e | D14: MINOR | E14: meta_description_seo | F14: Shop a quilt set featuring black Norse Valhalla design with a Viking shield, crossed axes and dark runic-style background. Review available sizes and set options before checkout. | G14: Meta description length is 178 characters. | H14: Likely to truncate in search results and repeats review/personality wording in several rows. | I14: Rewrite to roughly 145-155 characters while preserving verified design and product type. | J14: Meta description length is 178 characters. | K14: Length check <=160 characters and no unsupported claim remains. | L14: RESOLVED
A15: ISSUE-0014 | B15: jeminise.com+norse-mythology-viking-shield-with-crossed-axes-quilt-ca630a284e-ca630a284e | D15: MAJOR | E15: keyword_map | F15: Viking shield quilt | G15: https://www.amazon.ca/YCYR-Bedding-Pillowcase-Bedchamber-Comforter/dp/B09LQD91XZ; https://retail.blackpoolpleasurebeach.com/product/valhalla-duvet-set/; https://www.etsy.com/listing/4431801249/viking-axes-and-shield-woven-blanket; https://www.amazon.ca/YCYR-Bedding-Pillowcase-Bedchamber-Comforter/dp/B09LQD91XZ; https://retail.blackpoolpleasurebeach.com/product/valhalla-duvet-set/; https://www.etsy.com/listing/4431801249/viking-axes-and-shield-wo… | H15: Batch cluster contains several very similar products, so keyword/intent differentiation must be sharper. | I15: Add unique visible motif modifiers and avoid assigning the same generic product keyword to multiple URLs. | J15: https://www.amazon.ca/YCYR-Bedding-Pillowcase-Bedchamber-Comforter/dp/B09LQD91XZ; https://retail.blackpoolpleasurebeach.com/product/valhalla-duvet-set/; https://www.etsy.com/listing/4431801249/viking-axes-and-shield-woven-blanket; https://www.amazon.ca/YCYR-Bedding-Pillowcase-Bedchamber-Comforter/dp/B09LQD91XZ; https://retail.blackpoolpleasurebeach.com/product/valhalla-duvet-set/; https://www.etsy.com/listing/4431801249/viking-axes-and-shield-wo… | K15: SERP notes and title/meta show a distinct product-level query for this exact design. | L15: RESOLVED
A16: ISSUE-0015 | B16: jeminise.com+norse-mythology-viking-shield-with-crossed-axes-quilt-ca630a284e-ca630a284e | D16: LIMITATION | E16: keyword_evidence_level | F16: SERP_ONLY | G16: Only public SERP comparables are available. | H16: No Search Console, paid keyword volume or internal site search export was supplied. | I16: Keep demand statements qualitative; do not claim volume or ranking potential. | J16: Only public SERP comparables are available. | K16: Additional first-party or paid keyword evidence is attached, or limitation remains documented. | L16: PERSISTS
A17: ISSUE-0016 | B17: jeminise.com+norse-mythology-viking-shield-with-crossed-axes-quilt-ca630a284e-ca630a284e | C17: img_42492548a1a20fbe | D17: MINOR | E17: alt text | F17: Valhalla Viking Shield Crossed Axes Quilt displayed in a main product mockup | G17: Fresh image file: D:\Shopify_Workspace\jeminise_seo\seo_runs\jeminise.com\20260906_234129\qa\20260907_212312\images\162_01.jpg; source URL: https://cdn.shopify.com/s/files/1/0792/5098/1063/files/a0bb7b2e86bb5a07b6f85d9046b813c1954eadf01e22807354afd66a9ebfdea6.jpg?v=1785104553 | H17: Alt text is too generic or describes placement more than visible content. | I17: Rewrite observation/alt from the directly opened image, naming the visible motif and use context. | J17: Fresh image file: D:\Shopify_Workspace\jeminise_seo\seo_runs\jeminise.com\20260906_234129\qa\20260907_212312\images\162_01.jpg; source URL: https://cdn.shopify.com/s/files/1/0792/5098/1063/files/a0bb7b2e86bb5a07b6f85d9046b813c1954eadf01e22807354afd66a9ebfdea6.jpg?v=1785104553 | K17: The image row accurately describes the actual media at this gallery position. | L17: RESOLVED
A18: ISSUE-0017 | B18: jeminise.com+norse-mythology-viking-shield-with-crossed-axes-quilt-ca630a284e-ca630a284e | C18: img_c06b4b0b74770f0a | D18: MINOR | E18: image observation | F18: Bedding type, feature, lifestyle or material image for Valhalla Viking shield crossed axes quilt. | G18: Fresh image file: D:\Shopify_Workspace\jeminise_seo\seo_runs\jeminise.com\20260906_234129\qa\20260907_212312\images\162_03.jpg; source URL: https://cdn.shopify.com/s/files/1/0792/5098/1063/files/7127a02e884cad7c5184ce1b2946ac662960d39acad6edb3b8a21f844cc7fb83.jpg?v=1785104553 | H18: Observation is generic or position-based; rewrite from the actual image content. | I18: Rewrite observation/alt from the directly opened image, naming the visible motif and use context. | J18: Fresh image file: D:\Shopify_Workspace\jeminise_seo\seo_runs\jeminise.com\20260906_234129\qa\20260907_212312\images\162_03.jpg; source URL: https://cdn.shopify.com/s/files/1/0792/5098/1063/files/7127a02e884cad7c5184ce1b2946ac662960d39acad6edb3b8a21f844cc7fb83.jpg?v=1785104553 | K18: The image row accurately describes the actual media at this gallery position. | L18: RESOLVED
A19: ISSUE-0018 | B19: jeminise.com+norse-mythology-viking-shield-with-crossed-axes-quilt-ca630a284e-ca630a284e | C19: img_54624a6c9dde416f | D19: MINOR | E19: image observation | F19: Detail, feature panel or lifestyle image connected to Valhalla Viking shield crossed axes quilt. | G19: Fresh image file: D:\Shopify_Workspace\jeminise_seo\seo_runs\jeminise.com\20260906_234129\qa\20260907_212312\images\162_04.jpg; source URL: https://cdn.shopify.com/s/files/1/0792/5098/1063/files/e1bca6ad0b85bcfa2b85d2a0322d79680fde7448a15adec1757a81eb07c4bf6f.jpg?v=1785104553 | H19: Observation is generic or position-based; rewrite from the actual image content. | I19: Rewrite observation/alt from the directly opened image, naming the visible motif and use context. | J19: Fresh image file: D:\Shopify_Workspace\jeminise_seo\seo_runs\jeminise.com\20260906_234129\qa\20260907_212312\images\162_04.jpg; source URL: https://cdn.shopify.com/s/files/1/0792/5098/1063/files/e1bca6ad0b85bcfa2b85d2a0322d79680fde7448a15adec1757a81eb07c4bf6f.jpg?v=1785104553 | K19: The image row accurately describes the actual media at this gallery position. | L19: RESOLVED
A20: ISSUE-0019 | B20: jeminise.com+norse-mythology-viking-shield-with-crossed-axes-quilt-ca630a284e-ca630a284e | C20: img_038029ec09923701 | D20: MINOR | E20: image observation | F20: Easy-care, size guide or product feature image for Valhalla Viking shield crossed axes quilt. | G20: Fresh image file: D:\Shopify_Workspace\jeminise_seo\seo_runs\jeminise.com\20260906_234129\qa\20260907_212312\images\162_06.jpg; source URL: https://cdn.shopify.com/s/files/1/0792/5098/1063/files/ca05f793ad1004a8bcf1b14bc5f968c4664bf701819e6903e275f14d034862a6.jpg?v=1785104553 | H20: Observation is generic or position-based; rewrite from the actual image content. | I20: Rewrite observation/alt from the directly opened image, naming the visible motif and use context. | J20: Fresh image file: D:\Shopify_Workspace\jeminise_seo\seo_runs\jeminise.com\20260906_234129\qa\20260907_212312\images\162_06.jpg; source URL: https://cdn.shopify.com/s/files/1/0792/5098/1063/files/ca05f793ad1004a8bcf1b14bc5f968c4664bf701819e6903e275f14d034862a6.jpg?v=1785104553 | K20: The image row accurately describes the actual media at this gallery position. | L20: RESOLVED
A21: ISSUE-0020 | B21: jeminise.com+norse-mythology-viking-shield-with-crossed-axes-quilt-ca630a284e-ca630a284e | C21: img_038029ec09923701 | D21: MINOR | E21: alt text | F21: Set contents and size chart image for Valhalla Viking Shield Crossed Axes Quilt | G21: Fresh image file: D:\Shopify_Workspace\jeminise_seo\seo_runs\jeminise.com\20260906_234129\qa\20260907_212312\images\162_06.jpg; source URL: https://cdn.shopify.com/s/files/1/0792/5098/1063/files/ca05f793ad1004a8bcf1b14bc5f968c4664bf701819e6903e275f14d034862a6.jpg?v=1785104553 | H21: Alt text is too generic or describes placement more than visible content. | I21: Rewrite observation/alt from the directly opened image, naming the visible motif and use context. | J21: Fresh image file: D:\Shopify_Workspace\jeminise_seo\seo_runs\jeminise.com\20260906_234129\qa\20260907_212312\images\162_06.jpg; source URL: https://cdn.shopify.com/s/files/1/0792/5098/1063/files/ca05f793ad1004a8bcf1b14bc5f968c4664bf701819e6903e275f14d034862a6.jpg?v=1785104553 | K21: The image row accurately describes the actual media at this gallery position. | L21: RESOLVED
A22: ISSUE-0021 | B22: jeminise.com+norse-mythology-viking-shield-with-crossed-axes-quilt-ca630a284e-ca630a284e | C22: img_02da08e65517a2bf | D22: MINOR | E22: image observation | F22: Additional lifestyle, feature or product detail image showing Valhalla Viking shield crossed axes quilt. | G22: Fresh image file: D:\Shopify_Workspace\jeminise_seo\seo_runs\jeminise.com\20260906_234129\qa\20260907_212312\images\162_07.jpg; source URL: https://cdn.shopify.com/s/files/1/0792/5098/1063/files/b002678b1b933df28fb349bc6ff5667b37b28acab3f3e263980071a114b93302.jpg?v=1785104552 | H22: Observation is generic or position-based; rewrite from the actual image content. | I22: Rewrite observation/alt from the directly opened image, naming the visible motif and use context. | J22: Fresh image file: D:\Shopify_Workspace\jeminise_seo\seo_runs\jeminise.com\20260906_234129\qa\20260907_212312\images\162_07.jpg; source URL: https://cdn.shopify.com/s/files/1/0792/5098/1063/files/b002678b1b933df28fb349bc6ff5667b37b28acab3f3e263980071a114b93302.jpg?v=1785104552 | K22: The image row accurately describes the actual media at this gallery position. | L22: RESOLVED
A23: ISSUE-0022 | B23: jeminise.com+owl-patchwork-pattern-quilt-set-animals-quilt-set-style-owl-nights | D23: MAJOR | E23: description_proposed_html | F23: <p>This Jeminise quilt set features owl perched on a branch inside a moonlit blue circle with gold patchwork triangle border, making it suited for animal-themed rooms, rustic bedrooms or owl gift shoppers.</p><h3>Design Details</h3><ul><li>Visible artwork: owl perched on a branch inside a moonlit blue circle with gold patchwork triangle border.</li><li>Source product details include: Brand: Jeminise; Product Type: Quilt Sets; Material: Polycotto… | G23: Draft contains SEO Use / QA approval wording. | H23: Internal workflow language is not publish-ready storefront copy. | I23: Remove internal QA/import block and replace with customer-facing verified copy. | J23: Draft contains SEO Use / QA approval wording. | K23: Description HTML no longer contains SEO Use, QA, approval, import or draft language. | L23: RESOLVED
A24: ISSUE-0023 | B24: jeminise.com+owl-patchwork-pattern-quilt-set-animals-quilt-set-style-owl-nights | D24: MAJOR | E24: h1_proposed | G24: The submitted workbook row has no proposed H1. | H24: A publishable SEO title/H1 pair is incomplete when the H1 field is blank. | I24: Write one English H1 that matches the verified product type and visible design; do not copy unsupported claims. | J24: The submitted workbook row has no proposed H1. | K24: Workbook contains a non-empty H1 and it is consistent with title, primary keyword and live product evidence. | L24: NOT_APPLICABLE
A25: ISSUE-0024 | B25: jeminise.com+owl-patchwork-pattern-quilt-set-animals-quilt-set-style-owl-nights | D25: MINOR | E25: meta_description_seo | F25: Shop a quilt set featuring owl perched on a branch inside a moonlit blue circle with gold patchwork triangle border. Review available sizes and set options before checkout. | G25: Meta description length is 172 characters. | H25: Likely to truncate in search results and repeats review/personality wording in several rows. | I25: Rewrite to roughly 145-155 characters while preserving verified design and product type. | J25: Meta description length is 172 characters. | K25: Length check <=160 characters and no unsupported claim remains. | L25: RESOLVED
A26: ISSUE-0025 | B26: jeminise.com+owl-patchwork-pattern-quilt-set-animals-quilt-set-style-owl-nights | D26: LIMITATION | E26: keyword_evidence_level | F26: SERP_ONLY | G26: Only public SERP comparables are available. | H26: No Search Console, paid keyword volume or internal site search export was supplied. | I26: Keep demand statements qualitative; do not claim volume or ranking potential. | J26: Only public SERP comparables are available. | K26: Additional first-party or paid keyword evidence is attached, or limitation remains documented. | L26: PERSISTS
A27: ISSUE-0026 | B27: jeminise.com+owl-patchwork-pattern-quilt-set-animals-quilt-set-style-owl-nights | C27: img_c8bf6eea06d88efc | D27: MINOR | E27: alt text | F27: Blue Gold Owl Night Patchwork Quilt displayed in a main product mockup | G27: Fresh image file: D:\Shopify_Workspace\jeminise_seo\seo_runs\jeminise.com\20260906_234129\qa\20260907_212312\images\163_01.jpg; source URL: https://cdn.shopify.com/s/files/1/0792/5098/1063/files/b12b5b630d5361e095b70248a7029d44aa83474cedccaae8a99938e5a82aa9e5.jpg?v=1787233687 | H27: Alt text is too generic or describes placement more than visible content. | I27: Rewrite observation/alt from the directly opened image, naming the visible motif and use context. | J27: Fresh image file: D:\Shopify_Workspace\jeminise_seo\seo_runs\jeminise.com\20260906_234129\qa\20260907_212312\images\163_01.jpg; source URL: https://cdn.shopify.com/s/files/1/0792/5098/1063/files/b12b5b630d5361e095b70248a7029d44aa83474cedccaae8a99938e5a82aa9e5.jpg?v=1787233687 | K27: The image row accurately describes the actual media at this gallery position. | L27: RESOLVED
A28: ISSUE-0027 | B28: jeminise.com+owl-patchwork-pattern-quilt-set-animals-quilt-set-style-owl-nights | C28: img_5f334955b7afbf46 | D28: MINOR | E28: image observation | F28: Bedding type, feature, lifestyle or material image for blue gold owl night patchwork quilt. | G28: Fresh image file: D:\Shopify_Workspace\jeminise_seo\seo_runs\jeminise.com\20260906_234129\qa\20260907_212312\images\163_03.jpg; source URL: https://cdn.shopify.com/s/files/1/0792/5098/1063/files/fd5e9ddd0678c2d4c24c4bd3dfda693b589b9dd151f9f214cdc48d107b8e6592.jpg?v=1787233688 | H28: Observation is generic or position-based; rewrite from the actual image content. | I28: Rewrite observation/alt from the directly opened image, naming the visible motif and use context. | J28: Fresh image file: D:\Shopify_Workspace\jeminise_seo\seo_runs\jeminise.com\20260906_234129\qa\20260907_212312\images\163_03.jpg; source URL: https://cdn.shopify.com/s/files/1/0792/5098/1063/files/fd5e9ddd0678c2d4c24c4bd3dfda693b589b9dd151f9f214cdc48d107b8e6592.jpg?v=1787233688 | K28: The image row accurately describes the actual media at this gallery position. | L28: RESOLVED
A29: ISSUE-0028 | B29: jeminise.com+owl-patchwork-pattern-quilt-set-animals-quilt-set-style-owl-nights | C29: img_d0eb5575d6e4be02 | D29: MINOR | E29: image observation | F29: Detail, feature panel or lifestyle image connected to blue gold owl night patchwork quilt. | G29: Fresh image file: D:\Shopify_Workspace\jeminise_seo\seo_runs\jeminise.com\20260906_234129\qa\20260907_212312\images\163_04.jpg; source URL: https://cdn.shopify.com/s/files/1/0792/5098/1063/files/ce286ca93c0b88510ca875a37e7b75b32cb61e52da352d95c54cd2628b51fbf3.jpg?v=1787233687 | H29: Observation is generic or position-based; rewrite from the actual image content. | I29: Rewrite observation/alt from the directly opened image, naming the visible motif and use context. | J29: Fresh image file: D:\Shopify_Workspace\jeminise_seo\seo_runs\jeminise.com\20260906_234129\qa\20260907_212312\images\163_04.jpg; source URL: https://cdn.shopify.com/s/files/1/0792/5098/1063/files/ce286ca93c0b88510ca875a37e7b75b32cb61e52da352d95c54cd2628b51fbf3.jpg?v=1787233687 | K29: The image row accurately describes the actual media at this gallery position. | L29: RESOLVED
A30: ISSUE-0029 | B30: jeminise.com+owl-patchwork-pattern-quilt-set-animals-quilt-set-style-owl-nights | C30: img_62ecd3b014c00446 | D30: MINOR | E30: image observation | F30: Easy-care, size guide or product feature image for blue gold owl night patchwork quilt. | G30: Fresh image file: D:\Shopify_Workspace\jeminise_seo\seo_runs\jeminise.com\20260906_234129\qa\20260907_212312\images\163_06.jpg; source URL: https://cdn.shopify.com/s/files/1/0792/5098/1063/files/f095089ab7e2322f9d282beb998fa6a7ca93bd23ffea553618ab9ab073cac9e5.jpg?v=1787233687 | H30: Observation is generic or position-based; rewrite from the actual image content. | I30: Rewrite observation/alt from the directly opened image, naming the visible motif and use context. | J30: Fresh image file: D:\Shopify_Workspace\jeminise_seo\seo_runs\jeminise.com\20260906_234129\qa\20260907_212312\images\163_06.jpg; source URL: https://cdn.shopify.com/s/files/1/0792/5098/1063/files/f095089ab7e2322f9d282beb998fa6a7ca93bd23ffea553618ab9ab073cac9e5.jpg?v=1787233687 | K30: The image row accurately describes the actual media at this gallery position. | L30: RESOLVED
A31: ISSUE-0030 | B31: jeminise.com+owl-patchwork-pattern-quilt-set-animals-quilt-set-style-owl-nights | C31: img_62ecd3b014c00446 | D31: MINOR | E31: alt text | F31: Set contents and size chart image for Blue Gold Owl Night Patchwork Quilt | G31: Fresh image file: D:\Shopify_Workspace\jeminise_seo\seo_runs\jeminise.com\20260906_234129\qa\20260907_212312\images\163_06.jpg; source URL: https://cdn.shopify.com/s/files/1/0792/5098/1063/files/f095089ab7e2322f9d282beb998fa6a7ca93bd23ffea553618ab9ab073cac9e5.jpg?v=1787233687 | H31: Alt text is too generic or describes placement more than visible content. | I31: Rewrite observation/alt from the directly opened image, naming the visible motif and use context. | J31: Fresh image file: D:\Shopify_Workspace\jeminise_seo\seo_runs\jeminise.com\20260906_234129\qa\20260907_212312\images\163_06.jpg; source URL: https://cdn.shopify.com/s/files/1/0792/5098/1063/files/f095089ab7e2322f9d282beb998fa6a7ca93bd23ffea553618ab9ab073cac9e5.jpg?v=1787233687 | K31: The image row accurately describes the actual media at this gallery position. | L31: RESOLVED
A32: ISSUE-0031 | B32: jeminise.com+owl-patchwork-pattern-quilt-set-animals-quilt-set-style-owl-nights | C32: img_3c9a72607271f5bb | D32: MINOR | E32: image observation | F32: Additional lifestyle, feature or product detail image showing blue gold owl night patchwork quilt. | G32: Fresh image file: D:\Shopify_Workspace\jeminise_seo\seo_runs\jeminise.com\20260906_234129\qa\20260907_212312\images\163_07.jpg; source URL: https://cdn.shopify.com/s/files/1/0792/5098/1063/files/4274176e594f473f9f9517f8df32a36888e067f66081c7c7ac33d02f839dab17.jpg?v=1787233688 | H32: Observation is generic or position-based; rewrite from the actual image content. | I32: Rewrite observation/alt from the directly opened image, naming the visible motif and use context. | J32: Fresh image file: D:\Shopify_Workspace\jeminise_seo\seo_runs\jeminise.com\20260906_234129\qa\20260907_212312\images\163_07.jpg; source URL: https://cdn.shopify.com/s/files/1/0792/5098/1063/files/4274176e594f473f9f9517f8df32a36888e067f66081c7c7ac33d02f839dab17.jpg?v=1787233688 | K32: The image row accurately describes the actual media at this gallery position. | L32: RESOLVED
A33: ISSUE-0032 | B33: jeminise.com+pamnest-twin-halloween-comforter-set-with-sheets-5-pieces-design-01 | D33: MAJOR | E33: description_proposed_html | F33: <p>This Jeminise comforter set features white and black Halloween bedding with witch silhouette, bats, ghost shapes, pumpkins and Halloween text, making it suited for seasonal Halloween rooms, guest beds, kids rooms or themed fall decor.</p><h3>Design Details</h3><ul><li>Visible artwork: white and black Halloween bedding with witch silhouette, bats, ghost shapes, pumpkins and Halloween text.</li><li>Source product details include: Brand: Jeminis… | G33: Draft contains SEO Use / QA approval wording. | H33: Internal workflow language is not publish-ready storefront copy. | I33: Remove internal QA/import block and replace with customer-facing verified copy. | J33: Draft contains SEO Use / QA approval wording. | K33: Description HTML no longer contains SEO Use, QA, approval, import or draft language. | L33: RESOLVED
A34: ISSUE-0033 | B34: jeminise.com+pamnest-twin-halloween-comforter-set-with-sheets-5-pieces-design-01 | D34: MAJOR | E34: h1_proposed | G34: The submitted workbook row has no proposed H1. | H34: A publishable SEO title/H1 pair is incomplete when the H1 field is blank. | I34: Write one English H1 that matches the verified product type and visible design; do not copy unsupported claims. | J34: The submitted workbook row has no proposed H1. | K34: Workbook contains a non-empty H1 and it is consistent with title, primary keyword and live product evidence. | L34: NOT_APPLICABLE
A35: ISSUE-0034 | B35: jeminise.com+pamnest-twin-halloween-comforter-set-with-sheets-5-pieces-design-01 | D35: MINOR | E35: meta_description_seo | F35: Shop a comforter set featuring white and black Halloween bedding with witch silhouette, bats, ghost shapes, pumpkins and Halloween text. Review available sizes and set options before checkout. | G35: Meta description length is 192 characters. | H35: Likely to truncate in search results and repeats review/personality wording in several rows. | I35: Rewrite to roughly 145-155 characters while preserving verified design and product type. | J35: Meta description length is 192 characters. | K35: Length check <=160 characters and no unsupported claim remains. | L35: RESOLVED
A36: ISSUE-0035 | B36: jeminise.com+pamnest-twin-halloween-comforter-set-with-sheets-5-pieces-design-01 | D36: LIMITATION | E36: keyword_evidence_level | F36: SERP_ONLY | G36: Only public SERP comparables are available. | H36: No Search Console, paid keyword volume or internal site search export was supplied. | I36: Keep demand statements qualitative; do not claim volume or ranking potential. | J36: Only public SERP comparables are available. | K36: Additional first-party or paid keyword evidence is attached, or limitation remains documented. | L36: PERSISTS
A37: ISSUE-0036 | B37: jeminise.com+pamnest-twin-halloween-comforter-set-with-sheets-5-pieces-design-01 | C37: img_a2e12ffadb482f41 | D37: MINOR | E37: alt text | F37: White Black Halloween Witch Comforter Set displayed in a main product mockup | G37: Fresh image file: D:\Shopify_Workspace\jeminise_seo\seo_runs\jeminise.com\20260906_234129\qa\20260907_212312\images\164_01.jpg; source URL: https://cdn.shopify.com/s/files/1/0792/5098/1063/files/78a96e41092763591645a0417450b0227ec7a4e31e21df8a327fb2d2f9428605.jpg?v=1787936155 | H37: Alt text is too generic or describes placement more than visible content. | I37: Rewrite observation/alt from the directly opened image, naming the visible motif and use context. | J37: Fresh image file: D:\Shopify_Workspace\jeminise_seo\seo_runs\jeminise.com\20260906_234129\qa\20260907_212312\images\164_01.jpg; source URL: https://cdn.shopify.com/s/files/1/0792/5098/1063/files/78a96e41092763591645a0417450b0227ec7a4e31e21df8a327fb2d2f9428605.jpg?v=1787936155 | K37: The image row accurately describes the actual media at this gallery position. | L37: RESOLVED
A38: ISSUE-0037 | B38: jeminise.com+pamnest-twin-halloween-comforter-set-with-sheets-5-pieces-design-01 | C38: img_366286e5e9757883 | D38: MINOR | E38: image observation | F38: Bedding type, feature, lifestyle or material image for white black Halloween witch comforter set. | G38: Fresh image file: D:\Shopify_Workspace\jeminise_seo\seo_runs\jeminise.com\20260906_234129\qa\20260907_212312\images\164_03.jpg; source URL: https://cdn.shopify.com/s/files/1/0792/5098/1063/files/3a0f47e9dcbafab9191ddf7aa843e8572e2cec872b35c6521dc7218921e61123.jpg?v=1787936155 | H38: Observation is generic or position-based; rewrite from the actual image content. | I38: Rewrite observation/alt from the directly opened image, naming the visible motif and use context. | J38: Fresh image file: D:\Shopify_Workspace\jeminise_seo\seo_runs\jeminise.com\20260906_234129\qa\20260907_212312\images\164_03.jpg; source URL: https://cdn.shopify.com/s/files/1/0792/5098/1063/files/3a0f47e9dcbafab9191ddf7aa843e8572e2cec872b35c6521dc7218921e61123.jpg?v=1787936155 | K38: The image row accurately describes the actual media at this gallery position. | L38: RESOLVED
A39: ISSUE-0038 | B39: jeminise.com+pamnest-twin-halloween-comforter-set-with-sheets-5-pieces-design-01 | C39: img_0a5c13d0294e275e | D39: MINOR | E39: image observation | F39: Detail, feature panel or lifestyle image connected to white black Halloween witch comforter set. | G39: Fresh image file: D:\Shopify_Workspace\jeminise_seo\seo_runs\jeminise.com\20260906_234129\qa\20260907_212312\images\164_04.jpg; source URL: https://cdn.shopify.com/s/files/1/0792/5098/1063/files/1719f23b3d46b7c6722a21c797b77ed0780f9bbd492bf1c7f1046cc658013293.jpg?v=1787936155 | H39: Observation is generic or position-based; rewrite from the actual image content. | I39: Rewrite observation/alt from the directly opened image, naming the visible motif and use context. | J39: Fresh image file: D:\Shopify_Workspace\jeminise_seo\seo_runs\jeminise.com\20260906_234129\qa\20260907_212312\images\164_04.jpg; source URL: https://cdn.shopify.com/s/files/1/0792/5098/1063/files/1719f23b3d46b7c6722a21c797b77ed0780f9bbd492bf1c7f1046cc658013293.jpg?v=1787936155 | K39: The image row accurately describes the actual media at this gallery position. | L39: RESOLVED
A40: ISSUE-0039 | B40: jeminise.com+pamnest-twin-halloween-comforter-set-with-sheets-5-pieces-design-01 | C40: img_2a79032892829598 | D40: MINOR | E40: image observation | F40: Easy-care, size guide or product feature image for white black Halloween witch comforter set. | G40: Fresh image file: D:\Shopify_Workspace\jeminise_seo\seo_runs\jeminise.com\20260906_234129\qa\20260907_212312\images\164_06.jpg; source URL: https://cdn.shopify.com/s/files/1/0792/5098/1063/files/29f57080b218682bc1f4e3c223af89a66eef5bc96e3704046ce51202cb67c670.jpg?v=1787936155 | H40: Observation is generic or position-based; rewrite from the actual image content. | I40: Rewrite observation/alt from the directly opened image, naming the visible motif and use context. | J40: Fresh image file: D:\Shopify_Workspace\jeminise_seo\seo_runs\jeminise.com\20260906_234129\qa\20260907_212312\images\164_06.jpg; source URL: https://cdn.shopify.com/s/files/1/0792/5098/1063/files/29f57080b218682bc1f4e3c223af89a66eef5bc96e3704046ce51202cb67c670.jpg?v=1787936155 | K40: The image row accurately describes the actual media at this gallery position. | L40: RESOLVED
A41: ISSUE-0040 | B41: jeminise.com+pamnest-twin-halloween-comforter-set-with-sheets-5-pieces-design-01 | C41: img_2a79032892829598 | D41: MINOR | E41: alt text | F41: Set contents and size chart image for White Black Halloween Witch Comforter Set | G41: Fresh image file: D:\Shopify_Workspace\jeminise_seo\seo_runs\jeminise.com\20260906_234129\qa\20260907_212312\images\164_06.jpg; source URL: https://cdn.shopify.com/s/files/1/0792/5098/1063/files/29f57080b218682bc1f4e3c223af89a66eef5bc96e3704046ce51202cb67c670.jpg?v=1787936155 | H41: Alt text is too generic or describes placement more than visible content. | I41: Rewrite observation/alt from the directly opened image, naming the visible motif and use context. | J41: Fresh image file: D:\Shopify_Workspace\jeminise_seo\seo_runs\jeminise.com\20260906_234129\qa\20260907_212312\images\164_06.jpg; source URL: https://cdn.shopify.com/s/files/1/0792/5098/1063/files/29f57080b218682bc1f4e3c223af89a66eef5bc96e3704046ce51202cb67c670.jpg?v=1787936155 | K41: The image row accurately describes the actual media at this gallery position. | L41: RESOLVED
A42: ISSUE-0041 | B42: jeminise.com+pamnest-twin-halloween-comforter-set-with-sheets-5-pieces-design-02 | D42: MAJOR | E42: description_proposed_html | F42: <p>This Jeminise comforter set features dark gray Halloween bedding with smiling ghosts, jack-o-lantern pumpkins, bats, stars and spiderwebs, making it suited for seasonal Halloween rooms, guest beds, kids rooms or themed fall decor.</p><h3>Design Details</h3><ul><li>Visible artwork: dark gray Halloween bedding with smiling ghosts, jack-o-lantern pumpkins, bats, stars and spiderwebs.</li><li>Source product details include: Brand: Jeminise; Produ… | G42: Draft contains SEO Use / QA approval wording. | H42: Internal workflow language is not publish-ready storefront copy. | I42: Remove internal QA/import block and replace with customer-facing verified copy. | J42: Draft contains SEO Use / QA approval wording. | K42: Description HTML no longer contains SEO Use, QA, approval, import or draft language. | L42: RESOLVED
A43: ISSUE-0042 | B43: jeminise.com+pamnest-twin-halloween-comforter-set-with-sheets-5-pieces-design-02 | D43: MAJOR | E43: h1_proposed | G43: The submitted workbook row has no proposed H1. | H43: A publishable SEO title/H1 pair is incomplete when the H1 field is blank. | I43: Write one English H1 that matches the verified product type and visible design; do not copy unsupported claims. | J43: The submitted workbook row has no proposed H1. | K43: Workbook contains a non-empty H1 and it is consistent with title, primary keyword and live product evidence. | L43: NOT_APPLICABLE
A44: ISSUE-0043 | B44: jeminise.com+pamnest-twin-halloween-comforter-set-with-sheets-5-pieces-design-02 | D44: MINOR | E44: meta_description_seo | F44: Shop a comforter set featuring dark gray Halloween bedding with smiling ghosts, jack-o-lantern pumpkins, bats, stars and spiderwebs. Review available sizes and set options before checkout. | G44: Meta description length is 188 characters. | H44: Likely to truncate in search results and repeats review/personality wording in several rows. | I44: Rewrite to roughly 145-155 characters while preserving verified design and product type. | J44: Meta description length is 188 characters. | K44: Length check <=160 characters and no unsupported claim remains. | L44: RESOLVED
A45: ISSUE-0044 | B45: jeminise.com+pamnest-twin-halloween-comforter-set-with-sheets-5-pieces-design-02 | D45: LIMITATION | E45: keyword_evidence_level | F45: SERP_ONLY | G45: Only public SERP comparables are available. | H45: No Search Console, paid keyword volume or internal site search export was supplied. | I45: Keep demand statements qualitative; do not claim volume or ranking potential. | J45: Only public SERP comparables are available. | K45: Additional first-party or paid keyword evidence is attached, or limitation remains documented. | L45: PERSISTS
A46: ISSUE-0045 | B46: jeminise.com+pamnest-twin-halloween-comforter-set-with-sheets-5-pieces-design-02 | C46: img_223dbdfdbd23286e | D46: MINOR | E46: alt text | F46: Gray Halloween Ghost Pumpkin Comforter Set displayed in a main product mockup | G46: Fresh image file: D:\Shopify_Workspace\jeminise_seo\seo_runs\jeminise.com\20260906_234129\qa\20260907_212312\images\165_01.jpg; source URL: https://cdn.shopify.com/s/files/1/0792/5098/1063/files/33827958b0d3465c97d89ef8a7a7e67a7aa5b22c8c0c87d5a26f80b5c0d5fd2b.jpg?v=1787936172 | H46: Alt text is too generic or describes placement more than visible content. | I46: Rewrite observation/alt from the directly opened image, naming the visible motif and use context. | J46: Fresh image file: D:\Shopify_Workspace\jeminise_seo\seo_runs\jeminise.com\20260906_234129\qa\20260907_212312\images\165_01.jpg; source URL: https://cdn.shopify.com/s/files/1/0792/5098/1063/files/33827958b0d3465c97d89ef8a7a7e67a7aa5b22c8c0c87d5a26f80b5c0d5fd2b.jpg?v=1787936172 | K46: The image row accurately describes the actual media at this gallery position. | L46: RESOLVED
A47: ISSUE-0046 | B47: jeminise.com+pamnest-twin-halloween-comforter-set-with-sheets-5-pieces-design-02 | C47: img_abd32113247337ea | D47: MINOR | E47: image observation | F47: Bedding type, feature, lifestyle or material image for gray Halloween ghost pumpkin comforter set. | G47: Fresh image file: D:\Shopify_Workspace\jeminise_seo\seo_runs\jeminise.com\20260906_234129\qa\20260907_212312\images\165_03.jpg; source URL: https://cdn.shopify.com/s/files/1/0792/5098/1063/files/a18c5a71570f28636f9f2ca9d6b8130fc7d60bcb88cb88d9623b134efc54b9e5.jpg?v=1787936172 | H47: Observation is generic or position-based; rewrite from the actual image content. | I47: Rewrite observation/alt from the directly opened image, naming the visible motif and use context. | J47: Fresh image file: D:\Shopify_Workspace\jeminise_seo\seo_runs\jeminise.com\20260906_234129\qa\20260907_212312\images\165_03.jpg; source URL: https://cdn.shopify.com/s/files/1/0792/5098/1063/files/a18c5a71570f28636f9f2ca9d6b8130fc7d60bcb88cb88d9623b134efc54b9e5.jpg?v=1787936172 | K47: The image row accurately describes the actual media at this gallery position. | L47: RESOLVED
A48: ISSUE-0047 | B48: jeminise.com+pamnest-twin-halloween-comforter-set-with-sheets-5-pieces-design-02 | C48: img_157bd8ca18b1ecc8 | D48: MINOR | E48: image observation | F48: Detail, feature panel or lifestyle image connected to gray Halloween ghost pumpkin comforter set. | G48: Fresh image file: D:\Shopify_Workspace\jeminise_seo\seo_runs\jeminise.com\20260906_234129\qa\20260907_212312\images\165_04.jpg; source URL: https://cdn.shopify.com/s/files/1/0792/5098/1063/files/1a110cdeb4611bb06dc73025e19e092ef38bf550ce9870452a33b81728254f09.jpg?v=1787936172 | H48: Observation is generic or position-based; rewrite from the actual image content. | I48: Rewrite observation/alt from the directly opened image, naming the visible motif and use context. | J48: Fresh image file: D:\Shopify_Workspace\jeminise_seo\seo_runs\jeminise.com\20260906_234129\qa\20260907_212312\images\165_04.jpg; source URL: https://cdn.shopify.com/s/files/1/0792/5098/1063/files/1a110cdeb4611bb06dc73025e19e092ef38bf550ce9870452a33b81728254f09.jpg?v=1787936172 | K48: The image row accurately describes the actual media at this gallery position. | L48: RESOLVED
A49: ISSUE-0048 | B49: jeminise.com+pamnest-twin-halloween-comforter-set-with-sheets-5-pieces-design-03 | D49: MAJOR | E49: description_proposed_html | F49: <p>This Jeminise comforter set features black comforter set covered with white cartoon ghost shapes and matching ghost pillow shams, making it suited for seasonal Halloween rooms, guest beds, kids rooms or themed fall decor.</p><h3>Design Details</h3><ul><li>Visible artwork: black comforter set covered with white cartoon ghost shapes and matching ghost pillow shams.</li><li>Source product details include: Brand: Jeminise; Product Type: Comforter… | G49: Draft contains SEO Use / QA approval wording. | H49: Internal workflow language is not publish-ready storefront copy. | I49: Remove internal QA/import block and replace with customer-facing verified copy. | J49: Draft contains SEO Use / QA approval wording. | K49: Description HTML no longer contains SEO Use, QA, approval, import or draft language. | L49: RESOLVED
A50: ISSUE-0049 | B50: jeminise.com+pamnest-twin-halloween-comforter-set-with-sheets-5-pieces-design-03 | D50: MAJOR | E50: h1_proposed | G50: The submitted workbook row has no proposed H1. | H50: A publishable SEO title/H1 pair is incomplete when the H1 field is blank. | I50: Write one English H1 that matches the verified product type and visible design; do not copy unsupported claims. | J50: The submitted workbook row has no proposed H1. | K50: Workbook contains a non-empty H1 and it is consistent with title, primary keyword and live product evidence. | L50: NOT_APPLICABLE
A51: ISSUE-0050 | B51: jeminise.com+pamnest-twin-halloween-comforter-set-with-sheets-5-pieces-design-03 | D51: MINOR | E51: meta_description_seo | F51: Shop a comforter set featuring black comforter set covered with white cartoon ghost shapes and matching ghost pillow shams. Review available sizes and set options before checkout. | G51: Meta description length is 179 characters. | H51: Likely to truncate in search results and repeats review/personality wording in several rows. | I51: Rewrite to roughly 145-155 characters while preserving verified design and product type. | J51: Meta description length is 179 characters. | K51: Length check <=160 characters and no unsupported claim remains. | L51: RESOLVED
A52: ISSUE-0051 | B52: jeminise.com+pamnest-twin-halloween-comforter-set-with-sheets-5-pieces-design-03 | D52: LIMITATION | E52: keyword_evidence_level | F52: SERP_ONLY | G52: Only public SERP comparables are available. | H52: No Search Console, paid keyword volume or internal site search export was supplied. | I52: Keep demand statements qualitative; do not claim volume or ranking potential. | J52: Only public SERP comparables are available. | K52: Additional first-party or paid keyword evidence is attached, or limitation remains documented. | L52: PERSISTS
A53: ISSUE-0052 | B53: jeminise.com+pamnest-twin-halloween-comforter-set-with-sheets-5-pieces-design-03 | C53: img_18e599949d42e7a6 | D53: MINOR | E53: alt text | F53: Black White Ghost Halloween Comforter Set displayed in a main product mockup | G53: Fresh image file: D:\Shopify_Workspace\jeminise_seo\seo_runs\jeminise.com\20260906_234129\qa\20260907_212312\images\166_01.jpg; source URL: https://cdn.shopify.com/s/files/1/0792/5098/1063/files/a04eaaab4fb68dc7448e32b7978cec1d481af7cf4430a3f72b91574bcb94ba65.jpg?v=1787936250 | H53: Alt text is too generic or describes placement more than visible content. | I53: Rewrite observation/alt from the directly opened image, naming the visible motif and use context. | J53: Fresh image file: D:\Shopify_Workspace\jeminise_seo\seo_runs\jeminise.com\20260906_234129\qa\20260907_212312\images\166_01.jpg; source URL: https://cdn.shopify.com/s/files/1/0792/5098/1063/files/a04eaaab4fb68dc7448e32b7978cec1d481af7cf4430a3f72b91574bcb94ba65.jpg?v=1787936250 | K53: The image row accurately describes the actual media at this gallery position. | L53: RESOLVED
A54: ISSUE-0053 | B54: jeminise.com+pamnest-twin-halloween-comforter-set-with-sheets-5-pieces-design-03 | C54: img_98adb4ea2bab06c3 | D54: MINOR | E54: image observation | F54: Bedding type, feature, lifestyle or material image for black white ghost Halloween comforter set. | G54: Fresh image file: D:\Shopify_Workspace\jeminise_seo\seo_runs\jeminise.com\20260906_234129\qa\20260907_212312\images\166_03.jpg; source URL: https://cdn.shopify.com/s/files/1/0792/5098/1063/files/e96376384911eb815950bd49399e4d932894d33483e6a2657a308a3f851871b2.jpg?v=1787936250 | H54: Observation is generic or position-based; rewrite from the actual image content. | I54: Rewrite observation/alt from the directly opened image, naming the visible motif and use context. | J54: Fresh image file: D:\Shopify_Workspace\jeminise_seo\seo_runs\jeminise.com\20260906_234129\qa\20260907_212312\images\166_03.jpg; source URL: https://cdn.shopify.com/s/files/1/0792/5098/1063/files/e96376384911eb815950bd49399e4d932894d33483e6a2657a308a3f851871b2.jpg?v=1787936250 | K54: The image row accurately describes the actual media at this gallery position. | L54: RESOLVED
A55: ISSUE-0054 | B55: jeminise.com+pamnest-twin-halloween-comforter-set-with-sheets-5-pieces-design-03 | C55: img_48a696a61579ec77 | D55: MINOR | E55: image observation | F55: Detail, feature panel or lifestyle image connected to black white ghost Halloween comforter set. | G55: Fresh image file: D:\Shopify_Workspace\jeminise_seo\seo_runs\jeminise.com\20260906_234129\qa\20260907_212312\images\166_04.jpg; source URL: https://cdn.shopify.com/s/files/1/0792/5098/1063/files/ac42bb85dc2b37a8d6b9f4d966756ea755486c3f61c156cf8759fda5147a0335.jpg?v=1787936250 | H55: Observation is generic or position-based; rewrite from the actual image content. | I55: Rewrite observation/alt from the directly opened image, naming the visible motif and use context. | J55: Fresh image file: D:\Shopify_Workspace\jeminise_seo\seo_runs\jeminise.com\20260906_234129\qa\20260907_212312\images\166_04.jpg; source URL: https://cdn.shopify.com/s/files/1/0792/5098/1063/files/ac42bb85dc2b37a8d6b9f4d966756ea755486c3f61c156cf8759fda5147a0335.jpg?v=1787936250 | K55: The image row accurately describes the actual media at this gallery position. | L55: RESOLVED
A56: ISSUE-0055 | B56: jeminise.com+pamnest-twin-halloween-comforter-set-with-sheets-5-pieces-design-03 | C56: img_638c13032e75fb69 | D56: MINOR | E56: image observation | F56: Easy-care, size guide or product feature image for black white ghost Halloween comforter set. | G56: Fresh image file: D:\Shopify_Workspace\jeminise_seo\seo_runs\jeminise.com\20260906_234129\qa\20260907_212312\images\166_06.jpg; source URL: https://cdn.shopify.com/s/files/1/0792/5098/1063/files/bbd8b3069747599cfa3e8e8deb179b9085c81592ba19d1c6287a8363a8238662.jpg?v=1787936250 | H56: Observation is generic or position-based; rewrite from the actual image content. | I56: Rewrite observation/alt from the directly opened image, naming the visible motif and use context. | J56: Fresh image file: D:\Shopify_Workspace\jeminise_seo\seo_runs\jeminise.com\20260906_234129\qa\20260907_212312\images\166_06.jpg; source URL: https://cdn.shopify.com/s/files/1/0792/5098/1063/files/bbd8b3069747599cfa3e8e8deb179b9085c81592ba19d1c6287a8363a8238662.jpg?v=1787936250 | K56: The image row accurately describes the actual media at this gallery position. | L56: RESOLVED
A57: ISSUE-0056 | B57: jeminise.com+pamnest-twin-halloween-comforter-set-with-sheets-5-pieces-design-03 | C57: img_638c13032e75fb69 | D57: MINOR | E57: alt text | F57: Set contents and size chart image for Black White Ghost Halloween Comforter Set | G57: Fresh image file: D:\Shopify_Workspace\jeminise_seo\seo_runs\jeminise.com\20260906_234129\qa\20260907_212312\images\166_06.jpg; source URL: https://cdn.shopify.com/s/files/1/0792/5098/1063/files/bbd8b3069747599cfa3e8e8deb179b9085c81592ba19d1c6287a8363a8238662.jpg?v=1787936250 | H57: Alt text is too generic or describes placement more than visible content. | I57: Rewrite observation/alt from the directly opened image, naming the visible motif and use context. | J57: Fresh image file: D:\Shopify_Workspace\jeminise_seo\seo_runs\jeminise.com\20260906_234129\qa\20260907_212312\images\166_06.jpg; source URL: https://cdn.shopify.com/s/files/1/0792/5098/1063/files/bbd8b3069747599cfa3e8e8deb179b9085c81592ba19d1c6287a8363a8238662.jpg?v=1787936250 | K57: The image row accurately describes the actual media at this gallery position. | L57: RESOLVED
A58: ISSUE-0057 | B58: jeminise.com+pamnest-twin-halloween-comforter-set-with-sheets-5-pieces-design-04 | D58: MAJOR | E58: description_proposed_html | F58: <p>This Jeminise comforter set features blue Halloween scene with large pumpkins, sheet ghosts, haunted trees, bats and moon artwork, making it suited for seasonal Halloween rooms, guest beds, kids rooms or themed fall decor.</p><h3>Design Details</h3><ul><li>Visible artwork: blue Halloween scene with large pumpkins, sheet ghosts, haunted trees, bats and moon artwork.</li><li>Source product details include: Brand: Jeminise; Product Type: Comfort… | G58: Draft contains SEO Use / QA approval wording. | H58: Internal workflow language is not publish-ready storefront copy. | I58: Remove internal QA/import block and replace with customer-facing verified copy. | J58: Draft contains SEO Use / QA approval wording. | K58: Description HTML no longer contains SEO Use, QA, approval, import or draft language. | L58: RESOLVED
A59: ISSUE-0058 | B59: jeminise.com+pamnest-twin-halloween-comforter-set-with-sheets-5-pieces-design-04 | D59: MAJOR | E59: h1_proposed | G59: The submitted workbook row has no proposed H1. | H59: A publishable SEO title/H1 pair is incomplete when the H1 field is blank. | I59: Write one English H1 that matches the verified product type and visible design; do not copy unsupported claims. | J59: The submitted workbook row has no proposed H1. | K59: Workbook contains a non-empty H1 and it is consistent with title, primary keyword and live product evidence. | L59: NOT_APPLICABLE
A60: ISSUE-0059 | B60: jeminise.com+pamnest-twin-halloween-comforter-set-with-sheets-5-pieces-design-04 | D60: MINOR | E60: meta_description_seo | F60: Shop a comforter set featuring blue Halloween scene with large pumpkins, sheet ghosts, haunted trees, bats and moon artwork. Review available sizes and set options before checkout. | G60: Meta description length is 180 characters. | H60: Likely to truncate in search results and repeats review/personality wording in several rows. | I60: Rewrite to roughly 145-155 characters while preserving verified design and product type. | J60: Meta description length is 180 characters. | K60: Length check <=160 characters and no unsupported claim remains. | L60: RESOLVED
A61: ISSUE-0060 | B61: jeminise.com+pamnest-twin-halloween-comforter-set-with-sheets-5-pieces-design-04 | D61: LIMITATION | E61: keyword_evidence_level | F61: SERP_ONLY | G61: Only public SERP comparables are available. | H61: No Search Console, paid keyword volume or internal site search export was supplied. | I61: Keep demand statements qualitative; do not claim volume or ranking potential. | J61: Only public SERP comparables are available. | K61: Additional first-party or paid keyword evidence is attached, or limitation remains documented. | L61: PERSISTS
A62: ISSUE-0061 | B62: jeminise.com+pamnest-twin-halloween-comforter-set-with-sheets-5-pieces-design-04 | C62: img_a78f074313a5fd42 | D62: MINOR | E62: alt text | F62: Blue Haunted Pumpkin Ghost Comforter Set displayed in a main product mockup | G62: Fresh image file: D:\Shopify_Workspace\jeminise_seo\seo_runs\jeminise.com\20260906_234129\qa\20260907_212312\images\167_01.jpg; source URL: https://cdn.shopify.com/s/files/1/0792/5098/1063/files/5d0f1cae5d8fbccfd0cedc69335c2f8dae57295710f0d39ce49b9d818247b5d7.jpg?v=1787936297 | H62: Alt text is too generic or describes placement more than visible content. | I62: Rewrite observation/alt from the directly opened image, naming the visible motif and use context. | J62: Fresh image file: D:\Shopify_Workspace\jeminise_seo\seo_runs\jeminise.com\20260906_234129\qa\20260907_212312\images\167_01.jpg; source URL: https://cdn.shopify.com/s/files/1/0792/5098/1063/files/5d0f1cae5d8fbccfd0cedc69335c2f8dae57295710f0d39ce49b9d818247b5d7.jpg?v=1787936297 | K62: The image row accurately describes the actual media at this gallery position. | L62: RESOLVED
A63: ISSUE-0062 | B63: jeminise.com+pamnest-twin-halloween-comforter-set-with-sheets-5-pieces-design-04 | C63: img_78a5c394d10e22d0 | D63: MINOR | E63: image observation | F63: Bedding type, feature, lifestyle or material image for blue haunted pumpkin ghost comforter set. | G63: Fresh image file: D:\Shopify_Workspace\jeminise_seo\seo_runs\jeminise.com\20260906_234129\qa\20260907_212312\images\167_03.jpg; source URL: https://cdn.shopify.com/s/files/1/0792/5098/1063/files/5ca4830cd71b5426ad687d0e98c5de6daada03acb8a658c0dbb56e9c1612eeb7.jpg?v=1787936297 | H63: Observation is generic or position-based; rewrite from the actual image content. | I63: Rewrite observation/alt from the directly opened image, naming the visible motif and use context. | J63: Fresh image file: D:\Shopify_Workspace\jeminise_seo\seo_runs\jeminise.com\20260906_234129\qa\20260907_212312\images\167_03.jpg; source URL: https://cdn.shopify.com/s/files/1/0792/5098/1063/files/5ca4830cd71b5426ad687d0e98c5de6daada03acb8a658c0dbb56e9c1612eeb7.jpg?v=1787936297 | K63: The image row accurately describes the actual media at this gallery position. | L63: RESOLVED
A64: ISSUE-0063 | B64: jeminise.com+pamnest-twin-halloween-comforter-set-with-sheets-5-pieces-design-04 | C64: img_d91839ec732041fa | D64: MINOR | E64: image observation | F64: Detail, feature panel or lifestyle image connected to blue haunted pumpkin ghost comforter set. | G64: Fresh image file: D:\Shopify_Workspace\jeminise_seo\seo_runs\jeminise.com\20260906_234129\qa\20260907_212312\images\167_04.jpg; source URL: https://cdn.shopify.com/s/files/1/0792/5098/1063/files/3e81ffaaf0deab65c1f4a3f78b8b479936f650a3a751ef521aab7f3ff885449e.jpg?v=1787936297 | H64: Observation is generic or position-based; rewrite from the actual image content. | I64: Rewrite observation/alt from the directly opened image, naming the visible motif and use context. | J64: Fresh image file: D:\Shopify_Workspace\jeminise_seo\seo_runs\jeminise.com\20260906_234129\qa\20260907_212312\images\167_04.jpg; source URL: https://cdn.shopify.com/s/files/1/0792/5098/1063/files/3e81ffaaf0deab65c1f4a3f78b8b479936f650a3a751ef521aab7f3ff885449e.jpg?v=1787936297 | K64: The image row accurately describes the actual media at this gallery position. | L64: RESOLVED
A65: ISSUE-0064 | B65: jeminise.com+pamnest-twin-halloween-comforter-set-with-sheets-5-pieces-design-04 | C65: img_d2c9d6272b82396c | D65: MINOR | E65: image observation | F65: Easy-care, size guide or product feature image for blue haunted pumpkin ghost comforter set. | G65: Fresh image file: D:\Shopify_Workspace\jeminise_seo\seo_runs\jeminise.com\20260906_234129\qa\20260907_212312\images\167_06.jpg; source URL: https://cdn.shopify.com/s/files/1/0792/5098/1063/files/b0d1da8d8060da04652dfbd8ac59558b6bb3e731d6cda0161cad77ec3b3c8fe2.jpg?v=1787936297 | H65: Observation is generic or position-based; rewrite from the actual image content. | I65: Rewrite observation/alt from the directly opened image, naming the visible motif and use context. | J65: Fresh image file: D:\Shopify_Workspace\jeminise_seo\seo_runs\jeminise.com\20260906_234129\qa\20260907_212312\images\167_06.jpg; source URL: https://cdn.shopify.com/s/files/1/0792/5098/1063/files/b0d1da8d8060da04652dfbd8ac59558b6bb3e731d6cda0161cad77ec3b3c8fe2.jpg?v=1787936297 | K65: The image row accurately describes the actual media at this gallery position. | L65: RESOLVED
A66: ISSUE-0065 | B66: jeminise.com+pamnest-twin-halloween-comforter-set-with-sheets-5-pieces-design-04 | C66: img_d2c9d6272b82396c | D66: MINOR | E66: alt text | F66: Set contents and size chart image for Blue Haunted Pumpkin Ghost Comforter Set | G66: Fresh image file: D:\Shopify_Workspace\jeminise_seo\seo_runs\jeminise.com\20260906_234129\qa\20260907_212312\images\167_06.jpg; source URL: https://cdn.shopify.com/s/files/1/0792/5098/1063/files/b0d1da8d8060da04652dfbd8ac59558b6bb3e731d6cda0161cad77ec3b3c8fe2.jpg?v=1787936297 | H66: Alt text is too generic or describes placement more than visible content. | I66: Rewrite observation/alt from the directly opened image, naming the visible motif and use context. | J66: Fresh image file: D:\Shopify_Workspace\jeminise_seo\seo_runs\jeminise.com\20260906_234129\qa\20260907_212312\images\167_06.jpg; source URL: https://cdn.shopify.com/s/files/1/0792/5098/1063/files/b0d1da8d8060da04652dfbd8ac59558b6bb3e731d6cda0161cad77ec3b3c8fe2.jpg?v=1787936297 | K66: The image row accurately describes the actual media at this gallery position. | L66: RESOLVED
A67: ISSUE-0066 | B67: jeminise.com+pamnest-twin-halloween-comforter-set-with-sheets-5-pieces-design-05 | D67: MAJOR | E67: description_proposed_html | F67: <p>This Jeminise comforter set features pink Halloween bedding with cute ghosts, witch hats, candy, stars and soft pink sheets, making it suited for seasonal Halloween rooms, guest beds, kids rooms or themed fall decor.</p><h3>Design Details</h3><ul><li>Visible artwork: pink Halloween bedding with cute ghosts, witch hats, candy, stars and soft pink sheets.</li><li>Source product details include: Brand: Jeminise; Product Type: Comforter Set; Mate… | G67: Draft contains SEO Use / QA approval wording. | H67: Internal workflow language is not publish-ready storefront copy. | I67: Remove internal QA/import block and replace with customer-facing verified copy. | J67: Draft contains SEO Use / QA approval wording. | K67: Description HTML no longer contains SEO Use, QA, approval, import or draft language. | L67: RESOLVED
A68: ISSUE-0067 | B68: jeminise.com+pamnest-twin-halloween-comforter-set-with-sheets-5-pieces-design-05 | D68: MAJOR | E68: h1_proposed | G68: The submitted workbook row has no proposed H1. | H68: A publishable SEO title/H1 pair is incomplete when the H1 field is blank. | I68: Write one English H1 that matches the verified product type and visible design; do not copy unsupported claims. | J68: The submitted workbook row has no proposed H1. | K68: Workbook contains a non-empty H1 and it is consistent with title, primary keyword and live product evidence. | L68: NOT_APPLICABLE
A69: ISSUE-0068 | B69: jeminise.com+pamnest-twin-halloween-comforter-set-with-sheets-5-pieces-design-05 | D69: MINOR | E69: meta_description_seo | F69: Shop a comforter set featuring pink Halloween bedding with cute ghosts, witch hats, candy, stars and soft pink sheets. Review available sizes and set options before checkout. | G69: Meta description length is 174 characters. | H69: Likely to truncate in search results and repeats review/personality wording in several rows. | I69: Rewrite to roughly 145-155 characters while preserving verified design and product type. | J69: Meta description length is 174 characters. | K69: Length check <=160 characters and no unsupported claim remains. | L69: RESOLVED
A70: ISSUE-0069 | B70: jeminise.com+pamnest-twin-halloween-comforter-set-with-sheets-5-pieces-design-05 | D70: LIMITATION | E70: keyword_evidence_level | F70: SERP_ONLY | G70: Only public SERP comparables are available. | H70: No Search Console, paid keyword volume or internal site search export was supplied. | I70: Keep demand statements qualitative; do not claim volume or ranking potential. | J70: Only public SERP comparables are available. | K70: Additional first-party or paid keyword evidence is attached, or limitation remains documented. | L70: PERSISTS
A71: ISSUE-0070 | B71: jeminise.com+pamnest-twin-halloween-comforter-set-with-sheets-5-pieces-design-05 | C71: img_f63b91c48fb4a74a | D71: MINOR | E71: alt text | F71: Pink Cute Ghost Halloween Comforter Set displayed in a main product mockup | G71: Fresh image file: D:\Shopify_Workspace\jeminise_seo\seo_runs\jeminise.com\20260906_234129\qa\20260907_212312\images\168_01.jpg; source URL: https://cdn.shopify.com/s/files/1/0792/5098/1063/files/0378abcf551bb373bc058a8d932a075b2e7062138286ccd5675aab241cbc2aa8.jpg?v=1787936303 | H71: Alt text is too generic or describes placement more than visible content. | I71: Rewrite observation/alt from the directly opened image, naming the visible motif and use context. | J71: Fresh image file: D:\Shopify_Workspace\jeminise_seo\seo_runs\jeminise.com\20260906_234129\qa\20260907_212312\images\168_01.jpg; source URL: https://cdn.shopify.com/s/files/1/0792/5098/1063/files/0378abcf551bb373bc058a8d932a075b2e7062138286ccd5675aab241cbc2aa8.jpg?v=1787936303 | K71: The image row accurately describes the actual media at this gallery position. | L71: RESOLVED
A72: ISSUE-0071 | B72: jeminise.com+pamnest-twin-halloween-comforter-set-with-sheets-5-pieces-design-05 | C72: img_fed1eb059469f4be | D72: MINOR | E72: image observation | F72: Bedding type, feature, lifestyle or material image for pink cute ghost Halloween comforter set. | G72: Fresh image file: D:\Shopify_Workspace\jeminise_seo\seo_runs\jeminise.com\20260906_234129\qa\20260907_212312\images\168_03.jpg; source URL: https://cdn.shopify.com/s/files/1/0792/5098/1063/files/3c149552706148b88d709b4170ededcaf07b0afcd786b0fc80da64aee42ef97a.jpg?v=1787936303 | H72: Observation is generic or position-based; rewrite from the actual image content. | I72: Rewrite observation/alt from the directly opened image, naming the visible motif and use context. | J72: Fresh image file: D:\Shopify_Workspace\jeminise_seo\seo_runs\jeminise.com\20260906_234129\qa\20260907_212312\images\168_03.jpg; source URL: https://cdn.shopify.com/s/files/1/0792/5098/1063/files/3c149552706148b88d709b4170ededcaf07b0afcd786b0fc80da64aee42ef97a.jpg?v=1787936303 | K72: The image row accurately describes the actual media at this gallery position. | L72: RESOLVED
A73: ISSUE-0072 | B73: jeminise.com+pamnest-twin-halloween-comforter-set-with-sheets-5-pieces-design-05 | C73: img_f878b183cc88d066 | D73: MINOR | E73: image observation | F73: Detail, feature panel or lifestyle image connected to pink cute ghost Halloween comforter set. | G73: Fresh image file: D:\Shopify_Workspace\jeminise_seo\seo_runs\jeminise.com\20260906_234129\qa\20260907_212312\images\168_04.jpg; source URL: https://cdn.shopify.com/s/files/1/0792/5098/1063/files/27b0e98d00c806f90ce26194ac5961ee72b1843f7ded8b1cdc58421da8ff1af5.jpg?v=1787936303 | H73: Observation is generic or position-based; rewrite from the actual image content. | I73: Rewrite observation/alt from the directly opened image, naming the visible motif and use context. | J73: Fresh image file: D:\Shopify_Workspace\jeminise_seo\seo_runs\jeminise.com\20260906_234129\qa\20260907_212312\images\168_04.jpg; source URL: https://cdn.shopify.com/s/files/1/0792/5098/1063/files/27b0e98d00c806f90ce26194ac5961ee72b1843f7ded8b1cdc58421da8ff1af5.jpg?v=1787936303 | K73: The image row accurately describes the actual media at this gallery position. | L73: RESOLVED
A74: ISSUE-0073 | B74: jeminise.com+pamnest-twin-halloween-comforter-set-with-sheets-5-pieces-design-05 | C74: img_df8a12275b529e15 | D74: MINOR | E74: image observation | F74: Easy-care, size guide or product feature image for pink cute ghost Halloween comforter set. | G74: Fresh image file: D:\Shopify_Workspace\jeminise_seo\seo_runs\jeminise.com\20260906_234129\qa\20260907_212312\images\168_06.jpg; source URL: https://cdn.shopify.com/s/files/1/0792/5098/1063/files/7e2ec7c0c42511286cd153cc90aaaa3c14a07010ca3b6583e65c64cf25c53aa4.jpg?v=1787936303 | H74: Observation is generic or position-based; rewrite from the actual image content. | I74: Rewrite observation/alt from the directly opened image, naming the visible motif and use context. | J74: Fresh image file: D:\Shopify_Workspace\jeminise_seo\seo_runs\jeminise.com\20260906_234129\qa\20260907_212312\images\168_06.jpg; source URL: https://cdn.shopify.com/s/files/1/0792/5098/1063/files/7e2ec7c0c42511286cd153cc90aaaa3c14a07010ca3b6583e65c64cf25c53aa4.jpg?v=1787936303 | K74: The image row accurately describes the actual media at this gallery position. | L74: RESOLVED
A75: ISSUE-0074 | B75: jeminise.com+pamnest-twin-halloween-comforter-set-with-sheets-5-pieces-design-05 | C75: img_df8a12275b529e15 | D75: MINOR | E75: alt text | F75: Set contents and size chart image for Pink Cute Ghost Halloween Comforter Set | G75: Fresh image file: D:\Shopify_Workspace\jeminise_seo\seo_runs\jeminise.com\20260906_234129\qa\20260907_212312\images\168_06.jpg; source URL: https://cdn.shopify.com/s/files/1/0792/5098/1063/files/7e2ec7c0c42511286cd153cc90aaaa3c14a07010ca3b6583e65c64cf25c53aa4.jpg?v=1787936303 | H75: Alt text is too generic or describes placement more than visible content. | I75: Rewrite observation/alt from the directly opened image, naming the visible motif and use context. | J75: Fresh image file: D:\Shopify_Workspace\jeminise_seo\seo_runs\jeminise.com\20260906_234129\qa\20260907_212312\images\168_06.jpg; source URL: https://cdn.shopify.com/s/files/1/0792/5098/1063/files/7e2ec7c0c42511286cd153cc90aaaa3c14a07010ca3b6583e65c64cf25c53aa4.jpg?v=1787936303 | K75: The image row accurately describes the actual media at this gallery position. | L75: RESOLVED
A76: ISSUE-0075 | B76: jeminise.com+pamnest-twin-halloween-comforter-set-with-sheets-5-pieces-design-06 | D76: MAJOR | E76: description_proposed_html | F76: <p>This Jeminise comforter set features white and red horror-style bedding with splatter graphics, handprints and deep red sheets, making it suited for seasonal Halloween rooms, guest beds, kids rooms or themed fall decor.</p><h3>Design Details</h3><ul><li>Visible artwork: white and red horror-style bedding with splatter graphics, handprints and deep red sheets.</li><li>Source product details include: Brand: Jeminise; Product Type: Comforter Set… | G76: Draft contains SEO Use / QA approval wording. | H76: Internal workflow language is not publish-ready storefront copy. | I76: Remove internal QA/import block and replace with customer-facing verified copy. | J76: Draft contains SEO Use / QA approval wording. | K76: Description HTML no longer contains SEO Use, QA, approval, import or draft language. | L76: RESOLVED
A77: ISSUE-0076 | B77: jeminise.com+pamnest-twin-halloween-comforter-set-with-sheets-5-pieces-design-06 | D77: MAJOR | E77: h1_proposed | G77: The submitted workbook row has no proposed H1. | H77: A publishable SEO title/H1 pair is incomplete when the H1 field is blank. | I77: Write one English H1 that matches the verified product type and visible design; do not copy unsupported claims. | J77: The submitted workbook row has no proposed H1. | K77: Workbook contains a non-empty H1 and it is consistent with title, primary keyword and live product evidence. | L77: NOT_APPLICABLE
A78: ISSUE-0077 | B78: jeminise.com+pamnest-twin-halloween-comforter-set-with-sheets-5-pieces-design-06 | D78: MINOR | E78: meta_description_seo | F78: Shop a comforter set featuring white and red horror-style bedding with splatter graphics, handprints and deep red sheets. Review available sizes and set options before checkout. | G78: Meta description length is 177 characters. | H78: Likely to truncate in search results and repeats review/personality wording in several rows. | I78: Rewrite to roughly 145-155 characters while preserving verified design and product type. | J78: Meta description length is 177 characters. | K78: Length check <=160 characters and no unsupported claim remains. | L78: RESOLVED
A79: ISSUE-0078 | B79: jeminise.com+pamnest-twin-halloween-comforter-set-with-sheets-5-pieces-design-06 | D79: LIMITATION | E79: keyword_evidence_level | F79: SERP_ONLY | G79: Only public SERP comparables are available. | H79: No Search Console, paid keyword volume or internal site search export was supplied. | I79: Keep demand statements qualitative; do not claim volume or ranking potential. | J79: Only public SERP comparables are available. | K79: Additional first-party or paid keyword evidence is attached, or limitation remains documented. | L79: PERSISTS
A80: ISSUE-0079 | B80: jeminise.com+pamnest-twin-halloween-comforter-set-with-sheets-5-pieces-design-06 | C80: img_35d94528acc39338 | D80: MINOR | E80: alt text | F80: Red Bloody Handprint Halloween Comforter Set displayed in a main product mockup | G80: Fresh image file: D:\Shopify_Workspace\jeminise_seo\seo_runs\jeminise.com\20260906_234129\qa\20260907_212312\images\169_01.jpg; source URL: https://cdn.shopify.com/s/files/1/0792/5098/1063/files/56881a19a51c01cc553fffe6fc20529fd559dd35981c52ef5bde9f745e19e0c6.jpg?v=1787936307 | H80: Alt text is too generic or describes placement more than visible content. | I80: Rewrite observation/alt from the directly opened image, naming the visible motif and use context. | J80: Fresh image file: D:\Shopify_Workspace\jeminise_seo\seo_runs\jeminise.com\20260906_234129\qa\20260907_212312\images\169_01.jpg; source URL: https://cdn.shopify.com/s/files/1/0792/5098/1063/files/56881a19a51c01cc553fffe6fc20529fd559dd35981c52ef5bde9f745e19e0c6.jpg?v=1787936307 | K80: The image row accurately describes the actual media at this gallery position. | L80: RESOLVED
A81: ISSUE-0080 | B81: jeminise.com+pamnest-twin-halloween-comforter-set-with-sheets-5-pieces-design-06 | C81: img_a5acbfa809d8c02a | D81: MINOR | E81: image observation | F81: Bedding type, feature, lifestyle or material image for red bloody handprint Halloween comforter set. | G81: Fresh image file: D:\Shopify_Workspace\jeminise_seo\seo_runs\jeminise.com\20260906_234129\qa\20260907_212312\images\169_03.jpg; source URL: https://cdn.shopify.com/s/files/1/0792/5098/1063/files/14e0c414dcf8f732a3efcb85f1038b86f760c8561254aa5ccba8af1194c7a4b9.jpg?v=1787936307 | H81: Observation is generic or position-based; rewrite from the actual image content. | I81: Rewrite observation/alt from the directly opened image, naming the visible motif and use context. | J81: Fresh image file: D:\Shopify_Workspace\jeminise_seo\seo_runs\jeminise.com\20260906_234129\qa\20260907_212312\images\169_03.jpg; source URL: https://cdn.shopify.com/s/files/1/0792/5098/1063/files/14e0c414dcf8f732a3efcb85f1038b86f760c8561254aa5ccba8af1194c7a4b9.jpg?v=1787936307 | K81: The image row accurately describes the actual media at this gallery position. | L81: RESOLVED
A82: ISSUE-0081 | B82: jeminise.com+pamnest-twin-halloween-comforter-set-with-sheets-5-pieces-design-06 | C82: img_c0d5bc796a75d91f | D82: MINOR | E82: image observation | F82: Detail, feature panel or lifestyle image connected to red bloody handprint Halloween comforter set. | G82: Fresh image file: D:\Shopify_Workspace\jeminise_seo\seo_runs\jeminise.com\20260906_234129\qa\20260907_212312\images\169_04.jpg; source URL: https://cdn.shopify.com/s/files/1/0792/5098/1063/files/60955256316c3a7bdd4e572c3f1101f8d5511e78a1d363f9d70104b52b193f71.jpg?v=1787936307 | H82: Observation is generic or position-based; rewrite from the actual image content. | I82: Rewrite observation/alt from the directly opened image, naming the visible motif and use context. | J82: Fresh image file: D:\Shopify_Workspace\jeminise_seo\seo_runs\jeminise.com\20260906_234129\qa\20260907_212312\images\169_04.jpg; source URL: https://cdn.shopify.com/s/files/1/0792/5098/1063/files/60955256316c3a7bdd4e572c3f1101f8d5511e78a1d363f9d70104b52b193f71.jpg?v=1787936307 | K82: The image row accurately describes the actual media at this gallery position. | L82: RESOLVED
A83: ISSUE-0082 | B83: jeminise.com+pamnest-twin-halloween-comforter-set-with-sheets-5-pieces-design-06 | C83: img_65ea55de03874828 | D83: MINOR | E83: image observation | F83: Easy-care, size guide or product feature image for red bloody handprint Halloween comforter set. | G83: Fresh image file: D:\Shopify_Workspace\jeminise_seo\seo_runs\jeminise.com\20260906_234129\qa\20260907_212312\images\169_06.jpg; source URL: https://cdn.shopify.com/s/files/1/0792/5098/1063/files/c704e78fea6b0af8659e3bb6318e69c7a083dd569ad0e78c293e9f2bb37a0b50.jpg?v=1787936307 | H83: Observation is generic or position-based; rewrite from the actual image content. | I83: Rewrite observation/alt from the directly opened image, naming the visible motif and use context. | J83: Fresh image file: D:\Shopify_Workspace\jeminise_seo\seo_runs\jeminise.com\20260906_234129\qa\20260907_212312\images\169_06.jpg; source URL: https://cdn.shopify.com/s/files/1/0792/5098/1063/files/c704e78fea6b0af8659e3bb6318e69c7a083dd569ad0e78c293e9f2bb37a0b50.jpg?v=1787936307 | K83: The image row accurately describes the actual media at this gallery position. | L83: RESOLVED
A84: ISSUE-0083 | B84: jeminise.com+pamnest-twin-halloween-comforter-set-with-sheets-5-pieces-design-06 | C84: img_65ea55de03874828 | D84: MINOR | E84: alt text | F84: Set contents and size chart image for Red Bloody Handprint Halloween Comforter Set | G84: Fresh image file: D:\Shopify_Workspace\jeminise_seo\seo_runs\jeminise.com\20260906_234129\qa\20260907_212312\images\169_06.jpg; source URL: https://cdn.shopify.com/s/files/1/0792/5098/1063/files/c704e78fea6b0af8659e3bb6318e69c7a083dd569ad0e78c293e9f2bb37a0b50.jpg?v=1787936307 | H84: Alt text is too generic or describes placement more than visible content. | I84: Rewrite observation/alt from the directly opened image, naming the visible motif and use context. | J84: Fresh image file: D:\Shopify_Workspace\jeminise_seo\seo_runs\jeminise.com\20260906_234129\qa\20260907_212312\images\169_06.jpg; source URL: https://cdn.shopify.com/s/files/1/0792/5098/1063/files/c704e78fea6b0af8659e3bb6318e69c7a083dd569ad0e78c293e9f2bb37a0b50.jpg?v=1787936307 | K84: The image row accurately describes the actual media at this gallery position. | L84: RESOLVED
A85: ISSUE-0084 | B85: jeminise.com+pamnest-twin-halloween-comforter-set-with-sheets-5-pieces-design-07 | D85: MAJOR | E85: description_proposed_html | F85: <p>This Jeminise comforter set features white Halloween bedding with haunted houses, pumpkins, black cats, bare trees, spiderwebs and rust orange sheets, making it suited for seasonal Halloween rooms, guest beds, kids rooms or themed fall decor.</p><h3>Design Details</h3><ul><li>Visible artwork: white Halloween bedding with haunted houses, pumpkins, black cats, bare trees, spiderwebs and rust orange sheets.</li><li>Source product details include… | G85: Draft contains SEO Use / QA approval wording. | H85: Internal workflow language is not publish-ready storefront copy. | I85: Remove internal QA/import block and replace with customer-facing verified copy. | J85: Draft contains SEO Use / QA approval wording. | K85: Description HTML no longer contains SEO Use, QA, approval, import or draft language. | L85: RESOLVED
A86: ISSUE-0085 | B86: jeminise.com+pamnest-twin-halloween-comforter-set-with-sheets-5-pieces-design-07 | D86: MAJOR | E86: h1_proposed | G86: The submitted workbook row has no proposed H1. | H86: A publishable SEO title/H1 pair is incomplete when the H1 field is blank. | I86: Write one English H1 that matches the verified product type and visible design; do not copy unsupported claims. | J86: The submitted workbook row has no proposed H1. | K86: Workbook contains a non-empty H1 and it is consistent with title, primary keyword and live product evidence. | L86: NOT_APPLICABLE
A87: ISSUE-0086 | B87: jeminise.com+pamnest-twin-halloween-comforter-set-with-sheets-5-pieces-design-07 | D87: MINOR | E87: meta_description_seo | F87: Shop a comforter set featuring white Halloween bedding with haunted houses, pumpkins, black cats, bare trees, spiderwebs and rust orange sheets. Review available sizes and set options before checkout. | G87: Meta description length is 200 characters. | H87: Likely to truncate in search results and repeats review/personality wording in several rows. | I87: Rewrite to roughly 145-155 characters while preserving verified design and product type. | J87: Meta description length is 200 characters. | K87: Length check <=160 characters and no unsupported claim remains. | L87: RESOLVED
A88: ISSUE-0087 | B88: jeminise.com+pamnest-twin-halloween-comforter-set-with-sheets-5-pieces-design-07 | D88: LIMITATION | E88: keyword_evidence_level | F88: SERP_ONLY | G88: Only public SERP comparables are available. | H88: No Search Console, paid keyword volume or internal site search export was supplied. | I88: Keep demand statements qualitative; do not claim volume or ranking potential. | J88: Only public SERP comparables are available. | K88: Additional first-party or paid keyword evidence is attached, or limitation remains documented. | L88: PERSISTS
A89: ISSUE-0088 | B89: jeminise.com+pamnest-twin-halloween-comforter-set-with-sheets-5-pieces-design-07 | C89: img_9356d2ce7bad1793 | D89: MINOR | E89: alt text | F89: White Haunted House Pumpkin Comforter Set displayed in a main product mockup | G89: Fresh image file: D:\Shopify_Workspace\jeminise_seo\seo_runs\jeminise.com\20260906_234129\qa\20260907_212312\images\170_01.jpg; source URL: https://cdn.shopify.com/s/files/1/0792/5098/1063/files/feceab1269e0c41029cfcb73e8317439de8337d84336b09e87d52e7744326f5e.jpg?v=1787936313 | H89: Alt text is too generic or describes placement more than visible content. | I89: Rewrite observation/alt from the directly opened image, naming the visible motif and use context. | J89: Fresh image file: D:\Shopify_Workspace\jeminise_seo\seo_runs\jeminise.com\20260906_234129\qa\20260907_212312\images\170_01.jpg; source URL: https://cdn.shopify.com/s/files/1/0792/5098/1063/files/feceab1269e0c41029cfcb73e8317439de8337d84336b09e87d52e7744326f5e.jpg?v=1787936313 | K89: The image row accurately describes the actual media at this gallery position. | L89: RESOLVED
A90: ISSUE-0089 | B90: jeminise.com+pamnest-twin-halloween-comforter-set-with-sheets-5-pieces-design-07 | C90: img_0bf2807db76246ec | D90: MINOR | E90: image observation | F90: Bedding type, feature, lifestyle or material image for white haunted house pumpkin Halloween comforter set. | G90: Fresh image file: D:\Shopify_Workspace\jeminise_seo\seo_runs\jeminise.com\20260906_234129\qa\20260907_212312\images\170_03.jpg; source URL: https://cdn.shopify.com/s/files/1/0792/5098/1063/files/d15de982cf49c61d63dcb3e70a085c7480d7757447c46dfe1f4e360681c9f501.jpg?v=1787936313 | H90: Observation is generic or position-based; rewrite from the actual image content. | I90: Rewrite observation/alt from the directly opened image, naming the visible motif and use context. | J90: Fresh image file: D:\Shopify_Workspace\jeminise_seo\seo_runs\jeminise.com\20260906_234129\qa\20260907_212312\images\170_03.jpg; source URL: https://cdn.shopify.com/s/files/1/0792/5098/1063/files/d15de982cf49c61d63dcb3e70a085c7480d7757447c46dfe1f4e360681c9f501.jpg?v=1787936313 | K90: The image row accurately describes the actual media at this gallery position. | L90: RESOLVED
A91: ISSUE-0090 | B91: jeminise.com+pamnest-twin-halloween-comforter-set-with-sheets-5-pieces-design-07 | C91: img_44dde367352679f8 | D91: MINOR | E91: image observation | F91: Detail, feature panel or lifestyle image connected to white haunted house pumpkin Halloween comforter set. | G91: Fresh image file: D:\Shopify_Workspace\jeminise_seo\seo_runs\jeminise.com\20260906_234129\qa\20260907_212312\images\170_04.jpg; source URL: https://cdn.shopify.com/s/files/1/0792/5098/1063/files/30ac2af2067079c32aee59f6826a158fdef74dbd36e4a379b1f3dad211c0c404.jpg?v=1787936313 | H91: Observation is generic or position-based; rewrite from the actual image content. | I91: Rewrite observation/alt from the directly opened image, naming the visible motif and use context. | J91: Fresh image file: D:\Shopify_Workspace\jeminise_seo\seo_runs\jeminise.com\20260906_234129\qa\20260907_212312\images\170_04.jpg; source URL: https://cdn.shopify.com/s/files/1/0792/5098/1063/files/30ac2af2067079c32aee59f6826a158fdef74dbd36e4a379b1f3dad211c0c404.jpg?v=1787936313 | K91: The image row accurately describes the actual media at this gallery position. | L91: RESOLVED
A92: ISSUE-0091 | B92: jeminise.com+pamnest-twin-halloween-comforter-set-with-sheets-5-pieces-design-07 | C92: img_ef6bb6e803199e76 | D92: MINOR | E92: image observation | F92: Easy-care, size guide or product feature image for white haunted house pumpkin Halloween comforter set. | G92: Fresh image file: D:\Shopify_Workspace\jeminise_seo\seo_runs\jeminise.com\20260906_234129\qa\20260907_212312\images\170_06.jpg; source URL: https://cdn.shopify.com/s/files/1/0792/5098/1063/files/3e227101e2e9c24d641f1ea4dd5f5e1cb8ef75e8fe6c70b298e93002e2905f25.jpg?v=1787936313 | H92: Observation is generic or position-based; rewrite from the actual image content. | I92: Rewrite observation/alt from the directly opened image, naming the visible motif and use context. | J92: Fresh image file: D:\Shopify_Workspace\jeminise_seo\seo_runs\jeminise.com\20260906_234129\qa\20260907_212312\images\170_06.jpg; source URL: https://cdn.shopify.com/s/files/1/0792/5098/1063/files/3e227101e2e9c24d641f1ea4dd5f5e1cb8ef75e8fe6c70b298e93002e2905f25.jpg?v=1787936313 | K92: The image row accurately describes the actual media at this gallery position. | L92: RESOLVED
A93: ISSUE-0092 | B93: jeminise.com+pamnest-twin-halloween-comforter-set-with-sheets-5-pieces-design-07 | C93: img_ef6bb6e803199e76 | D93: MINOR | E93: alt text | F93: Set contents and size chart image for White Haunted House Pumpkin Comforter Set | G93: Fresh image file: D:\Shopify_Workspace\jeminise_seo\seo_runs\jeminise.com\20260906_234129\qa\20260907_212312\images\170_06.jpg; source URL: https://cdn.shopify.com/s/files/1/0792/5098/1063/files/3e227101e2e9c24d641f1ea4dd5f5e1cb8ef75e8fe6c70b298e93002e2905f25.jpg?v=1787936313 | H93: Alt text is too generic or describes placement more than visible content. | I93: Rewrite observation/alt from the directly opened image, naming the visible motif and use context. | J93: Fresh image file: D:\Shopify_Workspace\jeminise_seo\seo_runs\jeminise.com\20260906_234129\qa\20260907_212312\images\170_06.jpg; source URL: https://cdn.shopify.com/s/files/1/0792/5098/1063/files/3e227101e2e9c24d641f1ea4dd5f5e1cb8ef75e8fe6c70b298e93002e2905f25.jpg?v=1787936313 | K93: The image row accurately describes the actual media at this gallery position. | L93: RESOLVED
A94: ISSUE-0093 | B94: jeminise.com+norse-mythology-raven-within-celtic-knot-frame-quilt-906ee24d68-906ee24d68 | D94: MAJOR | E94: description_proposed_html | F94: <p>Blue Raven Celtic Knot Quilt features blue and black raven artwork inside a Celtic knot frame with moon and patchwork... | G94: Revision r3 description contains meta-commentary sentences explaining copywriting rules rather than customer-facing merchandising copy, and omits verified technical/package specifications. | H94: Customer-facing copy must describe the actual physical product clearly. It should eliminate meta-commentary phrases and include verified microfiber fabric layers (microfiber woven top, filling, back) and machine washable care instructions. | I94: Rewrite description_proposed_html to remove robotic meta-commentary, and add verified product specifications: microfiber fabric layers (microfiber woven top, filling, back) and machine washable care instructions. | J94: Verified from high-resolution image audit (infographic panels 5 and 6) and storefront option sets. | K94: Description HTML is engaging, natural, free of internal meta-commentary, and provides complete package pieces, sizing, and care specs. | L94: NEW
A95: ISSUE-0094 | B95: jeminise.com+norse-mythology-viking-shield-with-crossed-axes-quilt-ca630a284e-ca630a284e | D95: MAJOR | E95: description_proposed_html | F95: <p>Valhalla Viking Shield Quilt features Viking shield and crossed axes artwork with Valhalla text on a black runic back... | G95: Revision r3 description contains meta-commentary sentences explaining copywriting rules rather than customer-facing merchandising copy, and omits verified technical/package specifications. | H95: Customer-facing copy must describe the actual physical product clearly. It should eliminate meta-commentary phrases and include verified microfiber fabric layers (microfiber woven top, filling, back) and machine washable care instructions. | I95: Rewrite description_proposed_html to remove robotic meta-commentary, and add verified product specifications: microfiber fabric layers (microfiber woven top, filling, back) and machine washable care instructions. | J95: Verified from high-resolution image audit (infographic panels 5 and 6) and storefront option sets. | K95: Description HTML is engaging, natural, free of internal meta-commentary, and provides complete package pieces, sizing, and care specs. | L95: NEW
A96: ISSUE-0095 | B96: jeminise.com+owl-patchwork-pattern-quilt-set-animals-quilt-set-style-owl-nights | D96: MAJOR | E96: description_proposed_html | F96: <p>Blue Gold Owl Night Quilt Set features owl perched on a branch inside a moon-style round frame with navy and gold pat... | G96: Revision r3 description contains meta-commentary sentences explaining copywriting rules rather than customer-facing merchandising copy, and omits verified technical/package specifications. | H96: Customer-facing copy must describe the actual physical product clearly. It should eliminate meta-commentary phrases and include verified microfiber fabric layers (microfiber woven top, filling, back) and machine washable care instructions. | I96: Rewrite description_proposed_html to remove robotic meta-commentary, and add verified product specifications: microfiber fabric layers (microfiber woven top, filling, back) and machine washable care instructions. | J96: Verified from high-resolution image audit (infographic panels 5 and 6) and storefront option sets. | K96: Description HTML is engaging, natural, free of internal meta-commentary, and provides complete package pieces, sizing, and care specs. | L96: NEW
A97: ISSUE-0096 | B97: jeminise.com+pamnest-twin-halloween-comforter-set-with-sheets-5-pieces-design-01 | D97: MAJOR | E97: description_proposed_html | F97: <p>Witch Moon Halloween Comforter Set features black and white Halloween design with flying witch, moon, bats, pumpkins ... | G97: Revision r3 description contains meta-commentary sentences explaining copywriting rules rather than customer-facing merchandising copy, and omits verified technical/package specifications. | H97: Customer-facing copy must describe the actual physical product clearly. It should eliminate meta-commentary phrases and include verified complete package contents breakdown (Twin: 5 pieces; Full/Queen/King: 7 pieces including flat sheet, fitted sheet up to 14 inches deep, pillow shams/cases) and microfiber machine washable care. | I97: Rewrite description_proposed_html to remove robotic meta-commentary, and add verified product specifications: complete package contents breakdown (Twin: 5 pieces; Full/Queen/King: 7 pieces including flat sheet, fitted sheet up to 14 inches deep, pillow shams/cases) and microfiber machine washable care. | J97: Verified from high-resolution image audit (infographic panels 5 and 6) and storefront option sets. | K97: Description HTML is engaging, natural, free of internal meta-commentary, and provides complete package pieces, sizing, and care specs. | L97: NEW
A98: ISSUE-0097 | B98: jeminise.com+pamnest-twin-halloween-comforter-set-with-sheets-5-pieces-design-02 | D98: MAJOR | E98: description_proposed_html | F98: <p>Ghost Pumpkin Halloween Comforter Set features dark blue and gray Halloween pattern with white ghosts, orange pumpkin... | G98: Revision r3 description contains meta-commentary sentences explaining copywriting rules rather than customer-facing merchandising copy, and omits verified technical/package specifications. | H98: Customer-facing copy must describe the actual physical product clearly. It should eliminate meta-commentary phrases and include verified complete package contents breakdown (Twin: 5 pieces; Full/Queen/King: 7 pieces including flat sheet, fitted sheet up to 14 inches deep, pillow shams/cases) and microfiber machine washable care. | I98: Rewrite description_proposed_html to remove robotic meta-commentary, and add verified product specifications: complete package contents breakdown (Twin: 5 pieces; Full/Queen/King: 7 pieces including flat sheet, fitted sheet up to 14 inches deep, pillow shams/cases) and microfiber machine washable care. | J98: Verified from high-resolution image audit (infographic panels 5 and 6) and storefront option sets. | K98: Description HTML is engaging, natural, free of internal meta-commentary, and provides complete package pieces, sizing, and care specs. | L98: NEW
A99: ISSUE-0098 | B99: jeminise.com+pamnest-twin-halloween-comforter-set-with-sheets-5-pieces-design-03 | D99: MAJOR | E99: description_proposed_html | F99: <p>Black Ghost Halloween Comforter Set features black Halloween comforter design covered with simple white ghost faces a... | G99: Revision r3 description contains meta-commentary sentences explaining copywriting rules rather than customer-facing merchandising copy, and omits verified technical/package specifications. | H99: Customer-facing copy must describe the actual physical product clearly. It should eliminate meta-commentary phrases and include verified complete package contents breakdown (Twin: 5 pieces; Full/Queen/King: 7 pieces including flat sheet, fitted sheet up to 14 inches deep, pillow shams/cases) and microfiber machine washable care. | I99: Rewrite description_proposed_html to remove robotic meta-commentary, and add verified product specifications: complete package contents breakdown (Twin: 5 pieces; Full/Queen/King: 7 pieces including flat sheet, fitted sheet up to 14 inches deep, pillow shams/cases) and microfiber machine washable care. | J99: Verified from high-resolution image audit (infographic panels 5 and 6) and storefront option sets. | K99: Description HTML is engaging, natural, free of internal meta-commentary, and provides complete package pieces, sizing, and care specs. | L99: NEW
A100: ISSUE-0099 | B100: jeminise.com+pamnest-twin-halloween-comforter-set-with-sheets-5-pieces-design-04 | D100: MAJOR | E100: description_proposed_html | F100: <p>Haunted Pumpkin Ghost Comforter Set features blue Halloween scene with ghosts, jack-o-lantern pumpkins, yellow moon, ... | G100: Revision r3 description contains meta-commentary sentences explaining copywriting rules rather than customer-facing merchandising copy, and omits verified technical/package specifications. | H100: Customer-facing copy must describe the actual physical product clearly. It should eliminate meta-commentary phrases and include verified complete package contents breakdown (Twin: 5 pieces; Full/Queen/King: 7 pieces including flat sheet, fitted sheet up to 14 inches deep, pillow shams/cases) and microfiber machine washable care. | I100: Rewrite description_proposed_html to remove robotic meta-commentary, and add verified product specifications: complete package contents breakdown (Twin: 5 pieces; Full/Queen/King: 7 pieces including flat sheet, fitted sheet up to 14 inches deep, pillow shams/cases) and microfiber machine washable care. | J100: Verified from high-resolution image audit (infographic panels 5 and 6) and storefront option sets. | K100: Description HTML is engaging, natural, free of internal meta-commentary, and provides complete package pieces, sizing, and care specs. | L100: NEW
...
