Workbook

Sheet QA_Summary
A1: metric | B1: value | C1: notes
A2: qa_run_id | B2: 20260908_183309 | C2: Independent QA run for batch 34 r3.
A3: qa_batch_id | B3: qa_batch_034_r3 | C3: Fixed scope inventory positions 331-338 only.
A4: source_workbook | B4: D:\Shopify_Workspace\jeminise_seo\resutls\jeminise.com\20260906_234129\revisions\qa_batch_034_r3\SEO_Product_Optimization_qa_batch_034_r3.xlsx | C4: Source workbook was not edited.
A5: source_sha256_start | B5: E8FF901F334297FAD3934DEA63775C95CF1BA9C5DFB1A80F7738B9C370EDC320 | C5: Snapshot hash matched at start.
A6: snapshot_workbook | B6: D:\Shopify_Workspace\jeminise_seo\seo_runs\jeminise.com\20260906_234129\qa\20260908_183309\source_snapshot\SEO_Product_Optimization_qa_batch_034_r3.xlsx | C6: Frozen copy used for QA.
A7: snapshot_sha256 | B7: E8FF901F334297FAD3934DEA63775C95CF1BA9C5DFB1A80F7738B9C370EDC320 | C7: Must match source hash.
A8: scope_counts | B8: 8 products; 57/57 images; 32 keyword rows; 8 buyer rows; 8 evidence rows | C8: Image coverage 100%; no replacement products.
A9: batch_final_score | B9: =AVERAGE('QA_Products'!$AA$2:$AA$9) | C9: Average of product final scores; no incomplete product skipped.
A10: batch_result | B10: =IF(COUNTIF('QA_Products'!$AB$2:$AB$9,"QA_PASS")=ROWS('QA_Products'!$AB$2:$AB$9),"PASSED","NOT_PASSED") | C10: Not passed unless every product is QA_PASS.
A11: status_counts | B11: ="PASS="&COUNTIF('QA_Products'!$AB$2:$AB$9,"QA_PASS")&"; REVISE="&COUNTIF('QA_Products'!$AB$2:$AB$9,"QA_REVISE")&"; FAIL="&COUNTIF('QA_Products'!$AB$2:$AB$9,"QA_FAIL")&"; INCOMPLETE="&COUNTIF('QA_Products'!$AB$2:$AB$9,"QA_INCOMPLETE") | C11: Rubric priority applied.
A12: severity_counts | B12: CRITICAL=0; MAJOR=11; MINOR=6; LIMITATION=8 | C12: Only open issues in this QA run.
A13: serp_queries | B13: 16 | C13: Two queries per product, US/English, URLs read recorded in serp_evidence.json.
A14: meta_description_policy | B14: 145-165 is editorial guidance, not hard fail | C14: r3 meta descriptions are complete at 112-124 characters and were not penalized on length alone.
A15: awaiting_confirmation | B15: TRUE | C15: Stop after batch 34; do not QA another batch automatically.

Sheet QA_Products
A1: qa_run_id | B1: qa_batch_id | C1: revision | D1: inventory_position | E1: product_key | F1: product_id | G1: handle | H1: url | I1: canonical_url | J1: title_current | K1: title_proposed | L1: meta_title_seo | M1: meta_description_seo | N1: primary_keyword | O1: expected_images | P1: live_image_count | Q1: workbook_image_count | R1: images_checked | S1: image_coverage | T1: image_inventory_complete | U1: page_read | V1: customizer_evidence | W1: verified_points | X1: assessed_weight | Y1: score_lower_bound | Z1: score_upper_bound | AA1: final_score | AB1: qa_status | AC1: critical_count | AD1: major_count | AE1: minor_count | AF1: limitation_count | AG1: source_changed | AH1: evidence_refs | AI1: issue_refs
A2: 20260908_183309 | B2: qa_batch_034_r3 | C2: r3 | D2: 331 | E2: jeminise.com+softball-themed-bedding-for-girls-and-women-bright-teal-yellow | F2: 8867218489543 | G2: softball-themed-bedding-for-girls-and-women-bright-teal-yellow | H2: https://jeminise.com/products/softball-themed-bedding-for-girls-and-women-bright-teal-yellow | I2: https://jeminise.com/products/softball-themed-bedding-for-girls-and-women-bright-teal-yellow | J2: Softball-Themed Bedding for Girls and Women – Bright Teal Yellow | K2: Vintage Yellow Softball Comforter Set | L2: Vintage Yellow Softball Comforter Set | M2: Shop vintage yellow softball comforter set with dark brown design, distressed softball, red stitching and number artwork. | N2: vintage yellow softball comforter set | O2: 7 | P2: 7 | Q2: 7 | R2: 7 | S2: 1 | T2: TRUE | U2: TRUE | V2: Custom Your Name (required, max 1000); Custom Your Number (required, max 1000) | W2: =SUMIF('QA_Criteria'!$D$2:$D$89,E2,'QA_Criteria'!$K$2:$K$89) | X2: =SUMIF('QA_Criteria'!$D$2:$D$89,E2,'QA_Criteria'!$L$2:$L$89) | Y2: =W2 | Z2: =W2+(100-X2) | AA2: =IF(AND(X2=100,S2=1,T2=TRUE),W2,"") | AB2: =IF(AC2>0,"QA_FAIL",IF(AA2="","QA_INCOMPLETE",IF(AA2<70,"QA_FAIL",IF(OR(AA2<85,AD2>0),"QA_REVISE","QA_PASS")))) | AC2: =COUNTIFS('QA_Issues'!$B$2:$B$26,E2,'QA_Issues'!$E$2:$E$26,"CRITICAL") | AD2: =COUNTIFS('QA_Issues'!$B$2:$B$26,E2,'QA_Issues'!$E$2:$E$26,"MAJOR") | AE2: =COUNTIFS('QA_Issues'!$B$2:$B$26,E2,'QA_Issues'!$E$2:$E$26,"MINOR") | AF2: =COUNTIFS('QA_Issues'!$B$2:$B$26,E2,'QA_Issues'!$E$2:$E$26,"LIMITATION") | AG2: NO_MATERIAL_PRODUCT_DRIFT; static HTML fetched with SSL-unverified retry | AH2: D:\Shopify_Workspace\jeminise_seo\seo_runs\jeminise.com\20260906_234129\qa\20260908_183309\live\331_softball-themed-bedding-for-girls-and-women-bright-teal-yellow.js.json; D:\Shopify_Workspace\jeminise_seo\seo_runs\jeminise.com\20260906_234129\qa\20260908_183309\live\331_softball-themed-bedding-for-girls-and-women-bright-teal-yellow.html; D:\Shopify_Workspace\jeminise_seo\seo_runs\jeminise.com\20260906_234129\qa\20260908_183309\serp_evidence.json | AI2: ISS-034-331-K1-SERP-NICHE;ISS-034-331-K2-CLUSTER;ISS-034-331-D2-CUSTOMER-COPY;ISS-034-331-E1-REVISION-TRACE
A3: 20260908_183309 | B3: qa_batch_034_r3 | C3: r3 | D3: 332 | E3: jeminise.com+sports-theme-softball-bedding-premium-teal-yellow-comforter-set-for | F3: 8867219505351 | G3: sports-theme-softball-bedding-premium-teal-yellow-comforter-set-for | H3: https://jeminise.com/products/sports-theme-softball-bedding-premium-teal-yellow-comforter-set-for | I3: https://jeminise.com/products/sports-theme-softball-bedding-premium-teal-yellow-comforter-set-for | J3: Sports Theme Softball Bedding – Premium Teal Yellow Comforter Set for | K3: Polka Dot Softball Comforter Set | L3: Polka Dot Softball Comforter Set | M3: Shop polka dot softball comforter set with black dots, teal stripe, paisley border, softball lettering and glove artwork. | N3: polka dot softball comforter set | O3: 7 | P3: 7 | Q3: 7 | R3: 7 | S3: 1 | T3: TRUE | U3: TRUE | V3: Custom Your Name (required, max 1000); Custom Your Number (required, max 1000) | W3: =SUMIF('QA_Criteria'!$D$2:$D$89,E3,'QA_Criteria'!$K$2:$K$89) | X3: =SUMIF('QA_Criteria'!$D$2:$D$89,E3,'QA_Criteria'!$L$2:$L$89) | Y3: =W3 | Z3: =W3+(100-X3) | AA3: =IF(AND(X3=100,S3=1,T3=TRUE),W3,"") | AB3: =IF(AC3>0,"QA_FAIL",IF(AA3="","QA_INCOMPLETE",IF(AA3<70,"QA_FAIL",IF(OR(AA3<85,AD3>0),"QA_REVISE","QA_PASS")))) | AC3: =COUNTIFS('QA_Issues'!$B$2:$B$26,E3,'QA_Issues'!$E$2:$E$26,"CRITICAL") | AD3: =COUNTIFS('QA_Issues'!$B$2:$B$26,E3,'QA_Issues'!$E$2:$E$26,"MAJOR") | AE3: =COUNTIFS('QA_Issues'!$B$2:$B$26,E3,'QA_Issues'!$E$2:$E$26,"MINOR") | AF3: =COUNTIFS('QA_Issues'!$B$2:$B$26,E3,'QA_Issues'!$E$2:$E$26,"LIMITATION") | AG3: NO_MATERIAL_PRODUCT_DRIFT; static HTML fetched with SSL-unverified retry | AH3: D:\Shopify_Workspace\jeminise_seo\seo_runs\jeminise.com\20260906_234129\qa\20260908_183309\live\332_sports-theme-softball-bedding-premium-teal-yellow-comforter-set-for.js.json; D:\Shopify_Workspace\jeminise_seo\seo_runs\jeminise.com\20260906_234129\qa\20260908_183309\live\332_sports-theme-softball-bedding-premium-teal-yellow-comforter-set-for.html; D:\Shopify_Workspace\jeminise_seo\seo_runs\jeminise.com\20260906_234129\qa\20260908_183309\serp_evidence.json | AI3: ISS-034-332-K1-SERP-WEAK;ISS-034-332-D2-CUSTOMER-COPY;ISS-034-332-E1-REVISION-TRACE
A4: 20260908_183309 | B4: qa_batch_034_r3 | C4: r3 | D4: 333 | E4: jeminise.com+teal-yellow-softball-comforter-set-vibrant-sports-bedroom-decor | F4: 8867218424007 | G4: teal-yellow-softball-comforter-set-vibrant-sports-bedroom-decor | H4: https://jeminise.com/products/teal-yellow-softball-comforter-set-vibrant-sports-bedroom-decor | I4: https://jeminise.com/products/teal-yellow-softball-comforter-set-vibrant-sports-bedroom-decor | J4: Teal & Yellow Softball Comforter Set – Vibrant Sports Bedroom Decor | K4: Fireball Softball Comforter Set | L4: Fireball Softball Comforter Set | M4: Shop fireball softball comforter set with orange and blue design, glowing yellow softball, flame ring and number artwork. | N4: fireball softball comforter set | O4: 7 | P4: 7 | Q4: 7 | R4: 7 | S4: 1 | T4: TRUE | U4: TRUE | V4: Custom Your Name (required, max 1000); Custom Your Number (required, max 1000) | W4: =SUMIF('QA_Criteria'!$D$2:$D$89,E4,'QA_Criteria'!$K$2:$K$89) | X4: =SUMIF('QA_Criteria'!$D$2:$D$89,E4,'QA_Criteria'!$L$2:$L$89) | Y4: =W4 | Z4: =W4+(100-X4) | AA4: =IF(AND(X4=100,S4=1,T4=TRUE),W4,"") | AB4: =IF(AC4>0,"QA_FAIL",IF(AA4="","QA_INCOMPLETE",IF(AA4<70,"QA_FAIL",IF(OR(AA4<85,AD4>0),"QA_REVISE","QA_PASS")))) | AC4: =COUNTIFS('QA_Issues'!$B$2:$B$26,E4,'QA_Issues'!$E$2:$E$26,"CRITICAL") | AD4: =COUNTIFS('QA_Issues'!$B$2:$B$26,E4,'QA_Issues'!$E$2:$E$26,"MAJOR") | AE4: =COUNTIFS('QA_Issues'!$B$2:$B$26,E4,'QA_Issues'!$E$2:$E$26,"MINOR") | AF4: =COUNTIFS('QA_Issues'!$B$2:$B$26,E4,'QA_Issues'!$E$2:$E$26,"LIMITATION") | AG4: NO_MATERIAL_PRODUCT_DRIFT; static HTML fetched with SSL-unverified retry | AH4: D:\Shopify_Workspace\jeminise_seo\seo_runs\jeminise.com\20260906_234129\qa\20260908_183309\live\333_teal-yellow-softball-comforter-set-vibrant-sports-bedroom-decor.js.json; D:\Shopify_Workspace\jeminise_seo\seo_runs\jeminise.com\20260906_234129\qa\20260908_183309\live\333_teal-yellow-softball-comforter-set-vibrant-sports-bedroom-decor.html; D:\Shopify_Workspace\jeminise_seo\seo_runs\jeminise.com\20260906_234129\qa\20260908_183309\serp_evidence.json | AI4: ISS-034-333-K1-SERP-NICHE;ISS-034-333-K2-CLUSTER;ISS-034-333-D2-CUSTOMER-COPY;ISS-034-333-E1-REVISION-TRACE
A5: 20260908_183309 | B5: qa_batch_034_r3 | C5: r3 | D5: 334 | E5: jeminise.com+teal-yellow-softball-bedding-set-stylish-sports-bedroom-decor | F5: 8867217965255 | G5: teal-yellow-softball-bedding-set-stylish-sports-bedroom-decor | H5: https://jeminise.com/products/teal-yellow-softball-bedding-set-stylish-sports-bedroom-decor | I5: https://jeminise.com/products/teal-yellow-softball-bedding-set-stylish-sports-bedroom-decor | J5: Teal Yellow Softball Bedding Set – Stylish Sports Bedroom Decor | K5: Pink Glove Softball Comforter Set | L5: Pink Glove Softball Comforter Set | M5: Shop pink glove softball comforter set with pink and gray design, red glove, yellow softball and number artwork. | N5: pink glove softball comforter set | O5: 14 | P5: 14 | Q5: 14 | R5: 14 | S5: 1 | T5: TRUE | U5: TRUE | V5: Custom Your Name (required, max 1000); Custom Your Number (required, max 1000) | W5: =SUMIF('QA_Criteria'!$D$2:$D$89,E5,'QA_Criteria'!$K$2:$K$89) | X5: =SUMIF('QA_Criteria'!$D$2:$D$89,E5,'QA_Criteria'!$L$2:$L$89) | Y5: =W5 | Z5: =W5+(100-X5) | AA5: =IF(AND(X5=100,S5=1,T5=TRUE),W5,"") | AB5: =IF(AC5>0,"QA_FAIL",IF(AA5="","QA_INCOMPLETE",IF(AA5<70,"QA_FAIL",IF(OR(AA5<85,AD5>0),"QA_REVISE","QA_PASS")))) | AC5: =COUNTIFS('QA_Issues'!$B$2:$B$26,E5,'QA_Issues'!$E$2:$E$26,"CRITICAL") | AD5: =COUNTIFS('QA_Issues'!$B$2:$B$26,E5,'QA_Issues'!$E$2:$E$26,"MAJOR") | AE5: =COUNTIFS('QA_Issues'!$B$2:$B$26,E5,'QA_Issues'!$E$2:$E$26,"MINOR") | AF5: =COUNTIFS('QA_Issues'!$B$2:$B$26,E5,'QA_Issues'!$E$2:$E$26,"LIMITATION") | AG5: NO_MATERIAL_PRODUCT_DRIFT; static HTML fetched with SSL-unverified retry | AH5: D:\Shopify_Workspace\jeminise_seo\seo_runs\jeminise.com\20260906_234129\qa\20260908_183309\live\334_teal-yellow-softball-bedding-set-stylish-sports-bedroom-decor.js.json; D:\Shopify_Workspace\jeminise_seo\seo_runs\jeminise.com\20260906_234129\qa\20260908_183309\live\334_teal-yellow-softball-bedding-set-stylish-sports-bedroom-decor.html; D:\Shopify_Workspace\jeminise_seo\seo_runs\jeminise.com\20260906_234129\qa\20260908_183309\serp_evidence.json | AI5: ISS-034-334-K2-CLUSTER;ISS-034-334-D2-CUSTOMER-COPY;ISS-034-334-E1-REVISION-TRACE;ISS-034-334-IMG-DUPLICATE-GALLERY
A6: 20260908_183309 | B6: qa_batch_034_r3 | C6: r3 | D6: 335 | E6: jeminise.com+tree-of-life-with-celtic-knot-roots-quilt-set-and-celtic-knot-borders-9482d2b2f5-9482d2b2f5 | F6: 8833358856391 | G6: tree-of-life-with-celtic-knot-roots-quilt-set-and-celtic-knot-borders-9482d2b2f5-9482d2b2f5 | H6: https://jeminise.com/products/tree-of-life-with-celtic-knot-roots-quilt-set-and-celtic-knot-borders-9482d2b2f5-9482d2b2f5 | I6: https://jeminise.com/products/tree-of-life-with-celtic-knot-roots-quilt-set-and-celtic-knot-borders-9482d2b2f5-9482d2b2f5 | J6: Tree of Life with Celtic Knot Roots Quilt Set And Celtic Knot Borders | K6: Celtic Tree of Life Quilt Set | L6: Celtic Tree of Life Quilt Set | M6: Shop Celtic Tree of Life quilt set with earth tone artwork, green tree, exposed knot roots, hills and Celtic borders. | N6: Celtic Tree of Life quilt set | O6: 7 | P6: 7 | Q6: 7 | R6: 7 | S6: 1 | T6: TRUE | U6: TRUE | V6: Customize Your Quilt (optional, max 1000) | W6: =SUMIF('QA_Criteria'!$D$2:$D$89,E6,'QA_Criteria'!$K$2:$K$89) | X6: =SUMIF('QA_Criteria'!$D$2:$D$89,E6,'QA_Criteria'!$L$2:$L$89) | Y6: =W6 | Z6: =W6+(100-X6) | AA6: =IF(AND(X6=100,S6=1,T6=TRUE),W6,"") | AB6: =IF(AC6>0,"QA_FAIL",IF(AA6="","QA_INCOMPLETE",IF(AA6<70,"QA_FAIL",IF(OR(AA6<85,AD6>0),"QA_REVISE","QA_PASS")))) | AC6: =COUNTIFS('QA_Issues'!$B$2:$B$26,E6,'QA_Issues'!$E$2:$E$26,"CRITICAL") | AD6: =COUNTIFS('QA_Issues'!$B$2:$B$26,E6,'QA_Issues'!$E$2:$E$26,"MAJOR") | AE6: =COUNTIFS('QA_Issues'!$B$2:$B$26,E6,'QA_Issues'!$E$2:$E$26,"MINOR") | AF6: =COUNTIFS('QA_Issues'!$B$2:$B$26,E6,'QA_Issues'!$E$2:$E$26,"LIMITATION") | AG6: NO_MATERIAL_PRODUCT_DRIFT; static HTML fetched with SSL-unverified retry | AH6: D:\Shopify_Workspace\jeminise_seo\seo_runs\jeminise.com\20260906_234129\qa\20260908_183309\live\335_tree-of-life-with-celtic-knot-roots-quilt-set-and-celtic-knot-borders-9482d2b2f5-9482d2b2f5.js.json; D:\Shopify_Workspace\jeminise_seo\seo_runs\jeminise.com\20260906_234129\qa\20260908_183309\live\335_tree-of-life-with-celtic-knot-roots-quilt-set-and-celtic-knot-borders-9482d2b2f5-9482d2b2f5.html; D:\Shopify_Workspace\jeminise_seo\seo_runs\jeminise.com\20260906_234129\qa\20260908_183309\serp_evidence.json | AI6: ISS-034-335-D2-CUSTOMER-COPY;ISS-034-335-E1-REVISION-TRACE
A7: 20260908_183309 | B7: qa_batch_034_r3 | C7: r3 | D7: 336 | E7: jeminise.com+winter-cardinal-on-berry-branch-patchwork-christmas-quilt-43ecda62b6-43ecda62b6 | F7: 8834730787015 | G7: winter-cardinal-on-berry-branch-patchwork-christmas-quilt-43ecda62b6-43ecda62b6 | H7: https://jeminise.com/products/winter-cardinal-on-berry-branch-patchwork-christmas-quilt-43ecda62b6-43ecda62b6 | I7: https://jeminise.com/products/winter-cardinal-on-berry-branch-patchwork-christmas-quilt-43ecda62b6-43ecda62b6 | J7: Winter Cardinal on Berry Branch Patchwork Christmas Quilt | K7: Winter Cardinal Berry Branch Quilt | L7: Winter Cardinal Berry Branch Quilt | M7: Shop winter cardinal berry branch quilt with red cardinal, berry branches, blue-gray leaves and snowy watercolor background. | N7: winter cardinal berry branch quilt | O7: 5 | P7: 5 | Q7: 5 | R7: 5 | S7: 1 | T7: TRUE | U7: TRUE | V7: Customize Your Quilt (optional, max 1000) | W7: =SUMIF('QA_Criteria'!$D$2:$D$89,E7,'QA_Criteria'!$K$2:$K$89) | X7: =SUMIF('QA_Criteria'!$D$2:$D$89,E7,'QA_Criteria'!$L$2:$L$89) | Y7: =W7 | Z7: =W7+(100-X7) | AA7: =IF(AND(X7=100,S7=1,T7=TRUE),W7,"") | AB7: =IF(AC7>0,"QA_FAIL",IF(AA7="","QA_INCOMPLETE",IF(AA7<70,"QA_FAIL",IF(OR(AA7<85,AD7>0),"QA_REVISE","QA_PASS")))) | AC7: =COUNTIFS('QA_Issues'!$B$2:$B$26,E7,'QA_Issues'!$E$2:$E$26,"CRITICAL") | AD7: =COUNTIFS('QA_Issues'!$B$2:$B$26,E7,'QA_Issues'!$E$2:$E$26,"MAJOR") | AE7: =COUNTIFS('QA_Issues'!$B$2:$B$26,E7,'QA_Issues'!$E$2:$E$26,"MINOR") | AF7: =COUNTIFS('QA_Issues'!$B$2:$B$26,E7,'QA_Issues'!$E$2:$E$26,"LIMITATION") | AG7: NO_MATERIAL_PRODUCT_DRIFT; static HTML fetched with SSL-unverified retry | AH7: D:\Shopify_Workspace\jeminise_seo\seo_runs\jeminise.com\20260906_234129\qa\20260908_183309\live\336_winter-cardinal-on-berry-branch-patchwork-christmas-quilt-43ecda62b6-43ecda62b6.js.json; D:\Shopify_Workspace\jeminise_seo\seo_runs\jeminise.com\20260906_234129\qa\20260908_183309\live\336_winter-cardinal-on-berry-branch-patchwork-christmas-quilt-43ecda62b6-43ecda62b6.html; D:\Shopify_Workspace\jeminise_seo\seo_runs\jeminise.com\20260906_234129\qa\20260908_183309\serp_evidence.json | AI7: ISS-034-336-D2-CUSTOMER-COPY;ISS-034-336-E1-REVISION-TRACE
A8: 20260908_183309 | B8: qa_batch_034_r3 | C8: r3 | D8: 337 | E8: jeminise.com+winter-cardinals-on-heart-shaped-berry-branches-patchwork-christmas-quilt-de1c648f60-de1c648f60 | F8: 8834734489799 | G8: winter-cardinals-on-heart-shaped-berry-branches-patchwork-christmas-quilt-de1c648f60-de1c648f60 | H8: https://jeminise.com/products/winter-cardinals-on-heart-shaped-berry-branches-patchwork-christmas-quilt-de1c648f60-de1c648f60 | I8: https://jeminise.com/products/winter-cardinals-on-heart-shaped-berry-branches-patchwork-christmas-quilt-de1c648f60-de1c648f60 | J8: Winter Cardinals on Heart Shaped Berry Branches Patchwork Christmas Quilt | K8: Heart Branch Cardinals Christmas Quilt | L8: Heart Branch Cardinals Christmas Quilt | M8: Shop heart branch cardinals Christmas quilt with two red cardinals, berry heart branches and snowy village scenery. | N8: heart branch cardinals Christmas quilt | O8: 5 | P8: 5 | Q8: 5 | R8: 5 | S8: 1 | T8: TRUE | U8: TRUE | V8: Customize Your Quilt (optional, max 1000) | W8: =SUMIF('QA_Criteria'!$D$2:$D$89,E8,'QA_Criteria'!$K$2:$K$89) | X8: =SUMIF('QA_Criteria'!$D$2:$D$89,E8,'QA_Criteria'!$L$2:$L$89) | Y8: =W8 | Z8: =W8+(100-X8) | AA8: =IF(AND(X8=100,S8=1,T8=TRUE),W8,"") | AB8: =IF(AC8>0,"QA_FAIL",IF(AA8="","QA_INCOMPLETE",IF(AA8<70,"QA_FAIL",IF(OR(AA8<85,AD8>0),"QA_REVISE","QA_PASS")))) | AC8: =COUNTIFS('QA_Issues'!$B$2:$B$26,E8,'QA_Issues'!$E$2:$E$26,"CRITICAL") | AD8: =COUNTIFS('QA_Issues'!$B$2:$B$26,E8,'QA_Issues'!$E$2:$E$26,"MAJOR") | AE8: =COUNTIFS('QA_Issues'!$B$2:$B$26,E8,'QA_Issues'!$E$2:$E$26,"MINOR") | AF8: =COUNTIFS('QA_Issues'!$B$2:$B$26,E8,'QA_Issues'!$E$2:$E$26,"LIMITATION") | AG8: NO_MATERIAL_PRODUCT_DRIFT; static HTML fetched with SSL-unverified retry | AH8: D:\Shopify_Workspace\jeminise_seo\seo_runs\jeminise.com\20260906_234129\qa\20260908_183309\live\337_winter-cardinals-on-heart-shaped-berry-branches-patchwork-christmas-quilt-de1c648f60-de1c648f60.js.json; D:\Shopify_Workspace\jeminise_seo\seo_runs\jeminise.com\20260906_234129\qa\20260908_183309\live\337_winter-cardinals-on-heart-shaped-berry-branches-patchwork-christmas-quilt-de1c648f60-de1c648f60.html; D:\Shopify_Workspace\jeminise_seo\seo_runs\jeminise.com\20260906_234129\qa\20260908_183309\serp_evidence.json | AI8: ISS-034-337-K1-SERP-WEAK;ISS-034-337-D2-CUSTOMER-COPY;ISS-034-337-E1-REVISION-TRACE
A9: 20260908_183309 | B9: qa_batch_034_r3 | C9: r3 | D9: 338 | E9: jeminise.com+winter-cat-and-cardinal-sitting-on-snowy-patchwork-christmas-quilt-82f86611f4-82f86611f4 | F9: 8834725576903 | G9: winter-cat-and-cardinal-sitting-on-snowy-patchwork-christmas-quilt-82f86611f4-82f86611f4 | H9: https://jeminise.com/products/winter-cat-and-cardinal-sitting-on-snowy-patchwork-christmas-quilt-82f86611f4-82f86611f4 | I9: https://jeminise.com/products/winter-cat-and-cardinal-sitting-on-snowy-patchwork-christmas-quilt-82f86611f4-82f86611f4 | J9: Winter Cat and Cardinal Sitting on Snowy Patchwork Christmas Quilt | K9: Winter Cat Cardinal Christmas Quilt | L9: Winter Cat Cardinal Christmas Quilt | M9: Shop winter cat cardinal Christmas quilt with gray kitten, red cardinal, snowy branches and It's Well With My Soul text. | N9: winter cat cardinal Christmas quilt | O9: 5 | P9: 5 | Q9: 5 | R9: 5 | S9: 1 | T9: TRUE | U9: TRUE | V9: Customize Your Quilt (optional, max 1000) | W9: =SUMIF('QA_Criteria'!$D$2:$D$89,E9,'QA_Criteria'!$K$2:$K$89) | X9: =SUMIF('QA_Criteria'!$D$2:$D$89,E9,'QA_Criteria'!$L$2:$L$89) | Y9: =W9 | Z9: =W9+(100-X9) | AA9: =IF(AND(X9=100,S9=1,T9=TRUE),W9,"") | AB9: =IF(AC9>0,"QA_FAIL",IF(AA9="","QA_INCOMPLETE",IF(AA9<70,"QA_FAIL",IF(OR(AA9<85,AD9>0),"QA_REVISE","QA_PASS")))) | AC9: =COUNTIFS('QA_Issues'!$B$2:$B$26,E9,'QA_Issues'!$E$2:$E$26,"CRITICAL") | AD9: =COUNTIFS('QA_Issues'!$B$2:$B$26,E9,'QA_Issues'!$E$2:$E$26,"MAJOR") | AE9: =COUNTIFS('QA_Issues'!$B$2:$B$26,E9,'QA_Issues'!$E$2:$E$26,"MINOR") | AF9: =COUNTIFS('QA_Issues'!$B$2:$B$26,E9,'QA_Issues'!$E$2:$E$26,"LIMITATION") | AG9: NO_MATERIAL_PRODUCT_DRIFT; static HTML fetched with SSL-unverified retry | AH9: D:\Shopify_Workspace\jeminise_seo\seo_runs\jeminise.com\20260906_234129\qa\20260908_183309\live\338_winter-cat-and-cardinal-sitting-on-snowy-patchwork-christmas-quilt-82f86611f4-82f86611f4.js.json; D:\Shopify_Workspace\jeminise_seo\seo_runs\jeminise.com\20260906_234129\qa\20260908_183309\live\338_winter-cat-and-cardinal-sitting-on-snowy-patchwork-christmas-quilt-82f86611f4-82f86611f4.html; D:\Shopify_Workspace\jeminise_seo\seo_runs\jeminise.com\20260906_234129\qa\20260908_183309\serp_evidence.json | AI9: ISS-034-338-K1-SERP-NICHE;ISS-034-338-D2-CUSTOMER-COPY;ISS-034-338-E1-REVISION-TRACE

Sheet QA_Criteria
A1: qa_run_id | B1: qa_batch_id | C1: revision | D1: product_key | E1: inventory_position | F1: criterion_id | G1: criterion_name | H1: weight | I1: assessment | J1: rating | K1: earned_points | L1: assessed_weight | M1: reason | N1: evidence_refs | O1: issue_refs | P1: suggested_fix_en
A2: 20260908_183309 | B2: qa_batch_034_r3 | C2: r3 | D2: jeminise.com+softball-themed-bedding-for-girls-and-women-bright-teal-yellow | E2: 331 | F2: P1 | G2: Product identity/source match | H2: 15 | I2: FULL | J2: =IF(F2="I1",AVERAGEIF('QA_Images'!$D$2:$D$58,D2,'QA_Images'!$AA$2:$AA$58)/100,IF(I2="FULL",1,IF(I2="PARTIAL",0.5,IF(I2="FAIL",0,"")))) | K2: =IF(J2="",0,H2*J2) | L2: =IF(F2="I1",20*AVERAGEIF('QA_Images'!$D$2:$D$58,D2,'QA_Images'!$AB$2:$AB$58)/100,IF(I2="NOT_CHECKED",0,H2)) | M2: Product identity locked by inventory product_key, handle and product_id; live product JSON matched handle/id and expected image count for position 331. | N2: live json/html; D:\Shopify_Workspace\jeminise_seo\seo_runs\jeminise.com\20260906_234129\qa\20260908_183309\serp_evidence.json; D:\Shopify_Workspace\jeminise_seo\seo_runs\jeminise.com\20260906_234129\qa\20260908_183309\visual_observations.json
A3: 20260908_183309 | B3: qa_batch_034_r3 | C3: r3 | D3: jeminise.com+softball-themed-bedding-for-girls-and-women-bright-teal-yellow | E3: 331 | F3: P2 | G3: Facts, offer and customization | H3: 10 | I3: FULL | J3: =IF(F3="I1",AVERAGEIF('QA_Images'!$D$2:$D$58,D3,'QA_Images'!$AA$2:$AA$58)/100,IF(I3="FULL",1,IF(I3="PARTIAL",0.5,IF(I3="FAIL",0,"")))) | K3: =IF(J3="",0,H3*J3) | L3: =IF(F3="I1",20*AVERAGEIF('QA_Images'!$D$2:$D$58,D3,'QA_Images'!$AB$2:$AB$58)/100,IF(I3="NOT_CHECKED",0,H3)) | M3: Offer facts verified from live JSON/options and full HTML customizer config: options Choose Comforter Size, Pillowcases; customizer labels ['Custom Your Name', 'Custom Your Number']. | N3: live json/html; D:\Shopify_Workspace\jeminise_seo\seo_runs\jeminise.com\20260906_234129\qa\20260908_183309\serp_evidence.json; D:\Shopify_Workspace\jeminise_seo\seo_runs\jeminise.com\20260906_234129\qa\20260908_183309\visual_observations.json
A4: 20260908_183309 | B4: qa_batch_034_r3 | C4: r3 | D4: jeminise.com+softball-themed-bedding-for-girls-and-women-bright-teal-yellow | E4: 331 | F4: K1 | G4: Primary keyword evidence | H4: 10 | I4: PARTIAL | J4: =IF(F4="I1",AVERAGEIF('QA_Images'!$D$2:$D$58,D4,'QA_Images'!$AA$2:$AA$58)/100,IF(I4="FULL",1,IF(I4="PARTIAL",0.5,IF(I4="FAIL",0,"")))) | K4: =IF(J4="",0,H4*J4) | L4: =IF(F4="I1",20*AVERAGEIF('QA_Images'!$D$2:$D$58,D4,'QA_Images'!$AB$2:$AB$58)/100,IF(I4="NOT_CHECKED",0,H4)) | M4: Primary keyword is truthful to the visual motif, but current SERP evidence is mostly broad/related rather than strong exact-match finished product evidence. | N4: live json/html; D:\Shopify_Workspace\jeminise_seo\seo_runs\jeminise.com\20260906_234129\qa\20260908_183309\serp_evidence.json; D:\Shopify_Workspace\jeminise_seo\seo_runs\jeminise.com\20260906_234129\qa\20260908_183309\visual_observations.json | O4: ISS-034-331-K1-SERP-NICHE;ISS-034-331-K2-CLUSTER
A5: 20260908_183309 | B5: qa_batch_034_r3 | C5: r3 | D5: jeminise.com+softball-themed-bedding-for-girls-and-women-bright-teal-yellow | E5: 331 | F5: K2 | G5: Intent/cannibalization separation | H5: 5 | I5: PARTIAL | J5: =IF(F5="I1",AVERAGEIF('QA_Images'!$D$2:$D$58,D5,'QA_Images'!$AA$2:$AA$58)/100,IF(I5="FULL",1,IF(I5="PARTIAL",0.5,IF(I5="FAIL",0,"")))) | K5: =IF(J5="",0,H5*J5) | L5: =IF(F5="I1",20*AVERAGEIF('QA_Images'!$D$2:$D$58,D5,'QA_Images'!$AB$2:$AB$58)/100,IF(I5="NOT_CHECKED",0,H5)) | M5: Keyword differentiation exists by motif, but nearby products in the same softball/cardinal cluster share broad secondary terms and mapping rationale is repetitive. | N5: live json/html; D:\Shopify_Workspace\jeminise_seo\seo_runs\jeminise.com\20260906_234129\qa\20260908_183309\serp_evidence.json; D:\Shopify_Workspace\jeminise_seo\seo_runs\jeminise.com\20260906_234129\qa\20260908_183309\visual_observations.json | O5: ISS-034-331-K1-SERP-NICHE;ISS-034-331-K2-CLUSTER
A6: 20260908_183309 | B6: qa_batch_034_r3 | C6: r3 | D6: jeminise.com+softball-themed-bedding-for-girls-and-women-bright-teal-yellow | E6: 331 | F6: K3 | G6: No unsupported keyword-volume claim | H6: 5 | I6: FULL | J6: =IF(F6="I1",AVERAGEIF('QA_Images'!$D$2:$D$58,D6,'QA_Images'!$AA$2:$AA$58)/100,IF(I6="FULL",1,IF(I6="PARTIAL",0.5,IF(I6="FAIL",0,"")))) | K6: =IF(J6="",0,H6*J6) | L6: =IF(F6="I1",20*AVERAGEIF('QA_Images'!$D$2:$D$58,D6,'QA_Images'!$AB$2:$AB$58)/100,IF(I6="NOT_CHECKED",0,H6)) | M6: No search-volume or ranking claim is made; keyword evidence is correctly limited as SERP_ONLY. | N6: live json/html; D:\Shopify_Workspace\jeminise_seo\seo_runs\jeminise.com\20260906_234129\qa\20260908_183309\serp_evidence.json; D:\Shopify_Workspace\jeminise_seo\seo_runs\jeminise.com\20260906_234129\qa\20260908_183309\visual_observations.json | O6: ISS-034-331-K1-SERP-NICHE;ISS-034-331-K2-CLUSTER
A7: 20260908_183309 | B7: qa_batch_034_r3 | C7: r3 | D7: jeminise.com+softball-themed-bedding-for-girls-and-women-bright-teal-yellow | E7: 331 | F7: T1 | G7: SEO title/meta title | H7: 10 | I7: FULL | J7: =IF(F7="I1",AVERAGEIF('QA_Images'!$D$2:$D$58,D7,'QA_Images'!$AA$2:$AA$58)/100,IF(I7="FULL",1,IF(I7="PARTIAL",0.5,IF(I7="FAIL",0,"")))) | K7: =IF(J7="",0,H7*J7) | L7: =IF(F7="I1",20*AVERAGEIF('QA_Images'!$D$2:$D$58,D7,'QA_Images'!$AB$2:$AB$58)/100,IF(I7="NOT_CHECKED",0,H7)) | M7: meta_title_seo is concise, readable, and maps to the verified motif/product type. | N7: live json/html; D:\Shopify_Workspace\jeminise_seo\seo_runs\jeminise.com\20260906_234129\qa\20260908_183309\serp_evidence.json; D:\Shopify_Workspace\jeminise_seo\seo_runs\jeminise.com\20260906_234129\qa\20260908_183309\visual_observations.json
A8: 20260908_183309 | B8: qa_batch_034_r3 | C8: r3 | D8: jeminise.com+softball-themed-bedding-for-girls-and-women-bright-teal-yellow | E8: 331 | F8: T2 | G8: Product title/H1 proposal | H8: 5 | I8: FULL | J8: =IF(F8="I1",AVERAGEIF('QA_Images'!$D$2:$D$58,D8,'QA_Images'!$AA$2:$AA$58)/100,IF(I8="FULL",1,IF(I8="PARTIAL",0.5,IF(I8="FAIL",0,"")))) | K8: =IF(J8="",0,H8*J8) | L8: =IF(F8="I1",20*AVERAGEIF('QA_Images'!$D$2:$D$58,D8,'QA_Images'!$AB$2:$AB$58)/100,IF(I8="NOT_CHECKED",0,H8)) | M8: title_proposed is publishable as a clean H1/title replacement and fixes the current truncated or mojibake-heavy storefront title. | N8: live json/html; D:\Shopify_Workspace\jeminise_seo\seo_runs\jeminise.com\20260906_234129\qa\20260908_183309\serp_evidence.json; D:\Shopify_Workspace\jeminise_seo\seo_runs\jeminise.com\20260906_234129\qa\20260908_183309\visual_observations.json
A9: 20260908_183309 | B9: qa_batch_034_r3 | C9: r3 | D9: jeminise.com+softball-themed-bedding-for-girls-and-women-bright-teal-yellow | E9: 331 | F9: D1 | G9: Meta description | H9: 5 | I9: FULL | J9: =IF(F9="I1",AVERAGEIF('QA_Images'!$D$2:$D$58,D9,'QA_Images'!$AA$2:$AA$58)/100,IF(I9="FULL",1,IF(I9="PARTIAL",0.5,IF(I9="FAIL",0,"")))) | K9: =IF(J9="",0,H9*J9) | L9: =IF(F9="I1",20*AVERAGEIF('QA_Images'!$D$2:$D$58,D9,'QA_Images'!$AB$2:$AB$58)/100,IF(I9="NOT_CHECKED",0,H9)) | M9: meta_description_seo no longer has hard truncation or dangling ending; length is below 145 but complete and meaningful, so no automatic penalty for character count. | N9: live json/html; D:\Shopify_Workspace\jeminise_seo\seo_runs\jeminise.com\20260906_234129\qa\20260908_183309\serp_evidence.json; D:\Shopify_Workspace\jeminise_seo\seo_runs\jeminise.com\20260906_234129\qa\20260908_183309\visual_observations.json
A10: 20260908_183309 | B10: qa_batch_034_r3 | C10: r3 | D10: jeminise.com+softball-themed-bedding-for-girls-and-women-bright-teal-yellow | E10: 331 | F10: D2 | G10: Description HTML | H10: 10 | I10: PARTIAL | J10: =IF(F10="I1",AVERAGEIF('QA_Images'!$D$2:$D$58,D10,'QA_Images'!$AA$2:$AA$58)/100,IF(I10="FULL",1,IF(I10="PARTIAL",0.5,IF(I10="FAIL",0,"")))) | K10: =IF(J10="",0,H10*J10) | L10: =IF(F10="I1",20*AVERAGEIF('QA_Images'!$D$2:$D$58,D10,'QA_Images'!$AB$2:$AB$58)/100,IF(I10="NOT_CHECKED",0,H10)) | M10: Description facts mostly match live/product evidence, but the body still contains editorial/process phrasing and generic gallery wording that should not ship as final storefront copy. | N10: live json/html; D:\Shopify_Workspace\jeminise_seo\seo_runs\jeminise.com\20260906_234129\qa\20260908_183309\serp_evidence.json; D:\Shopify_Workspace\jeminise_seo\seo_runs\jeminise.com\20260906_234129\qa\20260908_183309\visual_observations.json | O10: ISS-034-331-D2-CUSTOMER-COPY | P10: Rewrite as customer-facing English body copy for Vintage Yellow Softball Comforter Set; remove “The copy stays specific...” and avoid process-style gallery wording.
A11: 20260908_183309 | B11: qa_batch_034_r3 | C11: r3 | D11: jeminise.com+softball-themed-bedding-for-girls-and-women-bright-teal-yellow | E11: 331 | F11: I1 | G11: Image/alt QA aggregate | H11: 20 | I11: DERIVED_FROM_IMAGES | J11: =IF(F11="I1",AVERAGEIF('QA_Images'!$D$2:$D$58,D11,'QA_Images'!$AA$2:$AA$58)/100,IF(I11="FULL",1,IF(I11="PARTIAL",0.5,IF(I11="FAIL",0,"")))) | K11: =IF(J11="",0,H11*J11) | L11: =IF(F11="I1",20*AVERAGEIF('QA_Images'!$D$2:$D$58,D11,'QA_Images'!$AB$2:$AB$58)/100,IF(I11="NOT_CHECKED",0,H11)) | M11: Derived from QA_Images average for this product; all images were opened directly in this run. | N11: live json/html; D:\Shopify_Workspace\jeminise_seo\seo_runs\jeminise.com\20260906_234129\qa\20260908_183309\serp_evidence.json; D:\Shopify_Workspace\jeminise_seo\seo_runs\jeminise.com\20260906_234129\qa\20260908_183309\visual_observations.json
A12: 20260908_183309 | B12: qa_batch_034_r3 | C12: r3 | D12: jeminise.com+softball-themed-bedding-for-girls-and-women-bright-teal-yellow | E12: 331 | F12: E1 | G12: Evidence chain and traceability | H12: 5 | I12: PARTIAL | J12: =IF(F12="I1",AVERAGEIF('QA_Images'!$D$2:$D$58,D12,'QA_Images'!$AA$2:$AA$58)/100,IF(I12="FULL",1,IF(I12="PARTIAL",0.5,IF(I12="FAIL",0,"")))) | K12: =IF(J12="",0,H12*J12) | L12: =IF(F12="I1",20*AVERAGEIF('QA_Images'!$D$2:$D$58,D12,'QA_Images'!$AB$2:$AB$58)/100,IF(I12="NOT_CHECKED",0,H12)) | M12: Evidence chain exists, but workbook traceability still carries r2/contact-sheet wording while the actual source file is r3; this QA run compensates with new live/image/SERP evidence. | N12: live json/html; D:\Shopify_Workspace\jeminise_seo\seo_runs\jeminise.com\20260906_234129\qa\20260908_183309\serp_evidence.json; D:\Shopify_Workspace\jeminise_seo\seo_runs\jeminise.com\20260906_234129\qa\20260908_183309\visual_observations.json | O12: ISS-034-331-E1-REVISION-TRACE
A13: 20260908_183309 | B13: qa_batch_034_r3 | C13: r3 | D13: jeminise.com+sports-theme-softball-bedding-premium-teal-yellow-comforter-set-for | E13: 332 | F13: P1 | G13: Product identity/source match | H13: 15 | I13: FULL | J13: =IF(F13="I1",AVERAGEIF('QA_Images'!$D$2:$D$58,D13,'QA_Images'!$AA$2:$AA$58)/100,IF(I13="FULL",1,IF(I13="PARTIAL",0.5,IF(I13="FAIL",0,"")))) | K13: =IF(J13="",0,H13*J13) | L13: =IF(F13="I1",20*AVERAGEIF('QA_Images'!$D$2:$D$58,D13,'QA_Images'!$AB$2:$AB$58)/100,IF(I13="NOT_CHECKED",0,H13)) | M13: Product identity locked by inventory product_key, handle and product_id; live product JSON matched handle/id and expected image count for position 332. | N13: live json/html; D:\Shopify_Workspace\jeminise_seo\seo_runs\jeminise.com\20260906_234129\qa\20260908_183309\serp_evidence.json; D:\Shopify_Workspace\jeminise_seo\seo_runs\jeminise.com\20260906_234129\qa\20260908_183309\visual_observations.json
A14: 20260908_183309 | B14: qa_batch_034_r3 | C14: r3 | D14: jeminise.com+sports-theme-softball-bedding-premium-teal-yellow-comforter-set-for | E14: 332 | F14: P2 | G14: Facts, offer and customization | H14: 10 | I14: FULL | J14: =IF(F14="I1",AVERAGEIF('QA_Images'!$D$2:$D$58,D14,'QA_Images'!$AA$2:$AA$58)/100,IF(I14="FULL",1,IF(I14="PARTIAL",0.5,IF(I14="FAIL",0,"")))) | K14: =IF(J14="",0,H14*J14) | L14: =IF(F14="I1",20*AVERAGEIF('QA_Images'!$D$2:$D$58,D14,'QA_Images'!$AB$2:$AB$58)/100,IF(I14="NOT_CHECKED",0,H14)) | M14: Offer facts verified from live JSON/options and full HTML customizer config: options Choose Comforter Size, Pillowcases; customizer labels ['Custom Your Name', 'Custom Your Number']. | N14: live json/html; D:\Shopify_Workspace\jeminise_seo\seo_runs\jeminise.com\20260906_234129\qa\20260908_183309\serp_evidence.json; D:\Shopify_Workspace\jeminise_seo\seo_runs\jeminise.com\20260906_234129\qa\20260908_183309\visual_observations.json
A15: 20260908_183309 | B15: qa_batch_034_r3 | C15: r3 | D15: jeminise.com+sports-theme-softball-bedding-premium-teal-yellow-comforter-set-for | E15: 332 | F15: K1 | G15: Primary keyword evidence | H15: 10 | I15: PARTIAL | J15: =IF(F15="I1",AVERAGEIF('QA_Images'!$D$2:$D$58,D15,'QA_Images'!$AA$2:$AA$58)/100,IF(I15="FULL",1,IF(I15="PARTIAL",0.5,IF(I15="FAIL",0,"")))) | K15: =IF(J15="",0,H15*J15) | L15: =IF(F15="I1",20*AVERAGEIF('QA_Images'!$D$2:$D$58,D15,'QA_Images'!$AB$2:$AB$58)/100,IF(I15="NOT_CHECKED",0,H15)) | M15: Primary keyword combines a very specific motif with a broad product type; live SERP splits into adjacent intents and exact finished-product support is weak. | N15: live json/html; D:\Shopify_Workspace\jeminise_seo\seo_runs\jeminise.com\20260906_234129\qa\20260908_183309\serp_evidence.json; D:\Shopify_Workspace\jeminise_seo\seo_runs\jeminise.com\20260906_234129\qa\20260908_183309\visual_observations.json | O15: ISS-034-332-K1-SERP-WEAK
A16: 20260908_183309 | B16: qa_batch_034_r3 | C16: r3 | D16: jeminise.com+sports-theme-softball-bedding-premium-teal-yellow-comforter-set-for | E16: 332 | F16: K2 | G16: Intent/cannibalization separation | H16: 5 | I16: PARTIAL | J16: =IF(F16="I1",AVERAGEIF('QA_Images'!$D$2:$D$58,D16,'QA_Images'!$AA$2:$AA$58)/100,IF(I16="FULL",1,IF(I16="PARTIAL",0.5,IF(I16="FAIL",0,"")))) | K16: =IF(J16="",0,H16*J16) | L16: =IF(F16="I1",20*AVERAGEIF('QA_Images'!$D$2:$D$58,D16,'QA_Images'!$AB$2:$AB$58)/100,IF(I16="NOT_CHECKED",0,H16)) | M16: Keyword differentiation exists by motif, but nearby products in the same softball/cardinal cluster share broad secondary terms and mapping rationale is repetitive. | N16: live json/html; D:\Shopify_Workspace\jeminise_seo\seo_runs\jeminise.com\20260906_234129\qa\20260908_183309\serp_evidence.json; D:\Shopify_Workspace\jeminise_seo\seo_runs\jeminise.com\20260906_234129\qa\20260908_183309\visual_observations.json | O16: ISS-034-332-K1-SERP-WEAK
A17: 20260908_183309 | B17: qa_batch_034_r3 | C17: r3 | D17: jeminise.com+sports-theme-softball-bedding-premium-teal-yellow-comforter-set-for | E17: 332 | F17: K3 | G17: No unsupported keyword-volume claim | H17: 5 | I17: FULL | J17: =IF(F17="I1",AVERAGEIF('QA_Images'!$D$2:$D$58,D17,'QA_Images'!$AA$2:$AA$58)/100,IF(I17="FULL",1,IF(I17="PARTIAL",0.5,IF(I17="FAIL",0,"")))) | K17: =IF(J17="",0,H17*J17) | L17: =IF(F17="I1",20*AVERAGEIF('QA_Images'!$D$2:$D$58,D17,'QA_Images'!$AB$2:$AB$58)/100,IF(I17="NOT_CHECKED",0,H17)) | M17: No search-volume or ranking claim is made; keyword evidence is correctly limited as SERP_ONLY. | N17: live json/html; D:\Shopify_Workspace\jeminise_seo\seo_runs\jeminise.com\20260906_234129\qa\20260908_183309\serp_evidence.json; D:\Shopify_Workspace\jeminise_seo\seo_runs\jeminise.com\20260906_234129\qa\20260908_183309\visual_observations.json | O17: ISS-034-332-K1-SERP-WEAK
A18: 20260908_183309 | B18: qa_batch_034_r3 | C18: r3 | D18: jeminise.com+sports-theme-softball-bedding-premium-teal-yellow-comforter-set-for | E18: 332 | F18: T1 | G18: SEO title/meta title | H18: 10 | I18: FULL | J18: =IF(F18="I1",AVERAGEIF('QA_Images'!$D$2:$D$58,D18,'QA_Images'!$AA$2:$AA$58)/100,IF(I18="FULL",1,IF(I18="PARTIAL",0.5,IF(I18="FAIL",0,"")))) | K18: =IF(J18="",0,H18*J18) | L18: =IF(F18="I1",20*AVERAGEIF('QA_Images'!$D$2:$D$58,D18,'QA_Images'!$AB$2:$AB$58)/100,IF(I18="NOT_CHECKED",0,H18)) | M18: meta_title_seo is concise, readable, and maps to the verified motif/product type. | N18: live json/html; D:\Shopify_Workspace\jeminise_seo\seo_runs\jeminise.com\20260906_234129\qa\20260908_183309\serp_evidence.json; D:\Shopify_Workspace\jeminise_seo\seo_runs\jeminise.com\20260906_234129\qa\20260908_183309\visual_observations.json
A19: 20260908_183309 | B19: qa_batch_034_r3 | C19: r3 | D19: jeminise.com+sports-theme-softball-bedding-premium-teal-yellow-comforter-set-for | E19: 332 | F19: T2 | G19: Product title/H1 proposal | H19: 5 | I19: FULL | J19: =IF(F19="I1",AVERAGEIF('QA_Images'!$D$2:$D$58,D19,'QA_Images'!$AA$2:$AA$58)/100,IF(I19="FULL",1,IF(I19="PARTIAL",0.5,IF(I19="FAIL",0,"")))) | K19: =IF(J19="",0,H19*J19) | L19: =IF(F19="I1",20*AVERAGEIF('QA_Images'!$D$2:$D$58,D19,'QA_Images'!$AB$2:$AB$58)/100,IF(I19="NOT_CHECKED",0,H19)) | M19: title_proposed is publishable as a clean H1/title replacement and fixes the current truncated or mojibake-heavy storefront title. | N19: live json/html; D:\Shopify_Workspace\jeminise_seo\seo_runs\jeminise.com\20260906_234129\qa\20260908_183309\serp_evidence.json; D:\Shopify_Workspace\jeminise_seo\seo_runs\jeminise.com\20260906_234129\qa\20260908_183309\visual_observations.json
A20: 20260908_183309 | B20: qa_batch_034_r3 | C20: r3 | D20: jeminise.com+sports-theme-softball-bedding-premium-teal-yellow-comforter-set-for | E20: 332 | F20: D1 | G20: Meta description | H20: 5 | I20: FULL | J20: =IF(F20="I1",AVERAGEIF('QA_Images'!$D$2:$D$58,D20,'QA_Images'!$AA$2:$AA$58)/100,IF(I20="FULL",1,IF(I20="PARTIAL",0.5,IF(I20="FAIL",0,"")))) | K20: =IF(J20="",0,H20*J20) | L20: =IF(F20="I1",20*AVERAGEIF('QA_Images'!$D$2:$D$58,D20,'QA_Images'!$AB$2:$AB$58)/100,IF(I20="NOT_CHECKED",0,H20)) | M20: meta_description_seo no longer has hard truncation or dangling ending; length is below 145 but complete and meaningful, so no automatic penalty for character count. | N20: live json/html; D:\Shopify_Workspace\jeminise_seo\seo_runs\jeminise.com\20260906_234129\qa\20260908_183309\serp_evidence.json; D:\Shopify_Workspace\jeminise_seo\seo_runs\jeminise.com\20260906_234129\qa\20260908_183309\visual_observations.json
A21: 20260908_183309 | B21: qa_batch_034_r3 | C21: r3 | D21: jeminise.com+sports-theme-softball-bedding-premium-teal-yellow-comforter-set-for | E21: 332 | F21: D2 | G21: Description HTML | H21: 10 | I21: PARTIAL | J21: =IF(F21="I1",AVERAGEIF('QA_Images'!$D$2:$D$58,D21,'QA_Images'!$AA$2:$AA$58)/100,IF(I21="FULL",1,IF(I21="PARTIAL",0.5,IF(I21="FAIL",0,"")))) | K21: =IF(J21="",0,H21*J21) | L21: =IF(F21="I1",20*AVERAGEIF('QA_Images'!$D$2:$D$58,D21,'QA_Images'!$AB$2:$AB$58)/100,IF(I21="NOT_CHECKED",0,H21)) | M21: Description facts mostly match live/product evidence, but the body still contains editorial/process phrasing and generic gallery wording that should not ship as final storefront copy. | N21: live json/html; D:\Shopify_Workspace\jeminise_seo\seo_runs\jeminise.com\20260906_234129\qa\20260908_183309\serp_evidence.json; D:\Shopify_Workspace\jeminise_seo\seo_runs\jeminise.com\20260906_234129\qa\20260908_183309\visual_observations.json | O21: ISS-034-332-D2-CUSTOMER-COPY | P21: Rewrite as customer-facing English body copy for Polka Dot Softball Comforter Set; remove “The copy stays specific...” and avoid process-style gallery wording.
A22: 20260908_183309 | B22: qa_batch_034_r3 | C22: r3 | D22: jeminise.com+sports-theme-softball-bedding-premium-teal-yellow-comforter-set-for | E22: 332 | F22: I1 | G22: Image/alt QA aggregate | H22: 20 | I22: DERIVED_FROM_IMAGES | J22: =IF(F22="I1",AVERAGEIF('QA_Images'!$D$2:$D$58,D22,'QA_Images'!$AA$2:$AA$58)/100,IF(I22="FULL",1,IF(I22="PARTIAL",0.5,IF(I22="FAIL",0,"")))) | K22: =IF(J22="",0,H22*J22) | L22: =IF(F22="I1",20*AVERAGEIF('QA_Images'!$D$2:$D$58,D22,'QA_Images'!$AB$2:$AB$58)/100,IF(I22="NOT_CHECKED",0,H22)) | M22: Derived from QA_Images average for this product; all images were opened directly in this run. | N22: live json/html; D:\Shopify_Workspace\jeminise_seo\seo_runs\jeminise.com\20260906_234129\qa\20260908_183309\serp_evidence.json; D:\Shopify_Workspace\jeminise_seo\seo_runs\jeminise.com\20260906_234129\qa\20260908_183309\visual_observations.json
A23: 20260908_183309 | B23: qa_batch_034_r3 | C23: r3 | D23: jeminise.com+sports-theme-softball-bedding-premium-teal-yellow-comforter-set-for | E23: 332 | F23: E1 | G23: Evidence chain and traceability | H23: 5 | I23: PARTIAL | J23: =IF(F23="I1",AVERAGEIF('QA_Images'!$D$2:$D$58,D23,'QA_Images'!$AA$2:$AA$58)/100,IF(I23="FULL",1,IF(I23="PARTIAL",0.5,IF(I23="FAIL",0,"")))) | K23: =IF(J23="",0,H23*J23) | L23: =IF(F23="I1",20*AVERAGEIF('QA_Images'!$D$2:$D$58,D23,'QA_Images'!$AB$2:$AB$58)/100,IF(I23="NOT_CHECKED",0,H23)) | M23: Evidence chain exists, but workbook traceability still carries r2/contact-sheet wording while the actual source file is r3; this QA run compensates with new live/image/SERP evidence. | N23: live json/html; D:\Shopify_Workspace\jeminise_seo\seo_runs\jeminise.com\20260906_234129\qa\20260908_183309\serp_evidence.json; D:\Shopify_Workspace\jeminise_seo\seo_runs\jeminise.com\20260906_234129\qa\20260908_183309\visual_observations.json | O23: ISS-034-332-E1-REVISION-TRACE
A24: 20260908_183309 | B24: qa_batch_034_r3 | C24: r3 | D24: jeminise.com+teal-yellow-softball-comforter-set-vibrant-sports-bedroom-decor | E24: 333 | F24: P1 | G24: Product identity/source match | H24: 15 | I24: FULL | J24: =IF(F24="I1",AVERAGEIF('QA_Images'!$D$2:$D$58,D24,'QA_Images'!$AA$2:$AA$58)/100,IF(I24="FULL",1,IF(I24="PARTIAL",0.5,IF(I24="FAIL",0,"")))) | K24: =IF(J24="",0,H24*J24) | L24: =IF(F24="I1",20*AVERAGEIF('QA_Images'!$D$2:$D$58,D24,'QA_Images'!$AB$2:$AB$58)/100,IF(I24="NOT_CHECKED",0,H24)) | M24: Product identity locked by inventory product_key, handle and product_id; live product JSON matched handle/id and expected image count for position 333. | N24: live json/html; D:\Shopify_Workspace\jeminise_seo\seo_runs\jeminise.com\20260906_234129\qa\20260908_183309\serp_evidence.json; D:\Shopify_Workspace\jeminise_seo\seo_runs\jeminise.com\20260906_234129\qa\20260908_183309\visual_observations.json
A25: 20260908_183309 | B25: qa_batch_034_r3 | C25: r3 | D25: jeminise.com+teal-yellow-softball-comforter-set-vibrant-sports-bedroom-decor | E25: 333 | F25: P2 | G25: Facts, offer and customization | H25: 10 | I25: FULL | J25: =IF(F25="I1",AVERAGEIF('QA_Images'!$D$2:$D$58,D25,'QA_Images'!$AA$2:$AA$58)/100,IF(I25="FULL",1,IF(I25="PARTIAL",0.5,IF(I25="FAIL",0,"")))) | K25: =IF(J25="",0,H25*J25) | L25: =IF(F25="I1",20*AVERAGEIF('QA_Images'!$D$2:$D$58,D25,'QA_Images'!$AB$2:$AB$58)/100,IF(I25="NOT_CHECKED",0,H25)) | M25: Offer facts verified from live JSON/options and full HTML customizer config: options Choose Comforter Size, Pillowcases; customizer labels ['Custom Your Name', 'Custom Your Number']. | N25: live json/html; D:\Shopify_Workspace\jeminise_seo\seo_runs\jeminise.com\20260906_234129\qa\20260908_183309\serp_evidence.json; D:\Shopify_Workspace\jeminise_seo\seo_runs\jeminise.com\20260906_234129\qa\20260908_183309\visual_observations.json
A26: 20260908_183309 | B26: qa_batch_034_r3 | C26: r3 | D26: jeminise.com+teal-yellow-softball-comforter-set-vibrant-sports-bedroom-decor | E26: 333 | F26: K1 | G26: Primary keyword evidence | H26: 10 | I26: PARTIAL | J26: =IF(F26="I1",AVERAGEIF('QA_Images'!$D$2:$D$58,D26,'QA_Images'!$AA$2:$AA$58)/100,IF(I26="FULL",1,IF(I26="PARTIAL",0.5,IF(I26="FAIL",0,"")))) | K26: =IF(J26="",0,H26*J26) | L26: =IF(F26="I1",20*AVERAGEIF('QA_Images'!$D$2:$D$58,D26,'QA_Images'!$AB$2:$AB$58)/100,IF(I26="NOT_CHECKED",0,H26)) | M26: Primary keyword is truthful to the visual motif, but current SERP evidence is mostly broad/related rather than strong exact-match finished product evidence. | N26: live json/html; D:\Shopify_Workspace\jeminise_seo\seo_runs\jeminise.com\20260906_234129\qa\20260908_183309\serp_evidence.json; D:\Shopify_Workspace\jeminise_seo\seo_runs\jeminise.com\20260906_234129\qa\20260908_183309\visual_observations.json | O26: ISS-034-333-K1-SERP-NICHE;ISS-034-333-K2-CLUSTER
A27: 20260908_183309 | B27: qa_batch_034_r3 | C27: r3 | D27: jeminise.com+teal-yellow-softball-comforter-set-vibrant-sports-bedroom-decor | E27: 333 | F27: K2 | G27: Intent/cannibalization separation | H27: 5 | I27: PARTIAL | J27: =IF(F27="I1",AVERAGEIF('QA_Images'!$D$2:$D$58,D27,'QA_Images'!$AA$2:$AA$58)/100,IF(I27="FULL",1,IF(I27="PARTIAL",0.5,IF(I27="FAIL",0,"")))) | K27: =IF(J27="",0,H27*J27) | L27: =IF(F27="I1",20*AVERAGEIF('QA_Images'!$D$2:$D$58,D27,'QA_Images'!$AB$2:$AB$58)/100,IF(I27="NOT_CHECKED",0,H27)) | M27: Keyword differentiation exists by motif, but nearby products in the same softball/cardinal cluster share broad secondary terms and mapping rationale is repetitive. | N27: live json/html; D:\Shopify_Workspace\jeminise_seo\seo_runs\jeminise.com\20260906_234129\qa\20260908_183309\serp_evidence.json; D:\Shopify_Workspace\jeminise_seo\seo_runs\jeminise.com\20260906_234129\qa\20260908_183309\visual_observations.json | O27: ISS-034-333-K1-SERP-NICHE;ISS-034-333-K2-CLUSTER
A28: 20260908_183309 | B28: qa_batch_034_r3 | C28: r3 | D28: jeminise.com+teal-yellow-softball-comforter-set-vibrant-sports-bedroom-decor | E28: 333 | F28: K3 | G28: No unsupported keyword-volume claim | H28: 5 | I28: FULL | J28: =IF(F28="I1",AVERAGEIF('QA_Images'!$D$2:$D$58,D28,'QA_Images'!$AA$2:$AA$58)/100,IF(I28="FULL",1,IF(I28="PARTIAL",0.5,IF(I28="FAIL",0,"")))) | K28: =IF(J28="",0,H28*J28) | L28: =IF(F28="I1",20*AVERAGEIF('QA_Images'!$D$2:$D$58,D28,'QA_Images'!$AB$2:$AB$58)/100,IF(I28="NOT_CHECKED",0,H28)) | M28: No search-volume or ranking claim is made; keyword evidence is correctly limited as SERP_ONLY. | N28: live json/html; D:\Shopify_Workspace\jeminise_seo\seo_runs\jeminise.com\20260906_234129\qa\20260908_183309\serp_evidence.json; D:\Shopify_Workspace\jeminise_seo\seo_runs\jeminise.com\20260906_234129\qa\20260908_183309\visual_observations.json | O28: ISS-034-333-K1-SERP-NICHE;ISS-034-333-K2-CLUSTER
A29: 20260908_183309 | B29: qa_batch_034_r3 | C29: r3 | D29: jeminise.com+teal-yellow-softball-comforter-set-vibrant-sports-bedroom-decor | E29: 333 | F29: T1 | G29: SEO title/meta title | H29: 10 | I29: FULL | J29: =IF(F29="I1",AVERAGEIF('QA_Images'!$D$2:$D$58,D29,'QA_Images'!$AA$2:$AA$58)/100,IF(I29="FULL",1,IF(I29="PARTIAL",0.5,IF(I29="FAIL",0,"")))) | K29: =IF(J29="",0,H29*J29) | L29: =IF(F29="I1",20*AVERAGEIF('QA_Images'!$D$2:$D$58,D29,'QA_Images'!$AB$2:$AB$58)/100,IF(I29="NOT_CHECKED",0,H29)) | M29: meta_title_seo is concise, readable, and maps to the verified motif/product type. | N29: live json/html; D:\Shopify_Workspace\jeminise_seo\seo_runs\jeminise.com\20260906_234129\qa\20260908_183309\serp_evidence.json; D:\Shopify_Workspace\jeminise_seo\seo_runs\jeminise.com\20260906_234129\qa\20260908_183309\visual_observations.json
A30: 20260908_183309 | B30: qa_batch_034_r3 | C30: r3 | D30: jeminise.com+teal-yellow-softball-comforter-set-vibrant-sports-bedroom-decor | E30: 333 | F30: T2 | G30: Product title/H1 proposal | H30: 5 | I30: FULL | J30: =IF(F30="I1",AVERAGEIF('QA_Images'!$D$2:$D$58,D30,'QA_Images'!$AA$2:$AA$58)/100,IF(I30="FULL",1,IF(I30="PARTIAL",0.5,IF(I30="FAIL",0,"")))) | K30: =IF(J30="",0,H30*J30) | L30: =IF(F30="I1",20*AVERAGEIF('QA_Images'!$D$2:$D$58,D30,'QA_Images'!$AB$2:$AB$58)/100,IF(I30="NOT_CHECKED",0,H30)) | M30: title_proposed is publishable as a clean H1/title replacement and fixes the current truncated or mojibake-heavy storefront title. | N30: live json/html; D:\Shopify_Workspace\jeminise_seo\seo_runs\jeminise.com\20260906_234129\qa\20260908_183309\serp_evidence.json; D:\Shopify_Workspace\jeminise_seo\seo_runs\jeminise.com\20260906_234129\qa\20260908_183309\visual_observations.json
A31: 20260908_183309 | B31: qa_batch_034_r3 | C31: r3 | D31: jeminise.com+teal-yellow-softball-comforter-set-vibrant-sports-bedroom-decor | E31: 333 | F31: D1 | G31: Meta description | H31: 5 | I31: FULL | J31: =IF(F31="I1",AVERAGEIF('QA_Images'!$D$2:$D$58,D31,'QA_Images'!$AA$2:$AA$58)/100,IF(I31="FULL",1,IF(I31="PARTIAL",0.5,IF(I31="FAIL",0,"")))) | K31: =IF(J31="",0,H31*J31) | L31: =IF(F31="I1",20*AVERAGEIF('QA_Images'!$D$2:$D$58,D31,'QA_Images'!$AB$2:$AB$58)/100,IF(I31="NOT_CHECKED",0,H31)) | M31: meta_description_seo no longer has hard truncation or dangling ending; length is below 145 but complete and meaningful, so no automatic penalty for character count. | N31: live json/html; D:\Shopify_Workspace\jeminise_seo\seo_runs\jeminise.com\20260906_234129\qa\20260908_183309\serp_evidence.json; D:\Shopify_Workspace\jeminise_seo\seo_runs\jeminise.com\20260906_234129\qa\20260908_183309\visual_observations.json
A32: 20260908_183309 | B32: qa_batch_034_r3 | C32: r3 | D32: jeminise.com+teal-yellow-softball-comforter-set-vibrant-sports-bedroom-decor | E32: 333 | F32: D2 | G32: Description HTML | H32: 10 | I32: PARTIAL | J32: =IF(F32="I1",AVERAGEIF('QA_Images'!$D$2:$D$58,D32,'QA_Images'!$AA$2:$AA$58)/100,IF(I32="FULL",1,IF(I32="PARTIAL",0.5,IF(I32="FAIL",0,"")))) | K32: =IF(J32="",0,H32*J32) | L32: =IF(F32="I1",20*AVERAGEIF('QA_Images'!$D$2:$D$58,D32,'QA_Images'!$AB$2:$AB$58)/100,IF(I32="NOT_CHECKED",0,H32)) | M32: Description facts mostly match live/product evidence, but the body still contains editorial/process phrasing and generic gallery wording that should not ship as final storefront copy. | N32: live json/html; D:\Shopify_Workspace\jeminise_seo\seo_runs\jeminise.com\20260906_234129\qa\20260908_183309\serp_evidence.json; D:\Shopify_Workspace\jeminise_seo\seo_runs\jeminise.com\20260906_234129\qa\20260908_183309\visual_observations.json | O32: ISS-034-333-D2-CUSTOMER-COPY | P32: Rewrite as customer-facing English body copy for Fireball Softball Comforter Set; remove “The copy stays specific...” and avoid process-style gallery wording.
A33: 20260908_183309 | B33: qa_batch_034_r3 | C33: r3 | D33: jeminise.com+teal-yellow-softball-comforter-set-vibrant-sports-bedroom-decor | E33: 333 | F33: I1 | G33: Image/alt QA aggregate | H33: 20 | I33: DERIVED_FROM_IMAGES | J33: =IF(F33="I1",AVERAGEIF('QA_Images'!$D$2:$D$58,D33,'QA_Images'!$AA$2:$AA$58)/100,IF(I33="FULL",1,IF(I33="PARTIAL",0.5,IF(I33="FAIL",0,"")))) | K33: =IF(J33="",0,H33*J33) | L33: =IF(F33="I1",20*AVERAGEIF('QA_Images'!$D$2:$D$58,D33,'QA_Images'!$AB$2:$AB$58)/100,IF(I33="NOT_CHECKED",0,H33)) | M33: Derived from QA_Images average for this product; all images were opened directly in this run. | N33: live json/html; D:\Shopify_Workspace\jeminise_seo\seo_runs\jeminise.com\20260906_234129\qa\20260908_183309\serp_evidence.json; D:\Shopify_Workspace\jeminise_seo\seo_runs\jeminise.com\20260906_234129\qa\20260908_183309\visual_observations.json
A34: 20260908_183309 | B34: qa_batch_034_r3 | C34: r3 | D34: jeminise.com+teal-yellow-softball-comforter-set-vibrant-sports-bedroom-decor | E34: 333 | F34: E1 | G34: Evidence chain and traceability | H34: 5 | I34: PARTIAL | J34: =IF(F34="I1",AVERAGEIF('QA_Images'!$D$2:$D$58,D34,'QA_Images'!$AA$2:$AA$58)/100,IF(I34="FULL",1,IF(I34="PARTIAL",0.5,IF(I34="FAIL",0,"")))) | K34: =IF(J34="",0,H34*J34) | L34: =IF(F34="I1",20*AVERAGEIF('QA_Images'!$D$2:$D$58,D34,'QA_Images'!$AB$2:$AB$58)/100,IF(I34="NOT_CHECKED",0,H34)) | M34: Evidence chain exists, but workbook traceability still carries r2/contact-sheet wording while the actual source file is r3; this QA run compensates with new live/image/SERP evidence. | N34: live json/html; D:\Shopify_Workspace\jeminise_seo\seo_runs\jeminise.com\20260906_234129\qa\20260908_183309\serp_evidence.json; D:\Shopify_Workspace\jeminise_seo\seo_runs\jeminise.com\20260906_234129\qa\20260908_183309\visual_observations.json | O34: ISS-034-333-E1-REVISION-TRACE
A35: 20260908_183309 | B35: qa_batch_034_r3 | C35: r3 | D35: jeminise.com+teal-yellow-softball-bedding-set-stylish-sports-bedroom-decor | E35: 334 | F35: P1 | G35: Product identity/source match | H35: 15 | I35: FULL | J35: =IF(F35="I1",AVERAGEIF('QA_Images'!$D$2:$D$58,D35,'QA_Images'!$AA$2:$AA$58)/100,IF(I35="FULL",1,IF(I35="PARTIAL",0.5,IF(I35="FAIL",0,"")))) | K35: =IF(J35="",0,H35*J35) | L35: =IF(F35="I1",20*AVERAGEIF('QA_Images'!$D$2:$D$58,D35,'QA_Images'!$AB$2:$AB$58)/100,IF(I35="NOT_CHECKED",0,H35)) | M35: Product identity locked by inventory product_key, handle and product_id; live product JSON matched handle/id and expected image count for position 334. | N35: live json/html; D:\Shopify_Workspace\jeminise_seo\seo_runs\jeminise.com\20260906_234129\qa\20260908_183309\serp_evidence.json; D:\Shopify_Workspace\jeminise_seo\seo_runs\jeminise.com\20260906_234129\qa\20260908_183309\visual_observations.json
A36: 20260908_183309 | B36: qa_batch_034_r3 | C36: r3 | D36: jeminise.com+teal-yellow-softball-bedding-set-stylish-sports-bedroom-decor | E36: 334 | F36: P2 | G36: Facts, offer and customization | H36: 10 | I36: FULL | J36: =IF(F36="I1",AVERAGEIF('QA_Images'!$D$2:$D$58,D36,'QA_Images'!$AA$2:$AA$58)/100,IF(I36="FULL",1,IF(I36="PARTIAL",0.5,IF(I36="FAIL",0,"")))) | K36: =IF(J36="",0,H36*J36) | L36: =IF(F36="I1",20*AVERAGEIF('QA_Images'!$D$2:$D$58,D36,'QA_Images'!$AB$2:$AB$58)/100,IF(I36="NOT_CHECKED",0,H36)) | M36: Offer facts verified from live JSON/options and full HTML customizer config: options Choose Comforter Size, Pillowcases; customizer labels ['Custom Your Name', 'Custom Your Number']. | N36: live json/html; D:\Shopify_Workspace\jeminise_seo\seo_runs\jeminise.com\20260906_234129\qa\20260908_183309\serp_evidence.json; D:\Shopify_Workspace\jeminise_seo\seo_runs\jeminise.com\20260906_234129\qa\20260908_183309\visual_observations.json
A37: 20260908_183309 | B37: qa_batch_034_r3 | C37: r3 | D37: jeminise.com+teal-yellow-softball-bedding-set-stylish-sports-bedroom-decor | E37: 334 | F37: K1 | G37: Primary keyword evidence | H37: 10 | I37: FULL | J37: =IF(F37="I1",AVERAGEIF('QA_Images'!$D$2:$D$58,D37,'QA_Images'!$AA$2:$AA$58)/100,IF(I37="FULL",1,IF(I37="PARTIAL",0.5,IF(I37="FAIL",0,"")))) | K37: =IF(J37="",0,H37*J37) | L37: =IF(F37="I1",20*AVERAGEIF('QA_Images'!$D$2:$D$58,D37,'QA_Images'!$AB$2:$AB$58)/100,IF(I37="NOT_CHECKED",0,H37)) | M37: Primary keyword has readable commercial SERP support and maps to the visible motif/product type without unsupported volume claims. | N37: live json/html; D:\Shopify_Workspace\jeminise_seo\seo_runs\jeminise.com\20260906_234129\qa\20260908_183309\serp_evidence.json; D:\Shopify_Workspace\jeminise_seo\seo_runs\jeminise.com\20260906_234129\qa\20260908_183309\visual_observations.json | O37: ISS-034-334-K2-CLUSTER
A38: 20260908_183309 | B38: qa_batch_034_r3 | C38: r3 | D38: jeminise.com+teal-yellow-softball-bedding-set-stylish-sports-bedroom-decor | E38: 334 | F38: K2 | G38: Intent/cannibalization separation | H38: 5 | I38: PARTIAL | J38: =IF(F38="I1",AVERAGEIF('QA_Images'!$D$2:$D$58,D38,'QA_Images'!$AA$2:$AA$58)/100,IF(I38="FULL",1,IF(I38="PARTIAL",0.5,IF(I38="FAIL",0,"")))) | K38: =IF(J38="",0,H38*J38) | L38: =IF(F38="I1",20*AVERAGEIF('QA_Images'!$D$2:$D$58,D38,'QA_Images'!$AB$2:$AB$58)/100,IF(I38="NOT_CHECKED",0,H38)) | M38: Keyword differentiation exists by motif, but nearby products in the same softball/cardinal cluster share broad secondary terms and mapping rationale is repetitive. | N38: live json/html; D:\Shopify_Workspace\jeminise_seo\seo_runs\jeminise.com\20260906_234129\qa\20260908_183309\serp_evidence.json; D:\Shopify_Workspace\jeminise_seo\seo_runs\jeminise.com\20260906_234129\qa\20260908_183309\visual_observations.json | O38: ISS-034-334-K2-CLUSTER
A39: 20260908_183309 | B39: qa_batch_034_r3 | C39: r3 | D39: jeminise.com+teal-yellow-softball-bedding-set-stylish-sports-bedroom-decor | E39: 334 | F39: K3 | G39: No unsupported keyword-volume claim | H39: 5 | I39: FULL | J39: =IF(F39="I1",AVERAGEIF('QA_Images'!$D$2:$D$58,D39,'QA_Images'!$AA$2:$AA$58)/100,IF(I39="FULL",1,IF(I39="PARTIAL",0.5,IF(I39="FAIL",0,"")))) | K39: =IF(J39="",0,H39*J39) | L39: =IF(F39="I1",20*AVERAGEIF('QA_Images'!$D$2:$D$58,D39,'QA_Images'!$AB$2:$AB$58)/100,IF(I39="NOT_CHECKED",0,H39)) | M39: No search-volume or ranking claim is made; keyword evidence is correctly limited as SERP_ONLY. | N39: live json/html; D:\Shopify_Workspace\jeminise_seo\seo_runs\jeminise.com\20260906_234129\qa\20260908_183309\serp_evidence.json; D:\Shopify_Workspace\jeminise_seo\seo_runs\jeminise.com\20260906_234129\qa\20260908_183309\visual_observations.json | O39: ISS-034-334-K2-CLUSTER
A40: 20260908_183309 | B40: qa_batch_034_r3 | C40: r3 | D40: jeminise.com+teal-yellow-softball-bedding-set-stylish-sports-bedroom-decor | E40: 334 | F40: T1 | G40: SEO title/meta title | H40: 10 | I40: FULL | J40: =IF(F40="I1",AVERAGEIF('QA_Images'!$D$2:$D$58,D40,'QA_Images'!$AA$2:$AA$58)/100,IF(I40="FULL",1,IF(I40="PARTIAL",0.5,IF(I40="FAIL",0,"")))) | K40: =IF(J40="",0,H40*J40) | L40: =IF(F40="I1",20*AVERAGEIF('QA_Images'!$D$2:$D$58,D40,'QA_Images'!$AB$2:$AB$58)/100,IF(I40="NOT_CHECKED",0,H40)) | M40: meta_title_seo is concise, readable, and maps to the verified motif/product type. | N40: live json/html; D:\Shopify_Workspace\jeminise_seo\seo_runs\jeminise.com\20260906_234129\qa\20260908_183309\serp_evidence.json; D:\Shopify_Workspace\jeminise_seo\seo_runs\jeminise.com\20260906_234129\qa\20260908_183309\visual_observations.json
A41: 20260908_183309 | B41: qa_batch_034_r3 | C41: r3 | D41: jeminise.com+teal-yellow-softball-bedding-set-stylish-sports-bedroom-decor | E41: 334 | F41: T2 | G41: Product title/H1 proposal | H41: 5 | I41: FULL | J41: =IF(F41="I1",AVERAGEIF('QA_Images'!$D$2:$D$58,D41,'QA_Images'!$AA$2:$AA$58)/100,IF(I41="FULL",1,IF(I41="PARTIAL",0.5,IF(I41="FAIL",0,"")))) | K41: =IF(J41="",0,H41*J41) | L41: =IF(F41="I1",20*AVERAGEIF('QA_Images'!$D$2:$D$58,D41,'QA_Images'!$AB$2:$AB$58)/100,IF(I41="NOT_CHECKED",0,H41)) | M41: title_proposed is publishable as a clean H1/title replacement and fixes the current truncated or mojibake-heavy storefront title. | N41: live json/html; D:\Shopify_Workspace\jeminise_seo\seo_runs\jeminise.com\20260906_234129\qa\20260908_183309\serp_evidence.json; D:\Shopify_Workspace\jeminise_seo\seo_runs\jeminise.com\20260906_234129\qa\20260908_183309\visual_observations.json
A42: 20260908_183309 | B42: qa_batch_034_r3 | C42: r3 | D42: jeminise.com+teal-yellow-softball-bedding-set-stylish-sports-bedroom-decor | E42: 334 | F42: D1 | G42: Meta description | H42: 5 | I42: FULL | J42: =IF(F42="I1",AVERAGEIF('QA_Images'!$D$2:$D$58,D42,'QA_Images'!$AA$2:$AA$58)/100,IF(I42="FULL",1,IF(I42="PARTIAL",0.5,IF(I42="FAIL",0,"")))) | K42: =IF(J42="",0,H42*J42) | L42: =IF(F42="I1",20*AVERAGEIF('QA_Images'!$D$2:$D$58,D42,'QA_Images'!$AB$2:$AB$58)/100,IF(I42="NOT_CHECKED",0,H42)) | M42: meta_description_seo no longer has hard truncation or dangling ending; length is below 145 but complete and meaningful, so no automatic penalty for character count. | N42: live json/html; D:\Shopify_Workspace\jeminise_seo\seo_runs\jeminise.com\20260906_234129\qa\20260908_183309\serp_evidence.json; D:\Shopify_Workspace\jeminise_seo\seo_runs\jeminise.com\20260906_234129\qa\20260908_183309\visual_observations.json
A43: 20260908_183309 | B43: qa_batch_034_r3 | C43: r3 | D43: jeminise.com+teal-yellow-softball-bedding-set-stylish-sports-bedroom-decor | E43: 334 | F43: D2 | G43: Description HTML | H43: 10 | I43: PARTIAL | J43: =IF(F43="I1",AVERAGEIF('QA_Images'!$D$2:$D$58,D43,'QA_Images'!$AA$2:$AA$58)/100,IF(I43="FULL",1,IF(I43="PARTIAL",0.5,IF(I43="FAIL",0,"")))) | K43: =IF(J43="",0,H43*J43) | L43: =IF(F43="I1",20*AVERAGEIF('QA_Images'!$D$2:$D$58,D43,'QA_Images'!$AB$2:$AB$58)/100,IF(I43="NOT_CHECKED",0,H43)) | M43: Description facts mostly match live/product evidence, but the body still contains editorial/process phrasing and generic gallery wording that should not ship as final storefront copy. | N43: live json/html; D:\Shopify_Workspace\jeminise_seo\seo_runs\jeminise.com\20260906_234129\qa\20260908_183309\serp_evidence.json; D:\Shopify_Workspace\jeminise_seo\seo_runs\jeminise.com\20260906_234129\qa\20260908_183309\visual_observations.json | O43: ISS-034-334-D2-CUSTOMER-COPY | P43: Rewrite as customer-facing English body copy for Pink Glove Softball Comforter Set; remove “The copy stays specific...” and avoid process-style gallery wording.
A44: 20260908_183309 | B44: qa_batch_034_r3 | C44: r3 | D44: jeminise.com+teal-yellow-softball-bedding-set-stylish-sports-bedroom-decor | E44: 334 | F44: I1 | G44: Image/alt QA aggregate | H44: 20 | I44: DERIVED_FROM_IMAGES | J44: =IF(F44="I1",AVERAGEIF('QA_Images'!$D$2:$D$58,D44,'QA_Images'!$AA$2:$AA$58)/100,IF(I44="FULL",1,IF(I44="PARTIAL",0.5,IF(I44="FAIL",0,"")))) | K44: =IF(J44="",0,H44*J44) | L44: =IF(F44="I1",20*AVERAGEIF('QA_Images'!$D$2:$D$58,D44,'QA_Images'!$AB$2:$AB$58)/100,IF(I44="NOT_CHECKED",0,H44)) | M44: Derived from QA_Images average for this product; all images were opened directly in this run. | N44: live json/html; D:\Shopify_Workspace\jeminise_seo\seo_runs\jeminise.com\20260906_234129\qa\20260908_183309\serp_evidence.json; D:\Shopify_Workspace\jeminise_seo\seo_runs\jeminise.com\20260906_234129\qa\20260908_183309\visual_observations.json | O44: ISS-034-334-IMG-DUPLICATE-GALLERY
A45: 20260908_183309 | B45: qa_batch_034_r3 | C45: r3 | D45: jeminise.com+teal-yellow-softball-bedding-set-stylish-sports-bedroom-decor | E45: 334 | F45: E1 | G45: Evidence chain and traceability | H45: 5 | I45: PARTIAL | J45: =IF(F45="I1",AVERAGEIF('QA_Images'!$D$2:$D$58,D45,'QA_Images'!$AA$2:$AA$58)/100,IF(I45="FULL",1,IF(I45="PARTIAL",0.5,IF(I45="FAIL",0,"")))) | K45: =IF(J45="",0,H45*J45) | L45: =IF(F45="I1",20*AVERAGEIF('QA_Images'!$D$2:$D$58,D45,'QA_Images'!$AB$2:$AB$58)/100,IF(I45="NOT_CHECKED",0,H45)) | M45: Evidence chain exists, but workbook traceability still carries r2/contact-sheet wording while the actual source file is r3; this QA run compensates with new live/image/SERP evidence. | N45: live json/html; D:\Shopify_Workspace\jeminise_seo\seo_runs\jeminise.com\20260906_234129\qa\20260908_183309\serp_evidence.json; D:\Shopify_Workspace\jeminise_seo\seo_runs\jeminise.com\20260906_234129\qa\20260908_183309\visual_observations.json | O45: ISS-034-334-E1-REVISION-TRACE
A46: 20260908_183309 | B46: qa_batch_034_r3 | C46: r3 | D46: jeminise.com+tree-of-life-with-celtic-knot-roots-quilt-set-and-celtic-knot-borders-9482d2b2f5-9482d2b2f5 | E46: 335 | F46: P1 | G46: Product identity/source match | H46: 15 | I46: FULL | J46: =IF(F46="I1",AVERAGEIF('QA_Images'!$D$2:$D$58,D46,'QA_Images'!$AA$2:$AA$58)/100,IF(I46="FULL",1,IF(I46="PARTIAL",0.5,IF(I46="FAIL",0,"")))) | K46: =IF(J46="",0,H46*J46) | L46: =IF(F46="I1",20*AVERAGEIF('QA_Images'!$D$2:$D$58,D46,'QA_Images'!$AB$2:$AB$58)/100,IF(I46="NOT_CHECKED",0,H46)) | M46: Product identity locked by inventory product_key, handle and product_id; live product JSON matched handle/id and expected image count for position 335. | N46: live json/html; D:\Shopify_Workspace\jeminise_seo\seo_runs\jeminise.com\20260906_234129\qa\20260908_183309\serp_evidence.json; D:\Shopify_Workspace\jeminise_seo\seo_runs\jeminise.com\20260906_234129\qa\20260908_183309\visual_observations.json
A47: 20260908_183309 | B47: qa_batch_034_r3 | C47: r3 | D47: jeminise.com+tree-of-life-with-celtic-knot-roots-quilt-set-and-celtic-knot-borders-9482d2b2f5-9482d2b2f5 | E47: 335 | F47: P2 | G47: Facts, offer and customization | H47: 10 | I47: FULL | J47: =IF(F47="I1",AVERAGEIF('QA_Images'!$D$2:$D$58,D47,'QA_Images'!$AA$2:$AA$58)/100,IF(I47="FULL",1,IF(I47="PARTIAL",0.5,IF(I47="FAIL",0,"")))) | K47: =IF(J47="",0,H47*J47) | L47: =IF(F47="I1",20*AVERAGEIF('QA_Images'!$D$2:$D$58,D47,'QA_Images'!$AB$2:$AB$58)/100,IF(I47="NOT_CHECKED",0,H47)) | M47: Offer facts verified from live JSON/options and full HTML customizer config: options CHOOSE YOUR SIZE, Pillowcases; customizer labels ['Customize Your Quilt']. | N47: live json/html; D:\Shopify_Workspace\jeminise_seo\seo_runs\jeminise.com\20260906_234129\qa\20260908_183309\serp_evidence.json; D:\Shopify_Workspace\jeminise_seo\seo_runs\jeminise.com\20260906_234129\qa\20260908_183309\visual_observations.json
A48: 20260908_183309 | B48: qa_batch_034_r3 | C48: r3 | D48: jeminise.com+tree-of-life-with-celtic-knot-roots-quilt-set-and-celtic-knot-borders-9482d2b2f5-9482d2b2f5 | E48: 335 | F48: K1 | G48: Primary keyword evidence | H48: 10 | I48: FULL | J48: =IF(F48="I1",AVERAGEIF('QA_Images'!$D$2:$D$58,D48,'QA_Images'!$AA$2:$AA$58)/100,IF(I48="FULL",1,IF(I48="PARTIAL",0.5,IF(I48="FAIL",0,"")))) | K48: =IF(J48="",0,H48*J48) | L48: =IF(F48="I1",20*AVERAGEIF('QA_Images'!$D$2:$D$58,D48,'QA_Images'!$AB$2:$AB$58)/100,IF(I48="NOT_CHECKED",0,H48)) | M48: Primary keyword has readable commercial SERP support and maps to the visible motif/product type without unsupported volume claims. | N48: live json/html; D:\Shopify_Workspace\jeminise_seo\seo_runs\jeminise.com\20260906_234129\qa\20260908_183309\serp_evidence.json; D:\Shopify_Workspace\jeminise_seo\seo_runs\jeminise.com\20260906_234129\qa\20260908_183309\visual_observations.json
A49: 20260908_183309 | B49: qa_batch_034_r3 | C49: r3 | D49: jeminise.com+tree-of-life-with-celtic-knot-roots-quilt-set-and-celtic-knot-borders-9482d2b2f5-9482d2b2f5 | E49: 335 | F49: K2 | G49: Intent/cannibalization separation | H49: 5 | I49: FULL | J49: =IF(F49="I1",AVERAGEIF('QA_Images'!$D$2:$D$58,D49,'QA_Images'!$AA$2:$AA$58)/100,IF(I49="FULL",1,IF(I49="PARTIAL",0.5,IF(I49="FAIL",0,"")))) | K49: =IF(J49="",0,H49*J49) | L49: =IF(F49="I1",20*AVERAGEIF('QA_Images'!$D$2:$D$58,D49,'QA_Images'!$AB$2:$AB$58)/100,IF(I49="NOT_CHECKED",0,H49)) | M49: The target term is sufficiently distinct within this batch once motif and product form are considered. | N49: live json/html; D:\Shopify_Workspace\jeminise_seo\seo_runs\jeminise.com\20260906_234129\qa\20260908_183309\serp_evidence.json; D:\Shopify_Workspace\jeminise_seo\seo_runs\jeminise.com\20260906_234129\qa\20260908_183309\visual_observations.json
A50: 20260908_183309 | B50: qa_batch_034_r3 | C50: r3 | D50: jeminise.com+tree-of-life-with-celtic-knot-roots-quilt-set-and-celtic-knot-borders-9482d2b2f5-9482d2b2f5 | E50: 335 | F50: K3 | G50: No unsupported keyword-volume claim | H50: 5 | I50: FULL | J50: =IF(F50="I1",AVERAGEIF('QA_Images'!$D$2:$D$58,D50,'QA_Images'!$AA$2:$AA$58)/100,IF(I50="FULL",1,IF(I50="PARTIAL",0.5,IF(I50="FAIL",0,"")))) | K50: =IF(J50="",0,H50*J50) | L50: =IF(F50="I1",20*AVERAGEIF('QA_Images'!$D$2:$D$58,D50,'QA_Images'!$AB$2:$AB$58)/100,IF(I50="NOT_CHECKED",0,H50)) | M50: No search-volume or ranking claim is made; keyword evidence is correctly limited as SERP_ONLY. | N50: live json/html; D:\Shopify_Workspace\jeminise_seo\seo_runs\jeminise.com\20260906_234129\qa\20260908_183309\serp_evidence.json; D:\Shopify_Workspace\jeminise_seo\seo_runs\jeminise.com\20260906_234129\qa\20260908_183309\visual_observations.json
A51: 20260908_183309 | B51: qa_batch_034_r3 | C51: r3 | D51: jeminise.com+tree-of-life-with-celtic-knot-roots-quilt-set-and-celtic-knot-borders-9482d2b2f5-9482d2b2f5 | E51: 335 | F51: T1 | G51: SEO title/meta title | H51: 10 | I51: FULL | J51: =IF(F51="I1",AVERAGEIF('QA_Images'!$D$2:$D$58,D51,'QA_Images'!$AA$2:$AA$58)/100,IF(I51="FULL",1,IF(I51="PARTIAL",0.5,IF(I51="FAIL",0,"")))) | K51: =IF(J51="",0,H51*J51) | L51: =IF(F51="I1",20*AVERAGEIF('QA_Images'!$D$2:$D$58,D51,'QA_Images'!$AB$2:$AB$58)/100,IF(I51="NOT_CHECKED",0,H51)) | M51: meta_title_seo is concise, readable, and maps to the verified motif/product type. | N51: live json/html; D:\Shopify_Workspace\jeminise_seo\seo_runs\jeminise.com\20260906_234129\qa\20260908_183309\serp_evidence.json; D:\Shopify_Workspace\jeminise_seo\seo_runs\jeminise.com\20260906_234129\qa\20260908_183309\visual_observations.json
A52: 20260908_183309 | B52: qa_batch_034_r3 | C52: r3 | D52: jeminise.com+tree-of-life-with-celtic-knot-roots-quilt-set-and-celtic-knot-borders-9482d2b2f5-9482d2b2f5 | E52: 335 | F52: T2 | G52: Product title/H1 proposal | H52: 5 | I52: FULL | J52: =IF(F52="I1",AVERAGEIF('QA_Images'!$D$2:$D$58,D52,'QA_Images'!$AA$2:$AA$58)/100,IF(I52="FULL",1,IF(I52="PARTIAL",0.5,IF(I52="FAIL",0,"")))) | K52: =IF(J52="",0,H52*J52) | L52: =IF(F52="I1",20*AVERAGEIF('QA_Images'!$D$2:$D$58,D52,'QA_Images'!$AB$2:$AB$58)/100,IF(I52="NOT_CHECKED",0,H52)) | M52: title_proposed is publishable as a clean H1/title replacement and fixes the current truncated or mojibake-heavy storefront title. | N52: live json/html; D:\Shopify_Workspace\jeminise_seo\seo_runs\jeminise.com\20260906_234129\qa\20260908_183309\serp_evidence.json; D:\Shopify_Workspace\jeminise_seo\seo_runs\jeminise.com\20260906_234129\qa\20260908_183309\visual_observations.json
A53: 20260908_183309 | B53: qa_batch_034_r3 | C53: r3 | D53: jeminise.com+tree-of-life-with-celtic-knot-roots-quilt-set-and-celtic-knot-borders-9482d2b2f5-9482d2b2f5 | E53: 335 | F53: D1 | G53: Meta description | H53: 5 | I53: FULL | J53: =IF(F53="I1",AVERAGEIF('QA_Images'!$D$2:$D$58,D53,'QA_Images'!$AA$2:$AA$58)/100,IF(I53="FULL",1,IF(I53="PARTIAL",0.5,IF(I53="FAIL",0,"")))) | K53: =IF(J53="",0,H53*J53) | L53: =IF(F53="I1",20*AVERAGEIF('QA_Images'!$D$2:$D$58,D53,'QA_Images'!$AB$2:$AB$58)/100,IF(I53="NOT_CHECKED",0,H53)) | M53: meta_description_seo no longer has hard truncation or dangling ending; length is below 145 but complete and meaningful, so no automatic penalty for character count. | N53: live json/html; D:\Shopify_Workspace\jeminise_seo\seo_runs\jeminise.com\20260906_234129\qa\20260908_183309\serp_evidence.json; D:\Shopify_Workspace\jeminise_seo\seo_runs\jeminise.com\20260906_234129\qa\20260908_183309\visual_observations.json
A54: 20260908_183309 | B54: qa_batch_034_r3 | C54: r3 | D54: jeminise.com+tree-of-life-with-celtic-knot-roots-quilt-set-and-celtic-knot-borders-9482d2b2f5-9482d2b2f5 | E54: 335 | F54: D2 | G54: Description HTML | H54: 10 | I54: PARTIAL | J54: =IF(F54="I1",AVERAGEIF('QA_Images'!$D$2:$D$58,D54,'QA_Images'!$AA$2:$AA$58)/100,IF(I54="FULL",1,IF(I54="PARTIAL",0.5,IF(I54="FAIL",0,"")))) | K54: =IF(J54="",0,H54*J54) | L54: =IF(F54="I1",20*AVERAGEIF('QA_Images'!$D$2:$D$58,D54,'QA_Images'!$AB$2:$AB$58)/100,IF(I54="NOT_CHECKED",0,H54)) | M54: Description facts mostly match live/product evidence, but the body still contains editorial/process phrasing and generic gallery wording that should not ship as final storefront copy. | N54: live json/html; D:\Shopify_Workspace\jeminise_seo\seo_runs\jeminise.com\20260906_234129\qa\20260908_183309\serp_evidence.json; D:\Shopify_Workspace\jeminise_seo\seo_runs\jeminise.com\20260906_234129\qa\20260908_183309\visual_observations.json | O54: ISS-034-335-D2-CUSTOMER-COPY | P54: Rewrite as customer-facing English body copy for Celtic Tree of Life Quilt Set; remove “The copy stays specific...” and avoid process-style gallery wording.
A55: 20260908_183309 | B55: qa_batch_034_r3 | C55: r3 | D55: jeminise.com+tree-of-life-with-celtic-knot-roots-quilt-set-and-celtic-knot-borders-9482d2b2f5-9482d2b2f5 | E55: 335 | F55: I1 | G55: Image/alt QA aggregate | H55: 20 | I55: DERIVED_FROM_IMAGES | J55: =IF(F55="I1",AVERAGEIF('QA_Images'!$D$2:$D$58,D55,'QA_Images'!$AA$2:$AA$58)/100,IF(I55="FULL",1,IF(I55="PARTIAL",0.5,IF(I55="FAIL",0,"")))) | K55: =IF(J55="",0,H55*J55) | L55: =IF(F55="I1",20*AVERAGEIF('QA_Images'!$D$2:$D$58,D55,'QA_Images'!$AB$2:$AB$58)/100,IF(I55="NOT_CHECKED",0,H55)) | M55: Derived from QA_Images average for this product; all images were opened directly in this run. | N55: live json/html; D:\Shopify_Workspace\jeminise_seo\seo_runs\jeminise.com\20260906_234129\qa\20260908_183309\serp_evidence.json; D:\Shopify_Workspace\jeminise_seo\seo_runs\jeminise.com\20260906_234129\qa\20260908_183309\visual_observations.json
A56: 20260908_183309 | B56: qa_batch_034_r3 | C56: r3 | D56: jeminise.com+tree-of-life-with-celtic-knot-roots-quilt-set-and-celtic-knot-borders-9482d2b2f5-9482d2b2f5 | E56: 335 | F56: E1 | G56: Evidence chain and traceability | H56: 5 | I56: PARTIAL | J56: =IF(F56="I1",AVERAGEIF('QA_Images'!$D$2:$D$58,D56,'QA_Images'!$AA$2:$AA$58)/100,IF(I56="FULL",1,IF(I56="PARTIAL",0.5,IF(I56="FAIL",0,"")))) | K56: =IF(J56="",0,H56*J56) | L56: =IF(F56="I1",20*AVERAGEIF('QA_Images'!$D$2:$D$58,D56,'QA_Images'!$AB$2:$AB$58)/100,IF(I56="NOT_CHECKED",0,H56)) | M56: Evidence chain exists, but workbook traceability still carries r2/contact-sheet wording while the actual source file is r3; this QA run compensates with new live/image/SERP evidence. | N56: live json/html; D:\Shopify_Workspace\jeminise_seo\seo_runs\jeminise.com\20260906_234129\qa\20260908_183309\serp_evidence.json; D:\Shopify_Workspace\jeminise_seo\seo_runs\jeminise.com\20260906_234129\qa\20260908_183309\visual_observations.json | O56: ISS-034-335-E1-REVISION-TRACE
A57: 20260908_183309 | B57: qa_batch_034_r3 | C57: r3 | D57: jeminise.com+winter-cardinal-on-berry-branch-patchwork-christmas-quilt-43ecda62b6-43ecda62b6 | E57: 336 | F57: P1 | G57: Product identity/source match | H57: 15 | I57: FULL | J57: =IF(F57="I1",AVERAGEIF('QA_Images'!$D$2:$D$58,D57,'QA_Images'!$AA$2:$AA$58)/100,IF(I57="FULL",1,IF(I57="PARTIAL",0.5,IF(I57="FAIL",0,"")))) | K57: =IF(J57="",0,H57*J57) | L57: =IF(F57="I1",20*AVERAGEIF('QA_Images'!$D$2:$D$58,D57,'QA_Images'!$AB$2:$AB$58)/100,IF(I57="NOT_CHECKED",0,H57)) | M57: Product identity locked by inventory product_key, handle and product_id; live product JSON matched handle/id and expected image count for position 336. | N57: live json/html; D:\Shopify_Workspace\jeminise_seo\seo_runs\jeminise.com\20260906_234129\qa\20260908_183309\serp_evidence.json; D:\Shopify_Workspace\jeminise_seo\seo_runs\jeminise.com\20260906_234129\qa\20260908_183309\visual_observations.json
A58: 20260908_183309 | B58: qa_batch_034_r3 | C58: r3 | D58: jeminise.com+winter-cardinal-on-berry-branch-patchwork-christmas-quilt-43ecda62b6-43ecda62b6 | E58: 336 | F58: P2 | G58: Facts, offer and customization | H58: 10 | I58: FULL | J58: =IF(F58="I1",AVERAGEIF('QA_Images'!$D$2:$D$58,D58,'QA_Images'!$AA$2:$AA$58)/100,IF(I58="FULL",1,IF(I58="PARTIAL",0.5,IF(I58="FAIL",0,"")))) | K58: =IF(J58="",0,H58*J58) | L58: =IF(F58="I1",20*AVERAGEIF('QA_Images'!$D$2:$D$58,D58,'QA_Images'!$AB$2:$AB$58)/100,IF(I58="NOT_CHECKED",0,H58)) | M58: Offer facts verified from live JSON/options and full HTML customizer config: options CHOOSE YOUR SIZE, Pillowcases; customizer labels ['Customize Your Quilt']. | N58: live json/html; D:\Shopify_Workspace\jeminise_seo\seo_runs\jeminise.com\20260906_234129\qa\20260908_183309\serp_evidence.json; D:\Shopify_Workspace\jeminise_seo\seo_runs\jeminise.com\20260906_234129\qa\20260908_183309\visual_observations.json
A59: 20260908_183309 | B59: qa_batch_034_r3 | C59: r3 | D59: jeminise.com+winter-cardinal-on-berry-branch-patchwork-christmas-quilt-43ecda62b6-43ecda62b6 | E59: 336 | F59: K1 | G59: Primary keyword evidence | H59: 10 | I59: FULL | J59: =IF(F59="I1",AVERAGEIF('QA_Images'!$D$2:$D$58,D59,'QA_Images'!$AA$2:$AA$58)/100,IF(I59="FULL",1,IF(I59="PARTIAL",0.5,IF(I59="FAIL",0,"")))) | K59: =IF(J59="",0,H59*J59) | L59: =IF(F59="I1",20*AVERAGEIF('QA_Images'!$D$2:$D$58,D59,'QA_Images'!$AB$2:$AB$58)/100,IF(I59="NOT_CHECKED",0,H59)) | M59: Primary keyword has readable commercial SERP support and maps to the visible motif/product type without unsupported volume claims. | N59: live json/html; D:\Shopify_Workspace\jeminise_seo\seo_runs\jeminise.com\20260906_234129\qa\20260908_183309\serp_evidence.json; D:\Shopify_Workspace\jeminise_seo\seo_runs\jeminise.com\20260906_234129\qa\20260908_183309\visual_observations.json
A60: 20260908_183309 | B60: qa_batch_034_r3 | C60: r3 | D60: jeminise.com+winter-cardinal-on-berry-branch-patchwork-christmas-quilt-43ecda62b6-43ecda62b6 | E60: 336 | F60: K2 | G60: Intent/cannibalization separation | H60: 5 | I60: PARTIAL | J60: =IF(F60="I1",AVERAGEIF('QA_Images'!$D$2:$D$58,D60,'QA_Images'!$AA$2:$AA$58)/100,IF(I60="FULL",1,IF(I60="PARTIAL",0.5,IF(I60="FAIL",0,"")))) | K60: =IF(J60="",0,H60*J60) | L60: =IF(F60="I1",20*AVERAGEIF('QA_Images'!$D$2:$D$58,D60,'QA_Images'!$AB$2:$AB$58)/100,IF(I60="NOT_CHECKED",0,H60)) | M60: Keyword differentiation exists by motif, but nearby products in the same softball/cardinal cluster share broad secondary terms and mapping rationale is repetitive. | N60: live json/html; D:\Shopify_Workspace\jeminise_seo\seo_runs\jeminise.com\20260906_234129\qa\20260908_183309\serp_evidence.json; D:\Shopify_Workspace\jeminise_seo\seo_runs\jeminise.com\20260906_234129\qa\20260908_183309\visual_observations.json
A61: 20260908_183309 | B61: qa_batch_034_r3 | C61: r3 | D61: jeminise.com+winter-cardinal-on-berry-branch-patchwork-christmas-quilt-43ecda62b6-43ecda62b6 | E61: 336 | F61: K3 | G61: No unsupported keyword-volume claim | H61: 5 | I61: FULL | J61: =IF(F61="I1",AVERAGEIF('QA_Images'!$D$2:$D$58,D61,'QA_Images'!$AA$2:$AA$58)/100,IF(I61="FULL",1,IF(I61="PARTIAL",0.5,IF(I61="FAIL",0,"")))) | K61: =IF(J61="",0,H61*J61) | L61: =IF(F61="I1",20*AVERAGEIF('QA_Images'!$D$2:$D$58,D61,'QA_Images'!$AB$2:$AB$58)/100,IF(I61="NOT_CHECKED",0,H61)) | M61: No search-volume or ranking claim is made; keyword evidence is correctly limited as SERP_ONLY. | N61: live json/html; D:\Shopify_Workspace\jeminise_seo\seo_runs\jeminise.com\20260906_234129\qa\20260908_183309\serp_evidence.json; D:\Shopify_Workspace\jeminise_seo\seo_runs\jeminise.com\20260906_234129\qa\20260908_183309\visual_observations.json
A62: 20260908_183309 | B62: qa_batch_034_r3 | C62: r3 | D62: jeminise.com+winter-cardinal-on-berry-branch-patchwork-christmas-quilt-43ecda62b6-43ecda62b6 | E62: 336 | F62: T1 | G62: SEO title/meta title | H62: 10 | I62: FULL | J62: =IF(F62="I1",AVERAGEIF('QA_Images'!$D$2:$D$58,D62,'QA_Images'!$AA$2:$AA$58)/100,IF(I62="FULL",1,IF(I62="PARTIAL",0.5,IF(I62="FAIL",0,"")))) | K62: =IF(J62="",0,H62*J62) | L62: =IF(F62="I1",20*AVERAGEIF('QA_Images'!$D$2:$D$58,D62,'QA_Images'!$AB$2:$AB$58)/100,IF(I62="NOT_CHECKED",0,H62)) | M62: meta_title_seo is concise, readable, and maps to the verified motif/product type. | N62: live json/html; D:\Shopify_Workspace\jeminise_seo\seo_runs\jeminise.com\20260906_234129\qa\20260908_183309\serp_evidence.json; D:\Shopify_Workspace\jeminise_seo\seo_runs\jeminise.com\20260906_234129\qa\20260908_183309\visual_observations.json
A63: 20260908_183309 | B63: qa_batch_034_r3 | C63: r3 | D63: jeminise.com+winter-cardinal-on-berry-branch-patchwork-christmas-quilt-43ecda62b6-43ecda62b6 | E63: 336 | F63: T2 | G63: Product title/H1 proposal | H63: 5 | I63: FULL | J63: =IF(F63="I1",AVERAGEIF('QA_Images'!$D$2:$D$58,D63,'QA_Images'!$AA$2:$AA$58)/100,IF(I63="FULL",1,IF(I63="PARTIAL",0.5,IF(I63="FAIL",0,"")))) | K63: =IF(J63="",0,H63*J63) | L63: =IF(F63="I1",20*AVERAGEIF('QA_Images'!$D$2:$D$58,D63,'QA_Images'!$AB$2:$AB$58)/100,IF(I63="NOT_CHECKED",0,H63)) | M63: title_proposed is publishable as a clean H1/title replacement and fixes the current truncated or mojibake-heavy storefront title. | N63: live json/html; D:\Shopify_Workspace\jeminise_seo\seo_runs\jeminise.com\20260906_234129\qa\20260908_183309\serp_evidence.json; D:\Shopify_Workspace\jeminise_seo\seo_runs\jeminise.com\20260906_234129\qa\20260908_183309\visual_observations.json
A64: 20260908_183309 | B64: qa_batch_034_r3 | C64: r3 | D64: jeminise.com+winter-cardinal-on-berry-branch-patchwork-christmas-quilt-43ecda62b6-43ecda62b6 | E64: 336 | F64: D1 | G64: Meta description | H64: 5 | I64: FULL | J64: =IF(F64="I1",AVERAGEIF('QA_Images'!$D$2:$D$58,D64,'QA_Images'!$AA$2:$AA$58)/100,IF(I64="FULL",1,IF(I64="PARTIAL",0.5,IF(I64="FAIL",0,"")))) | K64: =IF(J64="",0,H64*J64) | L64: =IF(F64="I1",20*AVERAGEIF('QA_Images'!$D$2:$D$58,D64,'QA_Images'!$AB$2:$AB$58)/100,IF(I64="NOT_CHECKED",0,H64)) | M64: meta_description_seo no longer has hard truncation or dangling ending; length is below 145 but complete and meaningful, so no automatic penalty for character count. | N64: live json/html; D:\Shopify_Workspace\jeminise_seo\seo_runs\jeminise.com\20260906_234129\qa\20260908_183309\serp_evidence.json; D:\Shopify_Workspace\jeminise_seo\seo_runs\jeminise.com\20260906_234129\qa\20260908_183309\visual_observations.json
A65: 20260908_183309 | B65: qa_batch_034_r3 | C65: r3 | D65: jeminise.com+winter-cardinal-on-berry-branch-patchwork-christmas-quilt-43ecda62b6-43ecda62b6 | E65: 336 | F65: D2 | G65: Description HTML | H65: 10 | I65: PARTIAL | J65: =IF(F65="I1",AVERAGEIF('QA_Images'!$D$2:$D$58,D65,'QA_Images'!$AA$2:$AA$58)/100,IF(I65="FULL",1,IF(I65="PARTIAL",0.5,IF(I65="FAIL",0,"")))) | K65: =IF(J65="",0,H65*J65) | L65: =IF(F65="I1",20*AVERAGEIF('QA_Images'!$D$2:$D$58,D65,'QA_Images'!$AB$2:$AB$58)/100,IF(I65="NOT_CHECKED",0,H65)) | M65: Description facts mostly match live/product evidence, but the body still contains editorial/process phrasing and generic gallery wording that should not ship as final storefront copy. | N65: live json/html; D:\Shopify_Workspace\jeminise_seo\seo_runs\jeminise.com\20260906_234129\qa\20260908_183309\serp_evidence.json; D:\Shopify_Workspace\jeminise_seo\seo_runs\jeminise.com\20260906_234129\qa\20260908_183309\visual_observations.json | O65: ISS-034-336-D2-CUSTOMER-COPY | P65: Rewrite as customer-facing English body copy for Winter Cardinal Berry Branch Quilt; remove “The copy stays specific...” and avoid process-style gallery wording.
A66: 20260908_183309 | B66: qa_batch_034_r3 | C66: r3 | D66: jeminise.com+winter-cardinal-on-berry-branch-patchwork-christmas-quilt-43ecda62b6-43ecda62b6 | E66: 336 | F66: I1 | G66: Image/alt QA aggregate | H66: 20 | I66: DERIVED_FROM_IMAGES | J66: =IF(F66="I1",AVERAGEIF('QA_Images'!$D$2:$D$58,D66,'QA_Images'!$AA$2:$AA$58)/100,IF(I66="FULL",1,IF(I66="PARTIAL",0.5,IF(I66="FAIL",0,"")))) | K66: =IF(J66="",0,H66*J66) | L66: =IF(F66="I1",20*AVERAGEIF('QA_Images'!$D$2:$D$58,D66,'QA_Images'!$AB$2:$AB$58)/100,IF(I66="NOT_CHECKED",0,H66)) | M66: Derived from QA_Images average for this product; all images were opened directly in this run. | N66: live json/html; D:\Shopify_Workspace\jeminise_seo\seo_runs\jeminise.com\20260906_234129\qa\20260908_183309\serp_evidence.json; D:\Shopify_Workspace\jeminise_seo\seo_runs\jeminise.com\20260906_234129\qa\20260908_183309\visual_observations.json
A67: 20260908_183309 | B67: qa_batch_034_r3 | C67: r3 | D67: jeminise.com+winter-cardinal-on-berry-branch-patchwork-christmas-quilt-43ecda62b6-43ecda62b6 | E67: 336 | F67: E1 | G67: Evidence chain and traceability | H67: 5 | I67: PARTIAL | J67: =IF(F67="I1",AVERAGEIF('QA_Images'!$D$2:$D$58,D67,'QA_Images'!$AA$2:$AA$58)/100,IF(I67="FULL",1,IF(I67="PARTIAL",0.5,IF(I67="FAIL",0,"")))) | K67: =IF(J67="",0,H67*J67) | L67: =IF(F67="I1",20*AVERAGEIF('QA_Images'!$D$2:$D$58,D67,'QA_Images'!$AB$2:$AB$58)/100,IF(I67="NOT_CHECKED",0,H67)) | M67: Evidence chain exists, but workbook traceability still carries r2/contact-sheet wording while the actual source file is r3; this QA run compensates with new live/image/SERP evidence. | N67: live json/html; D:\Shopify_Workspace\jeminise_seo\seo_runs\jeminise.com\20260906_234129\qa\20260908_183309\serp_evidence.json; D:\Shopify_Workspace\jeminise_seo\seo_runs\jeminise.com\20260906_234129\qa\20260908_183309\visual_observations.json | O67: ISS-034-336-E1-REVISION-TRACE
A68: 20260908_183309 | B68: qa_batch_034_r3 | C68: r3 | D68: jeminise.com+winter-cardinals-on-heart-shaped-berry-branches-patchwork-christmas-quilt-de1c648f60-de1c648f60 | E68: 337 | F68: P1 | G68: Product identity/source match | H68: 15 | I68: FULL | J68: =IF(F68="I1",AVERAGEIF('QA_Images'!$D$2:$D$58,D68,'QA_Images'!$AA$2:$AA$58)/100,IF(I68="FULL",1,IF(I68="PARTIAL",0.5,IF(I68="FAIL",0,"")))) | K68: =IF(J68="",0,H68*J68) | L68: =IF(F68="I1",20*AVERAGEIF('QA_Images'!$D$2:$D$58,D68,'QA_Images'!$AB$2:$AB$58)/100,IF(I68="NOT_CHECKED",0,H68)) | M68: Product identity locked by inventory product_key, handle and product_id; live product JSON matched handle/id and expected image count for position 337. | N68: live json/html; D:\Shopify_Workspace\jeminise_seo\seo_runs\jeminise.com\20260906_234129\qa\20260908_183309\serp_evidence.json; D:\Shopify_Workspace\jeminise_seo\seo_runs\jeminise.com\20260906_234129\qa\20260908_183309\visual_observations.json
A69: 20260908_183309 | B69: qa_batch_034_r3 | C69: r3 | D69: jeminise.com+winter-cardinals-on-heart-shaped-berry-branches-patchwork-christmas-quilt-de1c648f60-de1c648f60 | E69: 337 | F69: P2 | G69: Facts, offer and customization | H69: 10 | I69: FULL | J69: =IF(F69="I1",AVERAGEIF('QA_Images'!$D$2:$D$58,D69,'QA_Images'!$AA$2:$AA$58)/100,IF(I69="FULL",1,IF(I69="PARTIAL",0.5,IF(I69="FAIL",0,"")))) | K69: =IF(J69="",0,H69*J69) | L69: =IF(F69="I1",20*AVERAGEIF('QA_Images'!$D$2:$D$58,D69,'QA_Images'!$AB$2:$AB$58)/100,IF(I69="NOT_CHECKED",0,H69)) | M69: Offer facts verified from live JSON/options and full HTML customizer config: options CHOOSE YOUR SIZE, Pillowcases; customizer labels ['Customize Your Quilt']. | N69: live json/html; D:\Shopify_Workspace\jeminise_seo\seo_runs\jeminise.com\20260906_234129\qa\20260908_183309\serp_evidence.json; D:\Shopify_Workspace\jeminise_seo\seo_runs\jeminise.com\20260906_234129\qa\20260908_183309\visual_observations.json
A70: 20260908_183309 | B70: qa_batch_034_r3 | C70: r3 | D70: jeminise.com+winter-cardinals-on-heart-shaped-berry-branches-patchwork-christmas-quilt-de1c648f60-de1c648f60 | E70: 337 | F70: K1 | G70: Primary keyword evidence | H70: 10 | I70: PARTIAL | J70: =IF(F70="I1",AVERAGEIF('QA_Images'!$D$2:$D$58,D70,'QA_Images'!$AA$2:$AA$58)/100,IF(I70="FULL",1,IF(I70="PARTIAL",0.5,IF(I70="FAIL",0,"")))) | K70: =IF(J70="",0,H70*J70) | L70: =IF(F70="I1",20*AVERAGEIF('QA_Images'!$D$2:$D$58,D70,'QA_Images'!$AB$2:$AB$58)/100,IF(I70="NOT_CHECKED",0,H70)) | M70: Primary keyword combines a very specific motif with a broad product type; live SERP splits into adjacent intents and exact finished-product support is weak. | N70: live json/html; D:\Shopify_Workspace\jeminise_seo\seo_runs\jeminise.com\20260906_234129\qa\20260908_183309\serp_evidence.json; D:\Shopify_Workspace\jeminise_seo\seo_runs\jeminise.com\20260906_234129\qa\20260908_183309\visual_observations.json | O70: ISS-034-337-K1-SERP-WEAK
A71: 20260908_183309 | B71: qa_batch_034_r3 | C71: r3 | D71: jeminise.com+winter-cardinals-on-heart-shaped-berry-branches-patchwork-christmas-quilt-de1c648f60-de1c648f60 | E71: 337 | F71: K2 | G71: Intent/cannibalization separation | H71: 5 | I71: PARTIAL | J71: =IF(F71="I1",AVERAGEIF('QA_Images'!$D$2:$D$58,D71,'QA_Images'!$AA$2:$AA$58)/100,IF(I71="FULL",1,IF(I71="PARTIAL",0.5,IF(I71="FAIL",0,"")))) | K71: =IF(J71="",0,H71*J71) | L71: =IF(F71="I1",20*AVERAGEIF('QA_Images'!$D$2:$D$58,D71,'QA_Images'!$AB$2:$AB$58)/100,IF(I71="NOT_CHECKED",0,H71)) | M71: Keyword differentiation exists by motif, but nearby products in the same softball/cardinal cluster share broad secondary terms and mapping rationale is repetitive. | N71: live json/html; D:\Shopify_Workspace\jeminise_seo\seo_runs\jeminise.com\20260906_234129\qa\20260908_183309\serp_evidence.json; D:\Shopify_Workspace\jeminise_seo\seo_runs\jeminise.com\20260906_234129\qa\20260908_183309\visual_observations.json | O71: ISS-034-337-K1-SERP-WEAK
A72: 20260908_183309 | B72: qa_batch_034_r3 | C72: r3 | D72: jeminise.com+winter-cardinals-on-heart-shaped-berry-branches-patchwork-christmas-quilt-de1c648f60-de1c648f60 | E72: 337 | F72: K3 | G72: No unsupported keyword-volume claim | H72: 5 | I72: FULL | J72: =IF(F72="I1",AVERAGEIF('QA_Images'!$D$2:$D$58,D72,'QA_Images'!$AA$2:$AA$58)/100,IF(I72="FULL",1,IF(I72="PARTIAL",0.5,IF(I72="FAIL",0,"")))) | K72: =IF(J72="",0,H72*J72) | L72: =IF(F72="I1",20*AVERAGEIF('QA_Images'!$D$2:$D$58,D72,'QA_Images'!$AB$2:$AB$58)/100,IF(I72="NOT_CHECKED",0,H72)) | M72: No search-volume or ranking claim is made; keyword evidence is correctly limited as SERP_ONLY. | N72: live json/html; D:\Shopify_Workspace\jeminise_seo\seo_runs\jeminise.com\20260906_234129\qa\20260908_183309\serp_evidence.json; D:\Shopify_Workspace\jeminise_seo\seo_runs\jeminise.com\20260906_234129\qa\20260908_183309\visual_observations.json | O72: ISS-034-337-K1-SERP-WEAK
A73: 20260908_183309 | B73: qa_batch_034_r3 | C73: r3 | D73: jeminise.com+winter-cardinals-on-heart-shaped-berry-branches-patchwork-christmas-quilt-de1c648f60-de1c648f60 | E73: 337 | F73: T1 | G73: SEO title/meta title | H73: 10 | I73: FULL | J73: =IF(F73="I1",AVERAGEIF('QA_Images'!$D$2:$D$58,D73,'QA_Images'!$AA$2:$AA$58)/100,IF(I73="FULL",1,IF(I73="PARTIAL",0.5,IF(I73="FAIL",0,"")))) | K73: =IF(J73="",0,H73*J73) | L73: =IF(F73="I1",20*AVERAGEIF('QA_Images'!$D$2:$D$58,D73,'QA_Images'!$AB$2:$AB$58)/100,IF(I73="NOT_CHECKED",0,H73)) | M73: meta_title_seo is concise, readable, and maps to the verified motif/product type. | N73: live json/html; D:\Shopify_Workspace\jeminise_seo\seo_runs\jeminise.com\20260906_234129\qa\20260908_183309\serp_evidence.json; D:\Shopify_Workspace\jeminise_seo\seo_runs\jeminise.com\20260906_234129\qa\20260908_183309\visual_observations.json
A74: 20260908_183309 | B74: qa_batch_034_r3 | C74: r3 | D74: jeminise.com+winter-cardinals-on-heart-shaped-berry-branches-patchwork-christmas-quilt-de1c648f60-de1c648f60 | E74: 337 | F74: T2 | G74: Product title/H1 proposal | H74: 5 | I74: FULL | J74: =IF(F74="I1",AVERAGEIF('QA_Images'!$D$2:$D$58,D74,'QA_Images'!$AA$2:$AA$58)/100,IF(I74="FULL",1,IF(I74="PARTIAL",0.5,IF(I74="FAIL",0,"")))) | K74: =IF(J74="",0,H74*J74) | L74: =IF(F74="I1",20*AVERAGEIF('QA_Images'!$D$2:$D$58,D74,'QA_Images'!$AB$2:$AB$58)/100,IF(I74="NOT_CHECKED",0,H74)) | M74: title_proposed is publishable as a clean H1/title replacement and fixes the current truncated or mojibake-heavy storefront title. | N74: live json/html; D:\Shopify_Workspace\jeminise_seo\seo_runs\jeminise.com\20260906_234129\qa\20260908_183309\serp_evidence.json; D:\Shopify_Workspace\jeminise_seo\seo_runs\jeminise.com\20260906_234129\qa\20260908_183309\visual_observations.json
A75: 20260908_183309 | B75: qa_batch_034_r3 | C75: r3 | D75: jeminise.com+winter-cardinals-on-heart-shaped-berry-branches-patchwork-christmas-quilt-de1c648f60-de1c648f60 | E75: 337 | F75: D1 | G75: Meta description | H75: 5 | I75: FULL | J75: =IF(F75="I1",AVERAGEIF('QA_Images'!$D$2:$D$58,D75,'QA_Images'!$AA$2:$AA$58)/100,IF(I75="FULL",1,IF(I75="PARTIAL",0.5,IF(I75="FAIL",0,"")))) | K75: =IF(J75="",0,H75*J75) | L75: =IF(F75="I1",20*AVERAGEIF('QA_Images'!$D$2:$D$58,D75,'QA_Images'!$AB$2:$AB$58)/100,IF(I75="NOT_CHECKED",0,H75)) | M75: meta_description_seo no longer has hard truncation or dangling ending; length is below 145 but complete and meaningful, so no automatic penalty for character count. | N75: live json/html; D:\Shopify_Workspace\jeminise_seo\seo_runs\jeminise.com\20260906_234129\qa\20260908_183309\serp_evidence.json; D:\Shopify_Workspace\jeminise_seo\seo_runs\jeminise.com\20260906_234129\qa\20260908_183309\visual_observations.json
A76: 20260908_183309 | B76: qa_batch_034_r3 | C76: r3 | D76: jeminise.com+winter-cardinals-on-heart-shaped-berry-branches-patchwork-christmas-quilt-de1c648f60-de1c648f60 | E76: 337 | F76: D2 | G76: Description HTML | H76: 10 | I76: PARTIAL | J76: =IF(F76="I1",AVERAGEIF('QA_Images'!$D$2:$D$58,D76,'QA_Images'!$AA$2:$AA$58)/100,IF(I76="FULL",1,IF(I76="PARTIAL",0.5,IF(I76="FAIL",0,"")))) | K76: =IF(J76="",0,H76*J76) | L76: =IF(F76="I1",20*AVERAGEIF('QA_Images'!$D$2:$D$58,D76,'QA_Images'!$AB$2:$AB$58)/100,IF(I76="NOT_CHECKED",0,H76)) | M76: Description facts mostly match live/product evidence, but the body still contains editorial/process phrasing and generic gallery wording that should not ship as final storefront copy. | N76: live json/html; D:\Shopify_Workspace\jeminise_seo\seo_runs\jeminise.com\20260906_234129\qa\20260908_183309\serp_evidence.json; D:\Shopify_Workspace\jeminise_seo\seo_runs\jeminise.com\20260906_234129\qa\20260908_183309\visual_observations.json | O76: ISS-034-337-D2-CUSTOMER-COPY | P76: Rewrite as customer-facing English body copy for Heart Branch Cardinals Christmas Quilt; remove “The copy stays specific...” and avoid process-style gallery wording.
A77: 20260908_183309 | B77: qa_batch_034_r3 | C77: r3 | D77: jeminise.com+winter-cardinals-on-heart-shaped-berry-branches-patchwork-christmas-quilt-de1c648f60-de1c648f60 | E77: 337 | F77: I1 | G77: Image/alt QA aggregate | H77: 20 | I77: DERIVED_FROM_IMAGES | J77: =IF(F77="I1",AVERAGEIF('QA_Images'!$D$2:$D$58,D77,'QA_Images'!$AA$2:$AA$58)/100,IF(I77="FULL",1,IF(I77="PARTIAL",0.5,IF(I77="FAIL",0,"")))) | K77: =IF(J77="",0,H77*J77) | L77: =IF(F77="I1",20*AVERAGEIF('QA_Images'!$D$2:$D$58,D77,'QA_Images'!$AB$2:$AB$58)/100,IF(I77="NOT_CHECKED",0,H77)) | M77: Derived from QA_Images average for this product; all images were opened directly in this run. | N77: live json/html; D:\Shopify_Workspace\jeminise_seo\seo_runs\jeminise.com\20260906_234129\qa\20260908_183309\serp_evidence.json; D:\Shopify_Workspace\jeminise_seo\seo_runs\jeminise.com\20260906_234129\qa\20260908_183309\visual_observations.json
A78: 20260908_183309 | B78: qa_batch_034_r3 | C78: r3 | D78: jeminise.com+winter-cardinals-on-heart-shaped-berry-branches-patchwork-christmas-quilt-de1c648f60-de1c648f60 | E78: 337 | F78: E1 | G78: Evidence chain and traceability | H78: 5 | I78: PARTIAL | J78: =IF(F78="I1",AVERAGEIF('QA_Images'!$D$2:$D$58,D78,'QA_Images'!$AA$2:$AA$58)/100,IF(I78="FULL",1,IF(I78="PARTIAL",0.5,IF(I78="FAIL",0,"")))) | K78: =IF(J78="",0,H78*J78) | L78: =IF(F78="I1",20*AVERAGEIF('QA_Images'!$D$2:$D$58,D78,'QA_Images'!$AB$2:$AB$58)/100,IF(I78="NOT_CHECKED",0,H78)) | M78: Evidence chain exists, but workbook traceability still carries r2/contact-sheet wording while the actual source file is r3; this QA run compensates with new live/image/SERP evidence. | N78: live json/html; D:\Shopify_Workspace\jeminise_seo\seo_runs\jeminise.com\20260906_234129\qa\20260908_183309\serp_evidence.json; D:\Shopify_Workspace\jeminise_seo\seo_runs\jeminise.com\20260906_234129\qa\20260908_183309\visual_observations.json | O78: ISS-034-337-E1-REVISION-TRACE
A79: 20260908_183309 | B79: qa_batch_034_r3 | C79: r3 | D79: jeminise.com+winter-cat-and-cardinal-sitting-on-snowy-patchwork-christmas-quilt-82f86611f4-82f86611f4 | E79: 338 | F79: P1 | G79: Product identity/source match | H79: 15 | I79: FULL | J79: =IF(F79="I1",AVERAGEIF('QA_Images'!$D$2:$D$58,D79,'QA_Images'!$AA$2:$AA$58)/100,IF(I79="FULL",1,IF(I79="PARTIAL",0.5,IF(I79="FAIL",0,"")))) | K79: =IF(J79="",0,H79*J79) | L79: =IF(F79="I1",20*AVERAGEIF('QA_Images'!$D$2:$D$58,D79,'QA_Images'!$AB$2:$AB$58)/100,IF(I79="NOT_CHECKED",0,H79)) | M79: Product identity locked by inventory product_key, handle and product_id; live product JSON matched handle/id and expected image count for position 338. | N79: live json/html; D:\Shopify_Workspace\jeminise_seo\seo_runs\jeminise.com\20260906_234129\qa\20260908_183309\serp_evidence.json; D:\Shopify_Workspace\jeminise_seo\seo_runs\jeminise.com\20260906_234129\qa\20260908_183309\visual_observations.json
A80: 20260908_183309 | B80: qa_batch_034_r3 | C80: r3 | D80: jeminise.com+winter-cat-and-cardinal-sitting-on-snowy-patchwork-christmas-quilt-82f86611f4-82f86611f4 | E80: 338 | F80: P2 | G80: Facts, offer and customization | H80: 10 | I80: FULL | J80: =IF(F80="I1",AVERAGEIF('QA_Images'!$D$2:$D$58,D80,'QA_Images'!$AA$2:$AA$58)/100,IF(I80="FULL",1,IF(I80="PARTIAL",0.5,IF(I80="FAIL",0,"")))) | K80: =IF(J80="",0,H80*J80) | L80: =IF(F80="I1",20*AVERAGEIF('QA_Images'!$D$2:$D$58,D80,'QA_Images'!$AB$2:$AB$58)/100,IF(I80="NOT_CHECKED",0,H80)) | M80: Offer facts verified from live JSON/options and full HTML customizer config: options CHOOSE YOUR SIZE, Pillowcases; customizer labels ['Customize Your Quilt']. | N80: live json/html; D:\Shopify_Workspace\jeminise_seo\seo_runs\jeminise.com\20260906_234129\qa\20260908_183309\serp_evidence.json; D:\Shopify_Workspace\jeminise_seo\seo_runs\jeminise.com\20260906_234129\qa\20260908_183309\visual_observations.json
A81: 20260908_183309 | B81: qa_batch_034_r3 | C81: r3 | D81: jeminise.com+winter-cat-and-cardinal-sitting-on-snowy-patchwork-christmas-quilt-82f86611f4-82f86611f4 | E81: 338 | F81: K1 | G81: Primary keyword evidence | H81: 10 | I81: PARTIAL | J81: =IF(F81="I1",AVERAGEIF('QA_Images'!$D$2:$D$58,D81,'QA_Images'!$AA$2:$AA$58)/100,IF(I81="FULL",1,IF(I81="PARTIAL",0.5,IF(I81="FAIL",0,"")))) | K81: =IF(J81="",0,H81*J81) | L81: =IF(F81="I1",20*AVERAGEIF('QA_Images'!$D$2:$D$58,D81,'QA_Images'!$AB$2:$AB$58)/100,IF(I81="NOT_CHECKED",0,H81)) | M81: Primary keyword is truthful to the visual motif, but current SERP evidence is mostly broad/related rather than strong exact-match finished product evidence. | N81: live json/html; D:\Shopify_Workspace\jeminise_seo\seo_runs\jeminise.com\20260906_234129\qa\20260908_183309\serp_evidence.json; D:\Shopify_Workspace\jeminise_seo\seo_runs\jeminise.com\20260906_234129\qa\20260908_183309\visual_observations.json | O81: ISS-034-338-K1-SERP-NICHE
A82: 20260908_183309 | B82: qa_batch_034_r3 | C82: r3 | D82: jeminise.com+winter-cat-and-cardinal-sitting-on-snowy-patchwork-christmas-quilt-82f86611f4-82f86611f4 | E82: 338 | F82: K2 | G82: Intent/cannibalization separation | H82: 5 | I82: FULL | J82: =IF(F82="I1",AVERAGEIF('QA_Images'!$D$2:$D$58,D82,'QA_Images'!$AA$2:$AA$58)/100,IF(I82="FULL",1,IF(I82="PARTIAL",0.5,IF(I82="FAIL",0,"")))) | K82: =IF(J82="",0,H82*J82) | L82: =IF(F82="I1",20*AVERAGEIF('QA_Images'!$D$2:$D$58,D82,'QA_Images'!$AB$2:$AB$58)/100,IF(I82="NOT_CHECKED",0,H82)) | M82: The target term is sufficiently distinct within this batch once motif and product form are considered. | N82: live json/html; D:\Shopify_Workspace\jeminise_seo\seo_runs\jeminise.com\20260906_234129\qa\20260908_183309\serp_evidence.json; D:\Shopify_Workspace\jeminise_seo\seo_runs\jeminise.com\20260906_234129\qa\20260908_183309\visual_observations.json | O82: ISS-034-338-K1-SERP-NICHE
A83: 20260908_183309 | B83: qa_batch_034_r3 | C83: r3 | D83: jeminise.com+winter-cat-and-cardinal-sitting-on-snowy-patchwork-christmas-quilt-82f86611f4-82f86611f4 | E83: 338 | F83: K3 | G83: No unsupported keyword-volume claim | H83: 5 | I83: FULL | J83: =IF(F83="I1",AVERAGEIF('QA_Images'!$D$2:$D$58,D83,'QA_Images'!$AA$2:$AA$58)/100,IF(I83="FULL",1,IF(I83="PARTIAL",0.5,IF(I83="FAIL",0,"")))) | K83: =IF(J83="",0,H83*J83) | L83: =IF(F83="I1",20*AVERAGEIF('QA_Images'!$D$2:$D$58,D83,'QA_Images'!$AB$2:$AB$58)/100,IF(I83="NOT_CHECKED",0,H83)) | M83: No search-volume or ranking claim is made; keyword evidence is correctly limited as SERP_ONLY. | N83: live json/html; D:\Shopify_Workspace\jeminise_seo\seo_runs\jeminise.com\20260906_234129\qa\20260908_183309\serp_evidence.json; D:\Shopify_Workspace\jeminise_seo\seo_runs\jeminise.com\20260906_234129\qa\20260908_183309\visual_observations.json | O83: ISS-034-338-K1-SERP-NICHE
A84: 20260908_183309 | B84: qa_batch_034_r3 | C84: r3 | D84: jeminise.com+winter-cat-and-cardinal-sitting-on-snowy-patchwork-christmas-quilt-82f86611f4-82f86611f4 | E84: 338 | F84: T1 | G84: SEO title/meta title | H84: 10 | I84: FULL | J84: =IF(F84="I1",AVERAGEIF('QA_Images'!$D$2:$D$58,D84,'QA_Images'!$AA$2:$AA$58)/100,IF(I84="FULL",1,IF(I84="PARTIAL",0.5,IF(I84="FAIL",0,"")))) | K84: =IF(J84="",0,H84*J84) | L84: =IF(F84="I1",20*AVERAGEIF('QA_Images'!$D$2:$D$58,D84,'QA_Images'!$AB$2:$AB$58)/100,IF(I84="NOT_CHECKED",0,H84)) | M84: meta_title_seo is concise, readable, and maps to the verified motif/product type. | N84: live json/html; D:\Shopify_Workspace\jeminise_seo\seo_runs\jeminise.com\20260906_234129\qa\20260908_183309\serp_evidence.json; D:\Shopify_Workspace\jeminise_seo\seo_runs\jeminise.com\20260906_234129\qa\20260908_183309\visual_observations.json
A85: 20260908_183309 | B85: qa_batch_034_r3 | C85: r3 | D85: jeminise.com+winter-cat-and-cardinal-sitting-on-snowy-patchwork-christmas-quilt-82f86611f4-82f86611f4 | E85: 338 | F85: T2 | G85: Product title/H1 proposal | H85: 5 | I85: FULL | J85: =IF(F85="I1",AVERAGEIF('QA_Images'!$D$2:$D$58,D85,'QA_Images'!$AA$2:$AA$58)/100,IF(I85="FULL",1,IF(I85="PARTIAL",0.5,IF(I85="FAIL",0,"")))) | K85: =IF(J85="",0,H85*J85) | L85: =IF(F85="I1",20*AVERAGEIF('QA_Images'!$D$2:$D$58,D85,'QA_Images'!$AB$2:$AB$58)/100,IF(I85="NOT_CHECKED",0,H85)) | M85: title_proposed is publishable as a clean H1/title replacement and fixes the current truncated or mojibake-heavy storefront title. | N85: live json/html; D:\Shopify_Workspace\jeminise_seo\seo_runs\jeminise.com\20260906_234129\qa\20260908_183309\serp_evidence.json; D:\Shopify_Workspace\jeminise_seo\seo_runs\jeminise.com\20260906_234129\qa\20260908_183309\visual_observations.json
A86: 20260908_183309 | B86: qa_batch_034_r3 | C86: r3 | D86: jeminise.com+winter-cat-and-cardinal-sitting-on-snowy-patchwork-christmas-quilt-82f86611f4-82f86611f4 | E86: 338 | F86: D1 | G86: Meta description | H86: 5 | I86: FULL | J86: =IF(F86="I1",AVERAGEIF('QA_Images'!$D$2:$D$58,D86,'QA_Images'!$AA$2:$AA$58)/100,IF(I86="FULL",1,IF(I86="PARTIAL",0.5,IF(I86="FAIL",0,"")))) | K86: =IF(J86="",0,H86*J86) | L86: =IF(F86="I1",20*AVERAGEIF('QA_Images'!$D$2:$D$58,D86,'QA_Images'!$AB$2:$AB$58)/100,IF(I86="NOT_CHECKED",0,H86)) | M86: meta_description_seo no longer has hard truncation or dangling ending; length is below 145 but complete and meaningful, so no automatic penalty for character count. | N86: live json/html; D:\Shopify_Workspace\jeminise_seo\seo_runs\jeminise.com\20260906_234129\qa\20260908_183309\serp_evidence.json; D:\Shopify_Workspace\jeminise_seo\seo_runs\jeminise.com\20260906_234129\qa\20260908_183309\visual_observations.json
A87: 20260908_183309 | B87: qa_batch_034_r3 | C87: r3 | D87: jeminise.com+winter-cat-and-cardinal-sitting-on-snowy-patchwork-christmas-quilt-82f86611f4-82f86611f4 | E87: 338 | F87: D2 | G87: Description HTML | H87: 10 | I87: PARTIAL | J87: =IF(F87="I1",AVERAGEIF('QA_Images'!$D$2:$D$58,D87,'QA_Images'!$AA$2:$AA$58)/100,IF(I87="FULL",1,IF(I87="PARTIAL",0.5,IF(I87="FAIL",0,"")))) | K87: =IF(J87="",0,H87*J87) | L87: =IF(F87="I1",20*AVERAGEIF('QA_Images'!$D$2:$D$58,D87,'QA_Images'!$AB$2:$AB$58)/100,IF(I87="NOT_CHECKED",0,H87)) | M87: Description facts mostly match live/product evidence, but the body still contains editorial/process phrasing and generic gallery wording that should not ship as final storefront copy. | N87: live json/html; D:\Shopify_Workspace\jeminise_seo\seo_runs\jeminise.com\20260906_234129\qa\20260908_183309\serp_evidence.json; D:\Shopify_Workspace\jeminise_seo\seo_runs\jeminise.com\20260906_234129\qa\20260908_183309\visual_observations.json | O87: ISS-034-338-D2-CUSTOMER-COPY | P87: Rewrite as customer-facing English body copy for Winter Cat Cardinal Christmas Quilt; remove “The copy stays specific...” and avoid process-style gallery wording.
A88: 20260908_183309 | B88: qa_batch_034_r3 | C88: r3 | D88: jeminise.com+winter-cat-and-cardinal-sitting-on-snowy-patchwork-christmas-quilt-82f86611f4-82f86611f4 | E88: 338 | F88: I1 | G88: Image/alt QA aggregate | H88: 20 | I88: DERIVED_FROM_IMAGES | J88: =IF(F88="I1",AVERAGEIF('QA_Images'!$D$2:$D$58,D88,'QA_Images'!$AA$2:$AA$58)/100,IF(I88="FULL",1,IF(I88="PARTIAL",0.5,IF(I88="FAIL",0,"")))) | K88: =IF(J88="",0,H88*J88) | L88: =IF(F88="I1",20*AVERAGEIF('QA_Images'!$D$2:$D$58,D88,'QA_Images'!$AB$2:$AB$58)/100,IF(I88="NOT_CHECKED",0,H88)) | M88: Derived from QA_Images average for this product; all images were opened directly in this run. | N88: live json/html; D:\Shopify_Workspace\jeminise_seo\seo_runs\jeminise.com\20260906_234129\qa\20260908_183309\serp_evidence.json; D:\Shopify_Workspace\jeminise_seo\seo_runs\jeminise.com\20260906_234129\qa\20260908_183309\visual_observations.json
A89: 20260908_183309 | B89: qa_batch_034_r3 | C89: r3 | D89: jeminise.com+winter-cat-and-cardinal-sitting-on-snowy-patchwork-christmas-quilt-82f86611f4-82f86611f4 | E89: 338 | F89: E1 | G89: Evidence chain and traceability | H89: 5 | I89: PARTIAL | J89: =IF(F89="I1",AVERAGEIF('QA_Images'!$D$2:$D$58,D89,'QA_Images'!$AA$2:$AA$58)/100,IF(I89="FULL",1,IF(I89="PARTIAL",0.5,IF(I89="FAIL",0,"")))) | K89: =IF(J89="",0,H89*J89) | L89: =IF(F89="I1",20*AVERAGEIF('QA_Images'!$D$2:$D$58,D89,'QA_Images'!$AB$2:$AB$58)/100,IF(I89="NOT_CHECKED",0,H89)) | M89: Evidence chain exists, but workbook traceability still carries r2/contact-sheet wording while the actual source file is r3; this QA run compensates with new live/image/SERP evidence. | N89: live json/html; D:\Shopify_Workspace\jeminise_seo\seo_runs\jeminise.com\20260906_234129\qa\20260908_183309\serp_evidence.json; D:\Shopify_Workspace\jeminise_seo\seo_runs\jeminise.com\20260906_234129\qa\20260908_183309\visual_observations.json | O89: ISS-034-338-E1-REVISION-TRACE

Sheet QA_Images
A1: qa_run_id | B1: qa_batch_id | C1: revision | D1: product_key | E1: inventory_position | F1: handle | G1: qa_image_key | H1: media_id | I1: image_location | J1: image_number | K1: image_url_source | L1: image_url_workbook | M1: local_path | N1: source_opened | O1: visual_checked | P1: image_present_in_live | Q1: image_present_in_workbook | R1: submitted_observation | S1: qa_observation | T1: alt_action | U1: alt_current | V1: alt_effective | W1: IM1 | X1: IM2 | Y1: IM3 | Z1: IM4 | AA1: image_verified_points | AB1: image_assessed_weight | AC1: image_final_score | AD1: image_score_lower_bound | AE1: image_score_upper_bound | AF1: issue_refs | AG1: evidence_refs
A2: 20260908_183309 | B2: qa_batch_034_r3 | C2: r3 | D2: jeminise.com+softball-themed-bedding-for-girls-and-women-bright-teal-yellow | E2: 331 | F2: softball-themed-bedding-for-girls-and-women-bright-teal-yellow | G2: jeminise.com+softball-themed-bedding-for-girls-and-women-bright-teal-yellow+47934724571335+GALLERY+1+167d45abf4f60f09 | H2: 47934724571335 | I2: GALLERY | J2: 1 | K2: https://cdn.shopify.com/s/files/1/0792/5098/1063/files/ab04f03ea2e57b507f5d9ccf6faf88e8de84e48a530986432662113077d6e982.jpg?v=1787245060 | L2: https://cdn.shopify.com/s/files/1/0792/5098/1063/files/ab04f03ea2e57b507f5d9ccf6faf88e8de84e48a530986432662113077d6e982.jpg?v=1787245060 | M2: D:\Shopify_Workspace\jeminise_seo\seo_runs\jeminise.com\20260906_234129\qa\20260908_183309\images\331_1_47934724571335.jpg | N2: TRUE | O2: TRUE | P2: TRUE | Q2: TRUE | R2: Front bed mockup of vintage yellow softball comforter with script lettering and number 07 on pillows. | S2: dark brown bed mockup with large distressed yellow softball, red stitching, script sample name and number 07 | T2: SET | U2: Softball-Themed Bedding for Girls and Women – Bright Teal Yellow Sports Comforter Set for Softball Lovers, Decorative Bedroom Set in Twin, Queen & King | V2: Vintage yellow softball comforter front view | W2: FULL | X2: FULL | Y2: FULL | Z2: FULL | AA2: =IF(W2="FULL",40,IF(W2="PARTIAL",40/2,0))+IF(X2="FULL",30,IF(X2="PARTIAL",30/2,0))+IF(Y2="FULL",20,IF(Y2="PARTIAL",20/2,0))+IF(Z2="FULL",10,IF(Z2="PARTIAL",10/2,0)) | AB2: =IF(W2="NOT_CHECKED",0,40)+IF(X2="NOT_CHECKED",0,30)+IF(Y2="NOT_CHECKED",0,20)+IF(Z2="NOT_CHECKED",0,10) | AC2: =IF(AB2=100,AA2,"") | AD2: =AA2 | AE2: =AA2+(100-AB2) | AG2: D:\Shopify_Workspace\jeminise_seo\seo_runs\jeminise.com\20260906_234129\qa\20260908_183309\images\331_1_47934724571335.jpg; D:\Shopify_Workspace\jeminise_seo\seo_runs\jeminise.com\20260906_234129\qa\20260908_183309\visual_observations.json
A3: 20260908_183309 | B3: qa_batch_034_r3 | C3: r3 | D3: jeminise.com+softball-themed-bedding-for-girls-and-women-bright-teal-yellow | E3: 331 | F3: softball-themed-bedding-for-girls-and-women-bright-teal-yellow | G3: jeminise.com+softball-themed-bedding-for-girls-and-women-bright-teal-yellow+47934724604103+GALLERY+2+d54dccc5f434cc41 | H3: 47934724604103 | I3: GALLERY | J3: 2 | K3: https://cdn.shopify.com/s/files/1/0792/5098/1063/files/f09c0ba306746c0f7689c7317e7d2a677a8280aa56089fb166b8ebcf6c5cf09d.jpg?v=1787245060 | L3: https://cdn.shopify.com/s/files/1/0792/5098/1063/files/f09c0ba306746c0f7689c7317e7d2a677a8280aa56089fb166b8ebcf6c5cf09d.jpg?v=1787245060 | M3: D:\Shopify_Workspace\jeminise_seo\seo_runs\jeminise.com\20260906_234129\qa\20260908_183309\images\331_2_47934724604103.jpg | N3: TRUE | O3: TRUE | P3: TRUE | Q3: TRUE | R3: Angled room mockup of dark brown comforter with large distressed yellow softball. | S3: angled room view of same dark brown vintage softball bedding | T3: SET | U3: Softball-Themed Bedding for Girls and Women – Bright Teal Yellow Sports Comforter Set for Softball Lovers, Decorative Bedroom Set in Twin, Queen & King | V3: Vintage yellow softball comforter angled view | W3: FULL | X3: FULL | Y3: FULL | Z3: FULL | AA3: =IF(W3="FULL",40,IF(W3="PARTIAL",40/2,0))+IF(X3="FULL",30,IF(X3="PARTIAL",30/2,0))+IF(Y3="FULL",20,IF(Y3="PARTIAL",20/2,0))+IF(Z3="FULL",10,IF(Z3="PARTIAL",10/2,0)) | AB3: =IF(W3="NOT_CHECKED",0,40)+IF(X3="NOT_CHECKED",0,30)+IF(Y3="NOT_CHECKED",0,20)+IF(Z3="NOT_CHECKED",0,10) | AC3: =IF(AB3=100,AA3,"") | AD3: =AA3 | AE3: =AA3+(100-AB3) | AG3: D:\Shopify_Workspace\jeminise_seo\seo_runs\jeminise.com\20260906_234129\qa\20260908_183309\images\331_2_47934724604103.jpg; D:\Shopify_Workspace\jeminise_seo\seo_runs\jeminise.com\20260906_234129\qa\20260908_183309\visual_observations.json
A4: 20260908_183309 | B4: qa_batch_034_r3 | C4: r3 | D4: jeminise.com+softball-themed-bedding-for-girls-and-women-bright-teal-yellow | E4: 331 | F4: softball-themed-bedding-for-girls-and-women-bright-teal-yellow | G4: jeminise.com+softball-themed-bedding-for-girls-and-women-bright-teal-yellow+47934724636871+GALLERY+3+7bf25734fa6f73c8 | H4: 47934724636871 | I4: GALLERY | J4: 3 | K4: https://cdn.shopify.com/s/files/1/0792/5098/1063/files/1be2beb1be1e50a96447d670a93f64ee14a6503c977478ef58231ea6a7594b74.jpg?v=1787245060 | L4: https://cdn.shopify.com/s/files/1/0792/5098/1063/files/1be2beb1be1e50a96447d670a93f64ee14a6503c977478ef58231ea6a7594b74.jpg?v=1787245060 | M4: D:\Shopify_Workspace\jeminise_seo\seo_runs\jeminise.com\20260906_234129\qa\20260908_183309\images\331_3_47934724636871.jpg | N4: TRUE | O4: TRUE | P4: TRUE | Q4: TRUE | R4: Pillowcase close view with yellow softball, number 07 and script lettering. | S4: pillowcase close-up with yellow softball, script sample name and number 07 | T4: SET | U4: Softball-Themed Bedding for Girls and Women – Bright Teal Yellow Sports Comforter Set for Softball Lovers, Decorative Bedroom Set in Twin, Queen & King | V4: Vintage yellow softball comforter pillowcase view | W4: FULL | X4: FULL | Y4: FULL | Z4: FULL | AA4: =IF(W4="FULL",40,IF(W4="PARTIAL",40/2,0))+IF(X4="FULL",30,IF(X4="PARTIAL",30/2,0))+IF(Y4="FULL",20,IF(Y4="PARTIAL",20/2,0))+IF(Z4="FULL",10,IF(Z4="PARTIAL",10/2,0)) | AB4: =IF(W4="NOT_CHECKED",0,40)+IF(X4="NOT_CHECKED",0,30)+IF(Y4="NOT_CHECKED",0,20)+IF(Z4="NOT_CHECKED",0,10) | AC4: =IF(AB4=100,AA4,"") | AD4: =AA4 | AE4: =AA4+(100-AB4) | AG4: D:\Shopify_Workspace\jeminise_seo\seo_runs\jeminise.com\20260906_234129\qa\20260908_183309\images\331_3_47934724636871.jpg; D:\Shopify_Workspace\jeminise_seo\seo_runs\jeminise.com\20260906_234129\qa\20260908_183309\visual_observations.json
A5: 20260908_183309 | B5: qa_batch_034_r3 | C5: r3 | D5: jeminise.com+softball-themed-bedding-for-girls-and-women-bright-teal-yellow | E5: 331 | F5: softball-themed-bedding-for-girls-and-women-bright-teal-yellow | G5: jeminise.com+softball-themed-bedding-for-girls-and-women-bright-teal-yellow+47934724669639+GALLERY+4+762d57d13b48e61f | H5: 47934724669639 | I5: GALLERY | J5: 4 | K5: https://cdn.shopify.com/s/files/1/0792/5098/1063/files/c984571acb2f3980f36ff7c0c2cd8b352ad28431a5ec2b0622f73043cee9eb5c.jpg?v=1787245061 | L5: https://cdn.shopify.com/s/files/1/0792/5098/1063/files/c984571acb2f3980f36ff7c0c2cd8b352ad28431a5ec2b0622f73043cee9eb5c.jpg?v=1787245061 | M5: D:\Shopify_Workspace\jeminise_seo\seo_runs\jeminise.com\20260906_234129\qa\20260908_183309\images\331_4_47934724669639.jpg | N5: TRUE | O5: TRUE | P5: TRUE | Q5: TRUE | R5: Folded comforter mockup showing distressed yellow softball print and white backing. | S5: folded comforter with distressed softball and white backing | T5: SET | U5: Softball-Themed Bedding for Girls and Women – Bright Teal Yellow Sports Comforter Set for Softball Lovers, Decorative Bedroom Set in Twin, Queen & King | V5: Vintage yellow softball comforter folded view | W5: FULL | X5: FULL | Y5: FULL | Z5: FULL | AA5: =IF(W5="FULL",40,IF(W5="PARTIAL",40/2,0))+IF(X5="FULL",30,IF(X5="PARTIAL",30/2,0))+IF(Y5="FULL",20,IF(Y5="PARTIAL",20/2,0))+IF(Z5="FULL",10,IF(Z5="PARTIAL",10/2,0)) | AB5: =IF(W5="NOT_CHECKED",0,40)+IF(X5="NOT_CHECKED",0,30)+IF(Y5="NOT_CHECKED",0,20)+IF(Z5="NOT_CHECKED",0,10) | AC5: =IF(AB5=100,AA5,"") | AD5: =AA5 | AE5: =AA5+(100-AB5) | AG5: D:\Shopify_Workspace\jeminise_seo\seo_runs\jeminise.com\20260906_234129\qa\20260908_183309\images\331_4_47934724669639.jpg; D:\Shopify_Workspace\jeminise_seo\seo_runs\jeminise.com\20260906_234129\qa\20260908_183309\visual_observations.json
A6: 20260908_183309 | B6: qa_batch_034_r3 | C6: r3 | D6: jeminise.com+softball-themed-bedding-for-girls-and-women-bright-teal-yellow | E6: 331 | F6: softball-themed-bedding-for-girls-and-women-bright-teal-yellow | G6: jeminise.com+softball-themed-bedding-for-girls-and-women-bright-teal-yellow+47934724702407+GALLERY+5+f53d6bf883beac81 | H6: 47934724702407 | I6: GALLERY | J6: 5 | K6: https://cdn.shopify.com/s/files/1/0792/5098/1063/files/8aebb0f337155634b04127c72aa11000c2e87df088938892ded1541c977658ad.jpg?v=1787245060 | L6: https://cdn.shopify.com/s/files/1/0792/5098/1063/files/8aebb0f337155634b04127c72aa11000c2e87df088938892ded1541c977658ad.jpg?v=1787245060 | M6: D:\Shopify_Workspace\jeminise_seo\seo_runs\jeminise.com\20260906_234129\qa\20260908_183309\images\331_5_47934724702407.jpg | N6: TRUE | O6: TRUE | P6: TRUE | Q6: TRUE | R6: Close fabric view of yellow softball stitching and script lettering under white backing. | S6: close fabric view of softball stitching/script under white backing | T6: SET | U6: Softball-Themed Bedding for Girls and Women – Bright Teal Yellow Sports Comforter Set for Softball Lovers, Decorative Bedroom Set in Twin, Queen & King | V6: Vintage yellow softball comforter fabric close-up | W6: FULL | X6: FULL | Y6: FULL | Z6: FULL | AA6: =IF(W6="FULL",40,IF(W6="PARTIAL",40/2,0))+IF(X6="FULL",30,IF(X6="PARTIAL",30/2,0))+IF(Y6="FULL",20,IF(Y6="PARTIAL",20/2,0))+IF(Z6="FULL",10,IF(Z6="PARTIAL",10/2,0)) | AB6: =IF(W6="NOT_CHECKED",0,40)+IF(X6="NOT_CHECKED",0,30)+IF(Y6="NOT_CHECKED",0,20)+IF(Z6="NOT_CHECKED",0,10) | AC6: =IF(AB6=100,AA6,"") | AD6: =AA6 | AE6: =AA6+(100-AB6) | AG6: D:\Shopify_Workspace\jeminise_seo\seo_runs\jeminise.com\20260906_234129\qa\20260908_183309\images\331_5_47934724702407.jpg; D:\Shopify_Workspace\jeminise_seo\seo_runs\jeminise.com\20260906_234129\qa\20260908_183309\visual_observations.json
A7: 20260908_183309 | B7: qa_batch_034_r3 | C7: r3 | D7: jeminise.com+softball-themed-bedding-for-girls-and-women-bright-teal-yellow | E7: 331 | F7: softball-themed-bedding-for-girls-and-women-bright-teal-yellow | G7: jeminise.com+softball-themed-bedding-for-girls-and-women-bright-teal-yellow+47934724735175+GALLERY+6+d8328e2da9a5bc39 | H7: 47934724735175 | I7: GALLERY | J7: 6 | K7: https://cdn.shopify.com/s/files/1/0792/5098/1063/files/b5c74b68d1b4eff2209b7123e3fbe61d1e31afd73aa5ba647e17c194e2e66c44_7a1645c1-60e0-4a89-9882-ea83eb4825db.jpg?v=1787245060 | L7: https://cdn.shopify.com/s/files/1/0792/5098/1063/files/b5c74b68d1b4eff2209b7123e3fbe61d1e31afd73aa5ba647e17c194e2e66c44_7a1645c1-60e0-4a89-9882-ea83eb4825db.jpg?v=1787245060 | M7: D:\Shopify_Workspace\jeminise_seo\seo_runs\jeminise.com\20260906_234129\qa\20260908_183309\images\331_6_47934724735175.jpg | N7: TRUE | O7: TRUE | P7: TRUE | Q7: TRUE | R7: Comforter feature panel with washable, soft filling and lightweight callouts. | S7: generic comforter feature/care panel with washable, soft filling and lightweight claims | T7: SET | U7: Softball-Themed Bedding for Girls and Women – Bright Teal Yellow Sports Comforter Set for Softball Lovers, Decorative Bedroom Set in Twin, Queen & King | V7: Vintage yellow softball comforter feature panel | W7: FULL | X7: FULL | Y7: FULL | Z7: FULL | AA7: =IF(W7="FULL",40,IF(W7="PARTIAL",40/2,0))+IF(X7="FULL",30,IF(X7="PARTIAL",30/2,0))+IF(Y7="FULL",20,IF(Y7="PARTIAL",20/2,0))+IF(Z7="FULL",10,IF(Z7="PARTIAL",10/2,0)) | AB7: =IF(W7="NOT_CHECKED",0,40)+IF(X7="NOT_CHECKED",0,30)+IF(Y7="NOT_CHECKED",0,20)+IF(Z7="NOT_CHECKED",0,10) | AC7: =IF(AB7=100,AA7,"") | AD7: =AA7 | AE7: =AA7+(100-AB7) | AG7: D:\Shopify_Workspace\jeminise_seo\seo_runs\jeminise.com\20260906_234129\qa\20260908_183309\images\331_6_47934724735175.jpg; D:\Shopify_Workspace\jeminise_seo\seo_runs\jeminise.com\20260906_234129\qa\20260908_183309\visual_observations.json
A8: 20260908_183309 | B8: qa_batch_034_r3 | C8: r3 | D8: jeminise.com+softball-themed-bedding-for-girls-and-women-bright-teal-yellow | E8: 331 | F8: softball-themed-bedding-for-girls-and-women-bright-teal-yellow | G8: jeminise.com+softball-themed-bedding-for-girls-and-women-bright-teal-yellow+47934724767943+GALLERY+7+f324666a17a1b7cf | H8: 47934724767943 | I8: GALLERY | J8: 7 | K8: https://cdn.shopify.com/s/files/1/0792/5098/1063/files/a0ebf0c8e5cb1f2c8f924529805ea1d20494460dd41a740514b8862f5d5a2f4f_8e8168de-4c19-461b-89da-d2d6790fe716.jpg?v=1787245060 | L8: https://cdn.shopify.com/s/files/1/0792/5098/1063/files/a0ebf0c8e5cb1f2c8f924529805ea1d20494460dd41a740514b8862f5d5a2f4f_8e8168de-4c19-461b-89da-d2d6790fe716.jpg?v=1787245060 | M8: D:\Shopify_Workspace\jeminise_seo\seo_runs\jeminise.com\20260906_234129\qa\20260908_183309\images\331_7_47934724767943.jpg | N8: TRUE | O8: TRUE | P8: TRUE | Q8: TRUE | R8: Set inclusion panel showing one comforter and two pillowcases. | S8: set panel states one comforter plus two pillowcases | T8: SET | U8: Softball-Themed Bedding for Girls and Women – Bright Teal Yellow Sports Comforter Set for Softball Lovers, Decorative Bedroom Set in Twin, Queen & King | V8: Vintage yellow softball comforter set panel | W8: FULL | X8: FULL | Y8: FULL | Z8: FULL | AA8: =IF(W8="FULL",40,IF(W8="PARTIAL",40/2,0))+IF(X8="FULL",30,IF(X8="PARTIAL",30/2,0))+IF(Y8="FULL",20,IF(Y8="PARTIAL",20/2,0))+IF(Z8="FULL",10,IF(Z8="PARTIAL",10/2,0)) | AB8: =IF(W8="NOT_CHECKED",0,40)+IF(X8="NOT_CHECKED",0,30)+IF(Y8="NOT_CHECKED",0,20)+IF(Z8="NOT_CHECKED",0,10) | AC8: =IF(AB8=100,AA8,"") | AD8: =AA8 | AE8: =AA8+(100-AB8) | AG8: D:\Shopify_Workspace\jeminise_seo\seo_runs\jeminise.com\20260906_234129\qa\20260908_183309\images\331_7_47934724767943.jpg; D:\Shopify_Workspace\jeminise_seo\seo_runs\jeminise.com\20260906_234129\qa\20260908_183309\visual_observations.json
A9: 20260908_183309 | B9: qa_batch_034_r3 | C9: r3 | D9: jeminise.com+sports-theme-softball-bedding-premium-teal-yellow-comforter-set-for | E9: 332 | F9: sports-theme-softball-bedding-premium-teal-yellow-comforter-set-for | G9: jeminise.com+sports-theme-softball-bedding-premium-teal-yellow-comforter-set-for+47934734303431+GALLERY+1+51fdc0c2fb9d42d2 | H9: 47934734303431 | I9: GALLERY | J9: 1 | K9: https://cdn.shopify.com/s/files/1/0792/5098/1063/files/58c2f7d5cb4a34fd2f14dce9abbae66701891763c79e8df2e2cb4f1838949b16.jpg?v=1787245101 | L9: https://cdn.shopify.com/s/files/1/0792/5098/1063/files/58c2f7d5cb4a34fd2f14dce9abbae66701891763c79e8df2e2cb4f1838949b16.jpg?v=1787245101 | M9: D:\Shopify_Workspace\jeminise_seo\seo_runs\jeminise.com\20260906_234129\qa\20260908_183309\images\332_1_47934734303431.jpg | N9: TRUE | O9: TRUE | P9: TRUE | Q9: TRUE | R9: Front bed mockup of black polka dot softball comforter with teal stripe and paisley border. | S9: front bed mockup: black polka dots, teal stripe, paisley border, softball lettering and sample name Mia | T9: SET | U9: Sports Theme Softball Bedding – Premium Teal Yellow Comforter Set for Girls & Women, Cozy Decorative Bed Set for Softball Fans in Twin, Queen, King | V9: Polka dot softball comforter front view | W9: FULL | X9: FULL | Y9: FULL | Z9: FULL | AA9: =IF(W9="FULL",40,IF(W9="PARTIAL",40/2,0))+IF(X9="FULL",30,IF(X9="PARTIAL",30/2,0))+IF(Y9="FULL",20,IF(Y9="PARTIAL",20/2,0))+IF(Z9="FULL",10,IF(Z9="PARTIAL",10/2,0)) | AB9: =IF(W9="NOT_CHECKED",0,40)+IF(X9="NOT_CHECKED",0,30)+IF(Y9="NOT_CHECKED",0,20)+IF(Z9="NOT_CHECKED",0,10) | AC9: =IF(AB9=100,AA9,"") | AD9: =AA9 | AE9: =AA9+(100-AB9) | AG9: D:\Shopify_Workspace\jeminise_seo\seo_runs\jeminise.com\20260906_234129\qa\20260908_183309\images\332_1_47934734303431.jpg; D:\Shopify_Workspace\jeminise_seo\seo_runs\jeminise.com\20260906_234129\qa\20260908_183309\visual_observations.json
A10: 20260908_183309 | B10: qa_batch_034_r3 | C10: r3 | D10: jeminise.com+sports-theme-softball-bedding-premium-teal-yellow-comforter-set-for | E10: 332 | F10: sports-theme-softball-bedding-premium-teal-yellow-comforter-set-for | G10: jeminise.com+sports-theme-softball-bedding-premium-teal-yellow-comforter-set-for+47934734336199+GALLERY+2+5bc6eac021483644 | H10: 47934734336199 | I10: GALLERY | J10: 2 | K10: https://cdn.shopify.com/s/files/1/0792/5098/1063/files/229cb45670a4319aa2b878f45acb729168a0652318cd8ac8ccbffc6383ec0b33.jpg?v=1787245101 | L10: https://cdn.shopify.com/s/files/1/0792/5098/1063/files/229cb45670a4319aa2b878f45acb729168a0652318cd8ac8ccbffc6383ec0b33.jpg?v=1787245101 | M10: D:\Shopify_Workspace\jeminise_seo\seo_runs\jeminise.com\20260906_234129\qa\20260908_183309\images\332_2_47934734336199.jpg | N10: TRUE | O10: TRUE | P10: TRUE | Q10: TRUE | R10: Angled room mockup of polka dot softball comforter with glove and ball artwork. | S10: angled room view with glove and ball artwork | T10: SET | U10: Sports Theme Softball Bedding – Premium Teal Yellow Comforter Set for Girls & Women, Cozy Decorative Bed Set for Softball Fans in Twin, Queen, King | V10: Polka dot softball comforter angled view | W10: FULL | X10: FULL | Y10: FULL | Z10: FULL | AA10: =IF(W10="FULL",40,IF(W10="PARTIAL",40/2,0))+IF(X10="FULL",30,IF(X10="PARTIAL",30/2,0))+IF(Y10="FULL",20,IF(Y10="PARTIAL",20/2,0))+IF(Z10="FULL",10,IF(Z10="PARTIAL",10/2,0)) | AB10: =IF(W10="NOT_CHECKED",0,40)+IF(X10="NOT_CHECKED",0,30)+IF(Y10="NOT_CHECKED",0,20)+IF(Z10="NOT_CHECKED",0,10) | AC10: =IF(AB10=100,AA10,"") | AD10: =AA10 | AE10: =AA10+(100-AB10) | AG10: D:\Shopify_Workspace\jeminise_seo\seo_runs\jeminise.com\20260906_234129\qa\20260908_183309\images\332_2_47934734336199.jpg; D:\Shopify_Workspace\jeminise_seo\seo_runs\jeminise.com\20260906_234129\qa\20260908_183309\visual_observations.json
A11: 20260908_183309 | B11: qa_batch_034_r3 | C11: r3 | D11: jeminise.com+sports-theme-softball-bedding-premium-teal-yellow-comforter-set-for | E11: 332 | F11: sports-theme-softball-bedding-premium-teal-yellow-comforter-set-for | G11: jeminise.com+sports-theme-softball-bedding-premium-teal-yellow-comforter-set-for+47934734368967+GALLERY+3+9db33a820ce79d39 | H11: 47934734368967 | I11: GALLERY | J11: 3 | K11: https://cdn.shopify.com/s/files/1/0792/5098/1063/files/a7edb0efc97314bae6e78deb306f65e19cbf172393239636cc604cd9aad34f12.jpg?v=1787245101 | L11: https://cdn.shopify.com/s/files/1/0792/5098/1063/files/a7edb0efc97314bae6e78deb306f65e19cbf172393239636cc604cd9aad34f12.jpg?v=1787245101 | M11: D:\Shopify_Workspace\jeminise_seo\seo_runs\jeminise.com\20260906_234129\qa\20260908_183309\images\332_3_47934734368967.jpg | N11: TRUE | O11: TRUE | P11: TRUE | Q11: TRUE | R11: Pillowcase close view with black background and white polka dots. | S11: single sham/pillowcase dominated by black-and-white polka dots | T11: SET | U11: Sports Theme Softball Bedding – Premium Teal Yellow Comforter Set for Girls & Women, Cozy Decorative Bed Set for Softball Fans in Twin, Queen, King | V11: Polka dot softball comforter pillowcase view | W11: FULL | X11: FULL | Y11: FULL | Z11: FULL | AA11: =IF(W11="FULL",40,IF(W11="PARTIAL",40/2,0))+IF(X11="FULL",30,IF(X11="PARTIAL",30/2,0))+IF(Y11="FULL",20,IF(Y11="PARTIAL",20/2,0))+IF(Z11="FULL",10,IF(Z11="PARTIAL",10/2,0)) | AB11: =IF(W11="NOT_CHECKED",0,40)+IF(X11="NOT_CHECKED",0,30)+IF(Y11="NOT_CHECKED",0,20)+IF(Z11="NOT_CHECKED",0,10) | AC11: =IF(AB11=100,AA11,"") | AD11: =AA11 | AE11: =AA11+(100-AB11) | AG11: D:\Shopify_Workspace\jeminise_seo\seo_runs\jeminise.com\20260906_234129\qa\20260908_183309\images\332_3_47934734368967.jpg; D:\Shopify_Workspace\jeminise_seo\seo_runs\jeminise.com\20260906_234129\qa\20260908_183309\visual_observations.json
A12: 20260908_183309 | B12: qa_batch_034_r3 | C12: r3 | D12: jeminise.com+sports-theme-softball-bedding-premium-teal-yellow-comforter-set-for | E12: 332 | F12: sports-theme-softball-bedding-premium-teal-yellow-comforter-set-for | G12: jeminise.com+sports-theme-softball-bedding-premium-teal-yellow-comforter-set-for+47934734401735+GALLERY+4+3851f3b2dd3506e3 | H12: 47934734401735 | I12: GALLERY | J12: 4 | K12: https://cdn.shopify.com/s/files/1/0792/5098/1063/files/738e23da562ff8fe5bbf13fcf1e0024f2ce5b4f2917c1351c5a737f2ee6de5ae.jpg?v=1787245101 | L12: https://cdn.shopify.com/s/files/1/0792/5098/1063/files/738e23da562ff8fe5bbf13fcf1e0024f2ce5b4f2917c1351c5a737f2ee6de5ae.jpg?v=1787245101 | M12: D:\Shopify_Workspace\jeminise_seo\seo_runs\jeminise.com\20260906_234129\qa\20260908_183309\images\332_4_47934734401735.jpg | N12: TRUE | O12: TRUE | P12: TRUE | Q12: TRUE | R12: Folded comforter mockup showing polka dots, teal stripe, glove artwork and white backing. | S12: folded comforter showing dots, teal stripe, glove artwork, white backing | T12: SET | U12: Sports Theme Softball Bedding – Premium Teal Yellow Comforter Set for Girls & Women, Cozy Decorative Bed Set for Softball Fans in Twin, Queen, King | V12: Polka dot softball comforter folded view | W12: FULL | X12: FULL | Y12: FULL | Z12: FULL | AA12: =IF(W12="FULL",40,IF(W12="PARTIAL",40/2,0))+IF(X12="FULL",30,IF(X12="PARTIAL",30/2,0))+IF(Y12="FULL",20,IF(Y12="PARTIAL",20/2,0))+IF(Z12="FULL",10,IF(Z12="PARTIAL",10/2,0)) | AB12: =IF(W12="NOT_CHECKED",0,40)+IF(X12="NOT_CHECKED",0,30)+IF(Y12="NOT_CHECKED",0,20)+IF(Z12="NOT_CHECKED",0,10) | AC12: =IF(AB12=100,AA12,"") | AD12: =AA12 | AE12: =AA12+(100-AB12) | AG12: D:\Shopify_Workspace\jeminise_seo\seo_runs\jeminise.com\20260906_234129\qa\20260908_183309\images\332_4_47934734401735.jpg; D:\Shopify_Workspace\jeminise_seo\seo_runs\jeminise.com\20260906_234129\qa\20260908_183309\visual_observations.json
A13: 20260908_183309 | B13: qa_batch_034_r3 | C13: r3 | D13: jeminise.com+sports-theme-softball-bedding-premium-teal-yellow-comforter-set-for | E13: 332 | F13: sports-theme-softball-bedding-premium-teal-yellow-comforter-set-for | G13: jeminise.com+sports-theme-softball-bedding-premium-teal-yellow-comforter-set-for+47934734434503+GALLERY+5+454aca2613c43f58 | H13: 47934734434503 | I13: GALLERY | J13: 5 | K13: https://cdn.shopify.com/s/files/1/0792/5098/1063/files/01d72427c1cb10ef68299a22f733b43117af5e7c41fbc6ff5e9bcbb4bf5363b8.jpg?v=1787245101 | L13: https://cdn.shopify.com/s/files/1/0792/5098/1063/files/01d72427c1cb10ef68299a22f733b43117af5e7c41fbc6ff5e9bcbb4bf5363b8.jpg?v=1787245101 | M13: D:\Shopify_Workspace\jeminise_seo\seo_runs\jeminise.com\20260906_234129\qa\20260908_183309\images\332_5_47934734434503.jpg | N13: TRUE | O13: TRUE | P13: TRUE | Q13: TRUE | R13: Close fabric view of teal stripe, softball lettering and paisley border. | S13: fabric close-up of teal stripe, softball lettering and paisley border | T13: SET | U13: Sports Theme Softball Bedding – Premium Teal Yellow Comforter Set for Girls & Women, Cozy Decorative Bed Set for Softball Fans in Twin, Queen, King | V13: Polka dot softball comforter fabric close-up | W13: FULL | X13: FULL | Y13: FULL | Z13: FULL | AA13: =IF(W13="FULL",40,IF(W13="PARTIAL",40/2,0))+IF(X13="FULL",30,IF(X13="PARTIAL",30/2,0))+IF(Y13="FULL",20,IF(Y13="PARTIAL",20/2,0))+IF(Z13="FULL",10,IF(Z13="PARTIAL",10/2,0)) | AB13: =IF(W13="NOT_CHECKED",0,40)+IF(X13="NOT_CHECKED",0,30)+IF(Y13="NOT_CHECKED",0,20)+IF(Z13="NOT_CHECKED",0,10) | AC13: =IF(AB13=100,AA13,"") | AD13: =AA13 | AE13: =AA13+(100-AB13) | AG13: D:\Shopify_Workspace\jeminise_seo\seo_runs\jeminise.com\20260906_234129\qa\20260908_183309\images\332_5_47934734434503.jpg; D:\Shopify_Workspace\jeminise_seo\seo_runs\jeminise.com\20260906_234129\qa\20260908_183309\visual_observations.json
... A29: 20260908_183309 | B29: qa_batch_034_r3 | C29: r3 | D29: jeminise.com+teal-yellow-softball-bedding-set-stylish-sports-bedroom-decor | E29: 334 | F29: teal-yellow-softball-bedding-set-stylish-sports-bedroom-decor | G29: jeminise.com+teal-yellow-softball-bedding-set-stylish-sports-bedroom-decor+47934721982663+GALLERY+7+15162bb499da8d66 | H29: 47934721982663 | I29: GALLERY | J29: 7 | K29: https://cdn.shopify.com/s/files/1/0792/5098/1063/files/a0ebf0c8e5cb1f2c8f924529805ea1d20494460dd41a740514b8862f5d5a2f4f.jpg?v=1787245038 | L29: https://cdn.shopify.com/s/files/1/0792/5098/1063/files/a0ebf0c8e5cb1f2c8f924529805ea1d20494460dd41a740514b8862f5d5a2f4f.jpg?v=1787245038 | M29: D:\Shopify_Workspace\jeminise_seo\seo_runs\jeminise.com\20260906_234129\qa\20260908_183309\images\334_7_47934721982663.jpg | N29: TRUE | O29: TRUE | P29: TRUE | Q29: TRUE | R29: Set inclusion panel showing one comforter and two pillowcases. | S29: set panel states one comforter plus two pillowcases | T29: SET | U29: Teal Yellow Softball Bedding Set – Stylish Sports Bedroom Decor Comforter for Girls & Women, Perfect for Softball Fans, Available in Twin, Queen, King Sizes | V29: Pink glove softball comforter set panel | W29: FULL | X29: FULL | Y29: FULL | Z29: FULL | AA29: =IF(W29="FULL",40,IF(W29="PARTIAL",40/2,0))+IF(X29="FULL",30,IF(X29="PARTIAL",30/2,0))+IF(Y29="FULL",20,IF(Y29="PARTIAL",20/2,0))+IF(Z29="FULL",10,IF(Z29="PARTIAL",10/2,0)) | AB29: =IF(W29="NOT_CHECKED",0,40)+IF(X29="NOT_CHECKED",0,30)+IF(Y29="NOT_CHECKED",0,20)+IF(Z29="NOT_CHECKED",0,10) | AC29: =IF(AB29=100,AA29,"") | AD29: =AA29 | AE29: =AA29+(100-AB29) | AG29: D:\Shopify_Workspace\jeminise_seo\seo_runs\jeminise.com\20260906_234129\qa\20260908_183309\images\334_7_47934721982663.jpg; D:\Shopify_Workspace\jeminise_seo\seo_runs\jeminise.com\20260906_234129\qa\20260908_183309\visual_observations.json
A30: 20260908_183309 | B30: qa_batch_034_r3 | C30: r3 | D30: jeminise.com+teal-yellow-softball-bedding-set-stylish-sports-bedroom-decor | E30: 334 | F30: teal-yellow-softball-bedding-set-stylish-sports-bedroom-decor | G30: jeminise.com+teal-yellow-softball-bedding-set-stylish-sports-bedroom-decor+47934737055943+GALLERY+8+46bae61de6cc4553 | H30: 47934737055943 | I30: GALLERY | J30: 8 | K30: https://cdn.shopify.com/s/files/1/0792/5098/1063/files/26eb896c5342e73633f09030262d7cd53341b53471814d45f57c4a53cd757f36_21fd67c6-e566-4c0b-b897-98c4a3b67bf7.jpg?v=1787245121 | L30: https://cdn.shopify.com/s/files/1/0792/5098/1063/files/26eb896c5342e73633f09030262d7cd53341b53471814d45f57c4a53cd757f36_21fd67c6-e566-4c0b-b897-98c4a3b67bf7.jpg?v=1787245121 | M30: D:\Shopify_Workspace\jeminise_seo\seo_runs\jeminise.com\20260906_234129\qa\20260908_183309\images\334_8_47934737055943.jpg | N30: TRUE | O30: TRUE | P30: TRUE | Q30: TRUE | R30: Repeated front bed mockup of pink glove softball comforter with number 11 artwork. | S30: duplicate/repeated front bed mockup of pink glove softball comforter | T30: SET | U30: Teal Yellow Softball Bedding Set – Stylish Sports Bedroom Decor Comforter for Girls & Women, Perfect for Softball Fans, Available in Twin, Queen, King Sizes | V30: Pink glove softball comforter repeated front view | W30: FULL | X30: FULL | Y30: FULL | Z30: FULL | AA30: =IF(W30="FULL",40,IF(W30="PARTIAL",40/2,0))+IF(X30="FULL",30,IF(X30="PARTIAL",30/2,0))+IF(Y30="FULL",20,IF(Y30="PARTIAL",20/2,0))+IF(Z30="FULL",10,IF(Z30="PARTIAL",10/2,0)) | AB30: =IF(W30="NOT_CHECKED",0,40)+IF(X30="NOT_CHECKED",0,30)+IF(Y30="NOT_CHECKED",0,20)+IF(Z30="NOT_CHECKED",0,10) | AC30: =IF(AB30=100,AA30,"") | AD30: =AA30 | AE30: =AA30+(100-AB30) | AF30: ISS-034-334-IMG-DUPLICATE-GALLERY | AG30: D:\Shopify_Workspace\jeminise_seo\seo_runs\jeminise.com\20260906_234129\qa\20260908_183309\images\334_8_47934737055943.jpg; D:\Shopify_Workspace\jeminise_seo\seo_runs\jeminise.com\20260906_234129\qa\20260908_183309\visual_observations.json
A31: 20260908_183309 | B31: qa_batch_034_r3 | C31: r3 | D31: jeminise.com+teal-yellow-softball-bedding-set-stylish-sports-bedroom-decor | E31: 334 | F31: teal-yellow-softball-bedding-set-stylish-sports-bedroom-decor | G31: jeminise.com+teal-yellow-softball-bedding-set-stylish-sports-bedroom-decor+47934737088711+GALLERY+9+b510880a39a20e88 | H31: 47934737088711 | I31: GALLERY | J31: 9 | K31: https://cdn.shopify.com/s/files/1/0792/5098/1063/files/3994783df03039a2e8eef73a64e7b4a3c318bda1959ead110b1516247d42bc1d_a1c45a54-e83e-456d-a157-9c86e9de474d.jpg?v=1787245121 | L31: https://cdn.shopify.com/s/files/1/0792/5098/1063/files/3994783df03039a2e8eef73a64e7b4a3c318bda1959ead110b1516247d42bc1d_a1c45a54-e83e-456d-a157-9c86e9de474d.jpg?v=1787245121 | M31: D:\Shopify_Workspace\jeminise_seo\seo_runs\jeminise.com\20260906_234129\qa\20260908_183309\images\334_9_47934737088711.jpg | N31: TRUE | O31: TRUE | P31: TRUE | Q31: TRUE | R31: Repeated angled room mockup of pink glove softball comforter and matching pillows. | S31: duplicate/repeated angled room mockup | T31: SET | U31: Teal Yellow Softball Bedding Set – Stylish Sports Bedroom Decor Comforter for Girls & Women, Perfect for Softball Fans, Available in Twin, Queen, King Sizes | V31: Pink glove softball comforter repeated angled view | W31: FULL | X31: FULL | Y31: FULL | Z31: FULL | AA31: =IF(W31="FULL",40,IF(W31="PARTIAL",40/2,0))+IF(X31="FULL",30,IF(X31="PARTIAL",30/2,0))+IF(Y31="FULL",20,IF(Y31="PARTIAL",20/2,0))+IF(Z31="FULL",10,IF(Z31="PARTIAL",10/2,0)) | AB31: =IF(W31="NOT_CHECKED",0,40)+IF(X31="NOT_CHECKED",0,30)+IF(Y31="NOT_CHECKED",0,20)+IF(Z31="NOT_CHECKED",0,10) | AC31: =IF(AB31=100,AA31,"") | AD31: =AA31 | AE31: =AA31+(100-AB31) | AF31: ISS-034-334-IMG-DUPLICATE-GALLERY | AG31: D:\Shopify_Workspace\jeminise_seo\seo_runs\jeminise.com\20260906_234129\qa\20260908_183309\images\334_9_47934737088711.jpg; D:\Shopify_Workspace\jeminise_seo\seo_runs\jeminise.com\20260906_234129\qa\20260908_183309\visual_observations.json
A32: 20260908_183309 | B32: qa_batch_034_r3 | C32: r3 | D32: jeminise.com+teal-yellow-softball-bedding-set-stylish-sports-bedroom-decor | E32: 334 | F32: teal-yellow-softball-bedding-set-stylish-sports-bedroom-decor | G32: jeminise.com+teal-yellow-softball-bedding-set-stylish-sports-bedroom-decor+47934737121479+GALLERY+10+778ba33e83e196c7 | H32: 47934737121479 | I32: GALLERY | J32: 10 | K32: https://cdn.shopify.com/s/files/1/0792/5098/1063/files/ded7a16d8854216045c42ef8e9f2315c8edbca9543a6e8f4f42d617ac2b7dee9_abe60063-23a8-4aa9-a459-9ab5c3947370.jpg?v=1787245121 | L32: https://cdn.shopify.com/s/files/1/0792/5098/1063/files/ded7a16d8854216045c42ef8e9f2315c8edbca9543a6e8f4f42d617ac2b7dee9_abe60063-23a8-4aa9-a459-9ab5c3947370.jpg?v=1787245121 | M32: D:\Shopify_Workspace\jeminise_seo\seo_runs\jeminise.com\20260906_234129\qa\20260908_183309\images\334_10_47934737121479.jpg | N32: TRUE | O32: TRUE | P32: TRUE | Q32: TRUE | R32: Repeated pillowcase close view with glove, softball and number 11. | S32: duplicate/repeated pillowcase close-up | T32: SET | U32: Teal Yellow Softball Bedding Set – Stylish Sports Bedroom Decor Comforter for Girls & Women, Perfect for Softball Fans, Available in Twin, Queen, King Sizes | V32: Pink glove softball comforter repeated pillowcase view | W32: FULL | X32: FULL | Y32: FULL | Z32: FULL | AA32: =IF(W32="FULL",40,IF(W32="PARTIAL",40/2,0))+IF(X32="FULL",30,IF(X32="PARTIAL",30/2,0))+IF(Y32="FULL",20,IF(Y32="PARTIAL",20/2,0))+IF(Z32="FULL",10,IF(Z32="PARTIAL",10/2,0)) | AB32: =IF(W32="NOT_CHECKED",0,40)+IF(X32="NOT_CHECKED",0,30)+IF(Y32="NOT_CHECKED",0,20)+IF(Z32="NOT_CHECKED",0,10) | AC32: =IF(AB32=100,AA32,"") | AD32: =AA32 | AE32: =AA32+(100-AB32) | AF32: ISS-034-334-IMG-DUPLICATE-GALLERY | AG32: D:\Shopify_Workspace\jeminise_seo\seo_runs\jeminise.com\20260906_234129\qa\20260908_183309\images\334_10_47934737121479.jpg; D:\Shopify_Workspace\jeminise_seo\seo_runs\jeminise.com\20260906_234129\qa\20260908_183309\visual_observations.json
A33: 20260908_183309 | B33: qa_batch_034_r3 | C33: r3 | D33: jeminise.com+teal-yellow-softball-bedding-set-stylish-sports-bedroom-decor | E33: 334 | F33: teal-yellow-softball-bedding-set-stylish-sports-bedroom-decor | G33: jeminise.com+teal-yellow-softball-bedding-set-stylish-sports-bedroom-decor+47934737154247+GALLERY+11+aa2bde1a6772fb0e | H33: 47934737154247 | I33: GALLERY | J33: 11 | K33: https://cdn.shopify.com/s/files/1/0792/5098/1063/files/517fc6cc9181b8c4428d2b4f40fc73b8495aff64ad01a5c33b5cbe7c6e898b40_d80c129b-559b-45ce-819f-25506cd2aa15.jpg?v=1787245121 | L33: https://cdn.shopify.com/s/files/1/0792/5098/1063/files/517fc6cc9181b8c4428d2b4f40fc73b8495aff64ad01a5c33b5cbe7c6e898b40_d80c129b-559b-45ce-819f-25506cd2aa15.jpg?v=1787245121 | M33: D:\Shopify_Workspace\jeminise_seo\seo_runs\jeminise.com\20260906_234129\qa\20260908_183309\images\334_11_47934737154247.jpg | N33: TRUE | O33: TRUE | P33: TRUE | Q33: TRUE | R33: Repeated folded comforter mockup showing pink glove softball print and white backing. | S33: duplicate/repeated folded comforter mockup | T33: SET | U33: Teal Yellow Softball Bedding Set – Stylish Sports Bedroom Decor Comforter for Girls & Women, Perfect for Softball Fans, Available in Twin, Queen, King Sizes | V33: Pink glove softball comforter repeated folded view | W33: FULL | X33: FULL | Y33: FULL | Z33: FULL | AA33: =IF(W33="FULL",40,IF(W33="PARTIAL",40/2,0))+IF(X33="FULL",30,IF(X33="PARTIAL",30/2,0))+IF(Y33="FULL",20,IF(Y33="PARTIAL",20/2,0))+IF(Z33="FULL",10,IF(Z33="PARTIAL",10/2,0)) | AB33: =IF(W33="NOT_CHECKED",0,40)+IF(X33="NOT_CHECKED",0,30)+IF(Y33="NOT_CHECKED",0,20)+IF(Z33="NOT_CHECKED",0,10) | AC33: =IF(AB33=100,AA33,"") | AD33: =AA33 | AE33: =AA33+(100-AB33) | AF33: ISS-034-334-IMG-DUPLICATE-GALLERY | AG33: D:\Shopify_Workspace\jeminise_seo\seo_runs\jeminise.com\20260906_234129\qa\20260908_183309\images\334_11_47934737154247.jpg; D:\Shopify_Workspace\jeminise_seo\seo_runs\jeminise.com\20260906_234129\qa\20260908_183309\visual_observations.json
A34: 20260908_183309 | B34: qa_batch_034_r3 | C34: r3 | D34: jeminise.com+teal-yellow-softball-bedding-set-stylish-sports-bedroom-decor | E34: 334 | F34: teal-yellow-softball-bedding-set-stylish-sports-bedroom-decor | G34: jeminise.com+teal-yellow-softball-bedding-set-stylish-sports-bedroom-decor+47934737187015+GALLERY+12+3f2489a9da15d697 | H34: 47934737187015 | I34: GALLERY | J34: 12 | K34: https://cdn.shopify.com/s/files/1/0792/5098/1063/files/dd36ed3e788b7ed9d474b3e0773434d12de0da404bf870267a0eb6383474106b_bb4ba956-5937-4aa7-a673-00f3cc88131e.jpg?v=1787245121 | L34: https://cdn.shopify.com/s/files/1/0792/5098/1063/files/dd36ed3e788b7ed9d474b3e0773434d12de0da404bf870267a0eb6383474106b_bb4ba956-5937-4aa7-a673-00f3cc88131e.jpg?v=1787245121 | M34: D:\Shopify_Workspace\jeminise_seo\seo_runs\jeminise.com\20260906_234129\qa\20260908_183309\images\334_12_47934737187015.jpg | N34: TRUE | O34: TRUE | P34: TRUE | Q34: TRUE | R34: Repeated close fabric view of red glove and script lettering under white backing. | S34: duplicate/repeated fabric close-up | T34: SET | U34: Teal Yellow Softball Bedding Set – Stylish Sports Bedroom Decor Comforter for Girls & Women, Perfect for Softball Fans, Available in Twin, Queen, King Sizes | V34: Pink glove softball comforter repeated fabric close-up | W34: FULL | X34: FULL | Y34: FULL | Z34: FULL | AA34: =IF(W34="FULL",40,IF(W34="PARTIAL",40/2,0))+IF(X34="FULL",30,IF(X34="PARTIAL",30/2,0))+IF(Y34="FULL",20,IF(Y34="PARTIAL",20/2,0))+IF(Z34="FULL",10,IF(Z34="PARTIAL",10/2,0)) | AB34: =IF(W34="NOT_CHECKED",0,40)+IF(X34="NOT_CHECKED",0,30)+IF(Y34="NOT_CHECKED",0,20)+IF(Z34="NOT_CHECKED",0,10) | AC34: =IF(AB34=100,AA34,"") | AD34: =AA34 | AE34: =AA34+(100-AB34) | AF34: ISS-034-334-IMG-DUPLICATE-GALLERY | AG34: D:\Shopify_Workspace\jeminise_seo\seo_runs\jeminise.com\20260906_234129\qa\20260908_183309\images\334_12_47934737187015.jpg; D:\Shopify_Workspace\jeminise_seo\seo_runs\jeminise.com\20260906_234129\qa\20260908_183309\visual_observations.json
A35: 20260908_183309 | B35: qa_batch_034_r3 | C35: r3 | D35: jeminise.com+teal-yellow-softball-bedding-set-stylish-sports-bedroom-decor | E35: 334 | F35: teal-yellow-softball-bedding-set-stylish-sports-bedroom-decor | G35: jeminise.com+teal-yellow-softball-bedding-set-stylish-sports-bedroom-decor+47934737219783+GALLERY+13+d4a50891a39dc650 | H35: 47934737219783 | I35: GALLERY | J35: 13 | K35: https://cdn.shopify.com/s/files/1/0792/5098/1063/files/b5c74b68d1b4eff2209b7123e3fbe61d1e31afd73aa5ba647e17c194e2e66c44_a1cda676-2e7d-46cb-9f0d-d17966f3ac62.jpg?v=1787245121 | L35: https://cdn.shopify.com/s/files/1/0792/5098/1063/files/b5c74b68d1b4eff2209b7123e3fbe61d1e31afd73aa5ba647e17c194e2e66c44_a1cda676-2e7d-46cb-9f0d-d17966f3ac62.jpg?v=1787245121 | M35: D:\Shopify_Workspace\jeminise_seo\seo_runs\jeminise.com\20260906_234129\qa\20260908_183309\images\334_13_47934737219783.jpg | N35: TRUE | O35: TRUE | P35: TRUE | Q35: TRUE | R35: Repeated feature panel with washable, soft filling and lightweight callouts. | S35: duplicate/repeated feature panel | T35: SET | U35: Teal Yellow Softball Bedding Set – Stylish Sports Bedroom Decor Comforter for Girls & Women, Perfect for Softball Fans, Available in Twin, Queen, King Sizes | V35: Pink glove softball comforter repeated feature panel | W35: FULL | X35: FULL | Y35: FULL | Z35: FULL | AA35: =IF(W35="FULL",40,IF(W35="PARTIAL",40/2,0))+IF(X35="FULL",30,IF(X35="PARTIAL",30/2,0))+IF(Y35="FULL",20,IF(Y35="PARTIAL",20/2,0))+IF(Z35="FULL",10,IF(Z35="PARTIAL",10/2,0)) | AB35: =IF(W35="NOT_CHECKED",0,40)+IF(X35="NOT_CHECKED",0,30)+IF(Y35="NOT_CHECKED",0,20)+IF(Z35="NOT_CHECKED",0,10) | AC35: =IF(AB35=100,AA35,"") | AD35: =AA35 | AE35: =AA35+(100-AB35) | AF35: ISS-034-334-IMG-DUPLICATE-GALLERY | AG35: D:\Shopify_Workspace\jeminise_seo\seo_runs\jeminise.com\20260906_234129\qa\20260908_183309\images\334_13_47934737219783.jpg; D:\Shopify_Workspace\jeminise_seo\seo_runs\jeminise.com\20260906_234129\qa\20260908_183309\visual_observations.json
A36: 20260908_183309 | B36: qa_batch_034_r3 | C36: r3 | D36: jeminise.com+teal-yellow-softball-bedding-set-stylish-sports-bedroom-decor | E36: 334 | F36: teal-yellow-softball-bedding-set-stylish-sports-bedroom-decor | G36: jeminise.com+teal-yellow-softball-bedding-set-stylish-sports-bedroom-decor+47934737252551+GALLERY+14+84a7fc76fbfd8bb9 | H36: 47934737252551 | I36: GALLERY | J36: 14 | K36: https://cdn.shopify.com/s/files/1/0792/5098/1063/files/a0ebf0c8e5cb1f2c8f924529805ea1d20494460dd41a740514b8862f5d5a2f4f_7e4ffdb8-3745-4fb5-8f91-dc68d062e2c5.jpg?v=1787245121 | L36: https://cdn.shopify.com/s/files/1/0792/5098/1063/files/a0ebf0c8e5cb1f2c8f924529805ea1d20494460dd41a740514b8862f5d5a2f4f_7e4ffdb8-3745-4fb5-8f91-dc68d062e2c5.jpg?v=1787245121 | M36: D:\Shopify_Workspace\jeminise_seo\seo_runs\jeminise.com\20260906_234129\qa\20260908_183309\images\334_14_47934737252551.jpg | N36: TRUE | O36: TRUE | P36: TRUE | Q36: TRUE | R36: Repeated set inclusion panel showing one comforter and two pillowcases. | S36: duplicate/repeated set panel | T36: SET | U36: Teal Yellow Softball Bedding Set – Stylish Sports Bedroom Decor Comforter for Girls & Women, Perfect for Softball Fans, Available in Twin, Queen, King Sizes | V36: Pink glove softball comforter repeated set panel | W36: FULL | X36: FULL | Y36: FULL | Z36: FULL | AA36: =IF(W36="FULL",40,IF(W36="PARTIAL",40/2,0))+IF(X36="FULL",30,IF(X36="PARTIAL",30/2,0))+IF(Y36="FULL",20,IF(Y36="PARTIAL",20/2,0))+IF(Z36="FULL",10,IF(Z36="PARTIAL",10/2,0)) | AB36: =IF(W36="NOT_CHECKED",0,40)+IF(X36="NOT_CHECKED",0,30)+IF(Y36="NOT_CHECKED",0,20)+IF(Z36="NOT_CHECKED",0,10) | AC36: =IF(AB36=100,AA36,"") | AD36: =AA36 | AE36: =AA36+(100-AB36) | AF36: ISS-034-334-IMG-DUPLICATE-GALLERY | AG36: D:\Shopify_Workspace\jeminise_seo\seo_runs\jeminise.com\20260906_234129\qa\20260908_183309\images\334_14_47934737252551.jpg; D:\Shopify_Workspace\jeminise_seo\seo_runs\jeminise.com\20260906_234129\qa\20260908_183309\visual_observations.json
A37: 20260908_183309 | B37: qa_batch_034_r3 | C37: r3 | D37: jeminise.com+tree-of-life-with-celtic-knot-roots-quilt-set-and-celtic-knot-borders-9482d2b2f5-9482d2b2f5 | E37: 335 | F37: tree-of-life-with-celtic-knot-roots-quilt-set-and-celtic-knot-borders-9482d2b2f5-9482d2b2f5 | G37: jeminise.com+tree-of-life-with-celtic-knot-roots-quilt-set-and-celtic-knot-borders-9482d2b2f5-9482d2b2f5+47532062605511+GALLERY+1+147e4db801f993f1 | H37: 47532062605511 | I37: GALLERY | J37: 1 | K37: https://cdn.shopify.com/s/files/1/0792/5098/1063/files/8bbc0950c2d593b255188b6eacb4c385b219460979b744e3ace1aded1dd8fdf2.jpg?v=1785047992 | L37: https://cdn.shopify.com/s/files/1/0792/5098/1063/files/8bbc0950c2d593b255188b6eacb4c385b219460979b744e3ace1aded1dd8fdf2.jpg?v=1785047992 | M37: D:\Shopify_Workspace\jeminise_seo\seo_runs\jeminise.com\20260906_234129\qa\20260908_183309\images\335_1_47532062605511.jpg | N37: TRUE | O37: TRUE | P37: TRUE | Q37: TRUE | R37: Bed mockup of Celtic Tree of Life quilt with exposed knot roots and earth tone border. | S37: bed mockup of green Celtic Tree of Life with exposed knot roots and earth-tone knot border | T37: SET | U37: Tree of Life with Celtic Knot Roots Quilt Set And Celtic Knot Borders | V37: Celtic Tree of Life quilt bed view | W37: FULL | X37: FULL | Y37: FULL | Z37: FULL | AA37: =IF(W37="FULL",40,IF(W37="PARTIAL",40/2,0))+IF(X37="FULL",30,IF(X37="PARTIAL",30/2,0))+IF(Y37="FULL",20,IF(Y37="PARTIAL",20/2,0))+IF(Z37="FULL",10,IF(Z37="PARTIAL",10/2,0)) | AB37: =IF(W37="NOT_CHECKED",0,40)+IF(X37="NOT_CHECKED",0,30)+IF(Y37="NOT_CHECKED",0,20)+IF(Z37="NOT_CHECKED",0,10) | AC37: =IF(AB37=100,AA37,"") | AD37: =AA37 | AE37: =AA37+(100-AB37) | AG37: D:\Shopify_Workspace\jeminise_seo\seo_runs\jeminise.com\20260906_234129\qa\20260908_183309\images\335_1_47532062605511.jpg; D:\Shopify_Workspace\jeminise_seo\seo_runs\jeminise.com\20260906_234129\qa\20260908_183309\visual_observations.json
A38: 20260908_183309 | B38: qa_batch_034_r3 | C38: r3 | D38: jeminise.com+tree-of-life-with-celtic-knot-roots-quilt-set-and-celtic-knot-borders-9482d2b2f5-9482d2b2f5 | E38: 335 | F38: tree-of-life-with-celtic-knot-roots-quilt-set-and-celtic-knot-borders-9482d2b2f5-9482d2b2f5 | G38: jeminise.com+tree-of-life-with-celtic-knot-roots-quilt-set-and-celtic-knot-borders-9482d2b2f5-9482d2b2f5+47532062638279+GALLERY+2+fb536524481cc7f8 | H38: 47532062638279 | I38: GALLERY | J38: 2 | K38: https://cdn.shopify.com/s/files/1/0792/5098/1063/files/4f52ac9f037acbe258fee4afd491ad36915243fc2d475615742700a72d7f4f4d.jpg?v=1785047991 | L38: https://cdn.shopify.com/s/files/1/0792/5098/1063/files/4f52ac9f037acbe258fee4afd491ad36915243fc2d475615742700a72d7f4f4d.jpg?v=1785047991 | M38: D:\Shopify_Workspace\jeminise_seo\seo_runs\jeminise.com\20260906_234129\qa\20260908_183309\images\335_2_47532062638279.jpg | N38: TRUE | O38: TRUE | P38: TRUE | Q38: TRUE | R38: Room mockup of Celtic Tree of Life quilt with printed craft callout. | S38: room/mockup panel with printed craft callout | T38: SET | U38: Tree of Life with Celtic Knot Roots Quilt Set And Celtic Knot Borders | V38: Celtic Tree of Life quilt room mockup | W38: FULL | X38: FULL | Y38: FULL | Z38: FULL | AA38: =IF(W38="FULL",40,IF(W38="PARTIAL",40/2,0))+IF(X38="FULL",30,IF(X38="PARTIAL",30/2,0))+IF(Y38="FULL",20,IF(Y38="PARTIAL",20/2,0))+IF(Z38="FULL",10,IF(Z38="PARTIAL",10/2,0)) | AB38: =IF(W38="NOT_CHECKED",0,40)+IF(X38="NOT_CHECKED",0,30)+IF(Y38="NOT_CHECKED",0,20)+IF(Z38="NOT_CHECKED",0,10) | AC38: =IF(AB38=100,AA38,"") | AD38: =AA38 | AE38: =AA38+(100-AB38) | AG38: D:\Shopify_Workspace\jeminise_seo\seo_runs\jeminise.com\20260906_234129\qa\20260908_183309\images\335_2_47532062638279.jpg; D:\Shopify_Workspace\jeminise_seo\seo_runs\jeminise.com\20260906_234129\qa\20260908_183309\visual_observations.json
A39: 20260908_183309 | B39: qa_batch_034_r3 | C39: r3 | D39: jeminise.com+tree-of-life-with-celtic-knot-roots-quilt-set-and-celtic-knot-borders-9482d2b2f5-9482d2b2f5 | E39: 335 | F39: tree-of-life-with-celtic-knot-roots-quilt-set-and-celtic-knot-borders-9482d2b2f5-9482d2b2f5 | G39: jeminise.com+tree-of-life-with-celtic-knot-roots-quilt-set-and-celtic-knot-borders-9482d2b2f5-9482d2b2f5+47532062671047+GALLERY+3+b9f5d9a8f04ba8ab | H39: 47532062671047 | I39: GALLERY | J39: 3 | K39: https://cdn.shopify.com/s/files/1/0792/5098/1063/files/988fe5cac20039ac931d78c8e884a384841461234905389cd4ad49e403bf4f75.jpg?v=1785047992 | L39: https://cdn.shopify.com/s/files/1/0792/5098/1063/files/988fe5cac20039ac931d78c8e884a384841461234905389cd4ad49e403bf4f75.jpg?v=1785047992 | M39: D:\Shopify_Workspace\jeminise_seo\seo_runs\jeminise.com\20260906_234129\qa\20260908_183309\images\335_3_47532062671047.jpg | N39: TRUE | O39: TRUE | P39: TRUE | Q39: TRUE | R39: Close bed view with optional pillow shams and Celtic knot border artwork. | S39: close bed/pillow sham panel with optional sham information | T39: SET | U39: Tree of Life with Celtic Knot Roots Quilt Set And Celtic Knot Borders | V39: Celtic Tree of Life quilt pillow sham panel | W39: FULL | X39: FULL | Y39: FULL | Z39: FULL | AA39: =IF(W39="FULL",40,IF(W39="PARTIAL",40/2,0))+IF(X39="FULL",30,IF(X39="PARTIAL",30/2,0))+IF(Y39="FULL",20,IF(Y39="PARTIAL",20/2,0))+IF(Z39="FULL",10,IF(Z39="PARTIAL",10/2,0)) | AB39: =IF(W39="NOT_CHECKED",0,40)+IF(X39="NOT_CHECKED",0,30)+IF(Y39="NOT_CHECKED",0,20)+IF(Z39="NOT_CHECKED",0,10) | AC39: =IF(AB39=100,AA39,"") | AD39: =AA39 | AE39: =AA39+(100-AB39) | AG39: D:\Shopify_Workspace\jeminise_seo\seo_runs\jeminise.com\20260906_234129\qa\20260908_183309\images\335_3_47532062671047.jpg; D:\Shopify_Workspace\jeminise_seo\seo_runs\jeminise.com\20260906_234129\qa\20260908_183309\visual_observations.json
A40: 20260908_183309 | B40: qa_batch_034_r3 | C40: r3 | D40: jeminise.com+tree-of-life-with-celtic-knot-roots-quilt-set-and-celtic-knot-borders-9482d2b2f5-9482d2b2f5 | E40: 335 | F40: tree-of-life-with-celtic-knot-roots-quilt-set-and-celtic-knot-borders-9482d2b2f5-9482d2b2f5 | G40: jeminise.com+tree-of-life-with-celtic-knot-roots-quilt-set-and-celtic-knot-borders-9482d2b2f5-9482d2b2f5+47532062703815+GALLERY+4+44b15e2b44727ad0 | H40: 47532062703815 | I40: GALLERY | J40: 4 | K40: https://cdn.shopify.com/s/files/1/0792/5098/1063/files/37467c3b01d4817171f483725fb34014bee4e55fad6d911e52cf444bf0784187.jpg?v=1785047991 | L40: https://cdn.shopify.com/s/files/1/0792/5098/1063/files/37467c3b01d4817171f483725fb34014bee4e55fad6d911e52cf444bf0784187.jpg?v=1785047991 | M40: D:\Shopify_Workspace\jeminise_seo\seo_runs\jeminise.com\20260906_234129\qa\20260908_183309\images\335_4_47532062703815.jpg | N40: TRUE | O40: TRUE | P40: TRUE | Q40: TRUE | R40: High-quality fabric panel showing quilt layers and Celtic tree artwork sample. | S40: fabric/layer panel with Celtic tree artwork sample | T40: SET | U40: Tree of Life with Celtic Knot Roots Quilt Set And Celtic Knot Borders | V40: Celtic Tree of Life quilt fabric panel | W40: FULL | X40: FULL | Y40: FULL | Z40: FULL | AA40: =IF(W40="FULL",40,IF(W40="PARTIAL",40/2,0))+IF(X40="FULL",30,IF(X40="PARTIAL",30/2,0))+IF(Y40="FULL",20,IF(Y40="PARTIAL",20/2,0))+IF(Z40="FULL",10,IF(Z40="PARTIAL",10/2,0)) | AB40: =IF(W40="NOT_CHECKED",0,40)+IF(X40="NOT_CHECKED",0,30)+IF(Y40="NOT_CHECKED",0,20)+IF(Z40="NOT_CHECKED",0,10) | AC40: =IF(AB40=100,AA40,"") | AD40: =AA40 | AE40: =AA40+(100-AB40) | AG40: D:\Shopify_Workspace\jeminise_seo\seo_runs\jeminise.com\20260906_234129\qa\20260908_183309\images\335_4_47532062703815.jpg; D:\Shopify_Workspace\jeminise_seo\seo_runs\jeminise.com\20260906_234129\qa\20260908_183309\visual_observations.json
A41: 20260908_183309 | B41: qa_batch_034_r3 | C41: r3 | D41: jeminise.com+tree-of-life-with-celtic-knot-roots-quilt-set-and-celtic-knot-borders-9482d2b2f5-9482d2b2f5 | E41: 335 | F41: tree-of-life-with-celtic-knot-roots-quilt-set-and-celtic-knot-borders-9482d2b2f5-9482d2b2f5 | G41: jeminise.com+tree-of-life-with-celtic-knot-roots-quilt-set-and-celtic-knot-borders-9482d2b2f5-9482d2b2f5+47532062736583+GALLERY+5+59a53f33e3270689 | H41: 47532062736583 | I41: GALLERY | J41: 5 | K41: https://cdn.shopify.com/s/files/1/0792/5098/1063/files/3cb9c6cd2f6273d975f044dcfbb72c066aeff805d9411e0a41c5c2c3d6adc577.jpg?v=1785047992 | L41: https://cdn.shopify.com/s/files/1/0792/5098/1063/files/3cb9c6cd2f6273d975f044dcfbb72c066aeff805d9411e0a41c5c2c3d6adc577.jpg?v=1785047992 | M41: D:\Shopify_Workspace\jeminise_seo\seo_runs\jeminise.com\20260906_234129\qa\20260908_183309\images\335_5_47532062736583.jpg | N41: TRUE | O41: TRUE | P41: TRUE | Q41: TRUE | R41: Premium quilt sets sizing chart for Celtic Tree of Life design. | S41: premium quilt sizing chart | T41: SET | U41: Tree of Life with Celtic Knot Roots Quilt Set And Celtic Knot Borders | V41: Celtic Tree of Life quilt size chart | W41: FULL | X41: FULL | Y41: FULL | Z41: FULL | AA41: =IF(W41="FULL",40,IF(W41="PARTIAL",40/2,0))+IF(X41="FULL",30,IF(X41="PARTIAL",30/2,0))+IF(Y41="FULL",20,IF(Y41="PARTIAL",20/2,0))+IF(Z41="FULL",10,IF(Z41="PARTIAL",10/2,0)) | AB41: =IF(W41="NOT_CHECKED",0,40)+IF(X41="NOT_CHECKED",0,30)+IF(Y41="NOT_CHECKED",0,20)+IF(Z41="NOT_CHECKED",0,10) | AC41: =IF(AB41=100,AA41,"") | AD41: =AA41 | AE41: =AA41+(100-AB41) | AG41: D:\Shopify_Workspace\jeminise_seo\seo_runs\jeminise.com\20260906_234129\qa\20260908_183309\images\335_5_47532062736583.jpg; D:\Shopify_Workspace\jeminise_seo\seo_runs\jeminise.com\20260906_234129\qa\20260908_183309\visual_observations.json
A42: 20260908_183309 | B42: qa_batch_034_r3 | C42: r3 | D42: jeminise.com+tree-of-life-with-celtic-knot-roots-quilt-set-and-celtic-knot-borders-9482d2b2f5-9482d2b2f5 | E42: 335 | F42: tree-of-life-with-celtic-knot-roots-quilt-set-and-celtic-knot-borders-9482d2b2f5-9482d2b2f5 | G42: jeminise.com+tree-of-life-with-celtic-knot-roots-quilt-set-and-celtic-knot-borders-9482d2b2f5-9482d2b2f5+47532062769351+GALLERY+6+74fd44d1532ae312 | H42: 47532062769351 | I42: GALLERY | J42: 6 | K42: https://cdn.shopify.com/s/files/1/0792/5098/1063/files/7849733d646255193a4855c883f3b918e45ec938d3642d99d699309429875588.jpg?v=1785047992 | L42: https://cdn.shopify.com/s/files/1/0792/5098/1063/files/7849733d646255193a4855c883f3b918e45ec938d3642d99d699309429875588.jpg?v=1785047992 | M42: D:\Shopify_Workspace\jeminise_seo\seo_runs\jeminise.com\20260906_234129\qa\20260908_183309\images\335_6_47532062769351.jpg | N42: TRUE | O42: TRUE | P42: TRUE | Q42: TRUE | R42: Bedspread features panel showing microfiber layers and care icons. | S42: bedspread features panel with microfiber layer and care icons | T42: SET | U42: Tree of Life with Celtic Knot Roots Quilt Set And Celtic Knot Borders | V42: Celtic Tree of Life quilt features panel | W42: FULL | X42: FULL | Y42: FULL | Z42: FULL | AA42: =IF(W42="FULL",40,IF(W42="PARTIAL",40/2,0))+IF(X42="FULL",30,IF(X42="PARTIAL",30/2,0))+IF(Y42="FULL",20,IF(Y42="PARTIAL",20/2,0))+IF(Z42="FULL",10,IF(Z42="PARTIAL",10/2,0)) | AB42: =IF(W42="NOT_CHECKED",0,40)+IF(X42="NOT_CHECKED",0,30)+IF(Y42="NOT_CHECKED",0,20)+IF(Z42="NOT_CHECKED",0,10) | AC42: =IF(AB42=100,AA42,"") | AD42: =AA42 | AE42: =AA42+(100-AB42) | AG42: D:\Shopify_Workspace\jeminise_seo\seo_runs\jeminise.com\20260906_234129\qa\20260908_183309\images\335_6_47532062769351.jpg; D:\Shopify_Workspace\jeminise_seo\seo_runs\jeminise.com\20260906_234129\qa\20260908_183309\visual_observations.json
A43: 20260908_183309 | B43: qa_batch_034_r3 | C43: r3 | D43: jeminise.com+tree-of-life-with-celtic-knot-roots-quilt-set-and-celtic-knot-borders-9482d2b2f5-9482d2b2f5 | E43: 335 | F43: tree-of-life-with-celtic-knot-roots-quilt-set-and-celtic-knot-borders-9482d2b2f5-9482d2b2f5 | G43: jeminise.com+tree-of-life-with-celtic-knot-roots-quilt-set-and-celtic-knot-borders-9482d2b2f5-9482d2b2f5+47532062802119+GALLERY+7+605e131ddd68c49f | H43: 47532062802119 | I43: GALLERY | J43: 7 | K43: https://cdn.shopify.com/s/files/1/0792/5098/1063/files/ebe6cc1793f7a994e4e4dc138d976f96296767d7cc7d8d895be36db207663b10.jpg?v=1785047992 | L43: https://cdn.shopify.com/s/files/1/0792/5098/1063/files/ebe6cc1793f7a994e4e4dc138d976f96296767d7cc7d8d895be36db207663b10.jpg?v=1785047992 | M43: D:\Shopify_Workspace\jeminise_seo\seo_runs\jeminise.com\20260906_234129\qa\20260908_183309\images\335_7_47532062802119.jpg | N43: TRUE | O43: TRUE | P43: TRUE | Q43: TRUE | R43: Overhead bedroom mockup of Celtic Tree of Life quilt and matching pillows. | S43: overhead bedroom mockup with matching pillows | T43: SET | U43: Tree of Life with Celtic Knot Roots Quilt Set And Celtic Knot Borders | V43: Celtic Tree of Life quilt overhead view | W43: FULL | X43: FULL | Y43: FULL | Z43: FULL | AA43: =IF(W43="FULL",40,IF(W43="PARTIAL",40/2,0))+IF(X43="FULL",30,IF(X43="PARTIAL",30/2,0))+IF(Y43="FULL",20,IF(Y43="PARTIAL",20/2,0))+IF(Z43="FULL",10,IF(Z43="PARTIAL",10/2,0)) | AB43: =IF(W43="NOT_CHECKED",0,40)+IF(X43="NOT_CHECKED",0,30)+IF(Y43="NOT_CHECKED",0,20)+IF(Z43="NOT_CHECKED",0,10) | AC43: =IF(AB43=100,AA43,"") | AD43: =AA43 | AE43: =AA43+(100-AB43) | AG43: D:\Shopify_Workspace\jeminise_seo\seo_runs\jeminise.com\20260906_234129\qa\20260908_183309\images\335_7_47532062802119.jpg; D:\Shopify_Workspace\jeminise_seo\seo_runs\jeminise.com\20260906_234129\qa\20260908_183309\visual_observations.json
A44: 20260908_183309 | B44: qa_batch_034_r3 | C44: r3 | D44: jeminise.com+winter-cardinal-on-berry-branch-patchwork-christmas-quilt-43ecda62b6-43ecda62b6 | E44: 336 | F44: winter-cardinal-on-berry-branch-patchwork-christmas-quilt-43ecda62b6-43ecda62b6 | G44: jeminise.com+winter-cardinal-on-berry-branch-patchwork-christmas-quilt-43ecda62b6-43ecda62b6+47540050493639+GALLERY+1+f389f534f41b0459 | H44: 47540050493639 | I44: GALLERY | J44: 1 | K44: https://cdn.shopify.com/s/files/1/0792/5098/1063/files/947e16eb6924808f97fc39212083dfc11bbc2b60832000a81204b6f5ebb0b2d8.jpg?v=1785099521 | L44: https://cdn.shopify.com/s/files/1/0792/5098/1063/files/947e16eb6924808f97fc39212083dfc11bbc2b60832000a81204b6f5ebb0b2d8.jpg?v=1785099521 | M44: D:\Shopify_Workspace\jeminise_seo\seo_runs\jeminise.com\20260906_234129\qa\20260908_183309\images\336_1_47540050493639.jpg | N44: TRUE | O44: TRUE | P44: TRUE | Q44: TRUE | R44: Bed mockup of winter cardinal quilt with red berries and blue-gray leaves. | S44: bed mockup: red cardinal on berry branch with blue-gray leaves and snowy watercolor background | T44: SET | U44: Winter Cardinal on Berry Branch Patchwork Christmas Quilt | V44: Winter cardinal berry branch quilt bed view | W44: FULL | X44: FULL | Y44: FULL | Z44: FULL | AA44: =IF(W44="FULL",40,IF(W44="PARTIAL",40/2,0))+IF(X44="FULL",30,IF(X44="PARTIAL",30/2,0))+IF(Y44="FULL",20,IF(Y44="PARTIAL",20/2,0))+IF(Z44="FULL",10,IF(Z44="PARTIAL",10/2,0)) | AB44: =IF(W44="NOT_CHECKED",0,40)+IF(X44="NOT_CHECKED",0,30)+IF(Y44="NOT_CHECKED",0,20)+IF(Z44="NOT_CHECKED",0,10) | AC44: =IF(AB44=100,AA44,"") | AD44: =AA44 | AE44: =AA44+(100-AB44) | AG44: D:\Shopify_Workspace\jeminise_seo\seo_runs\jeminise.com\20260906_234129\qa\20260908_183309\images\336_1_47540050493639.jpg; D:\Shopify_Workspace\jeminise_seo\seo_runs\jeminise.com\20260906_234129\qa\20260908_183309\visual_observations.json
A45: 20260908_183309 | B45: qa_batch_034_r3 | C45: r3 | D45: jeminise.com+winter-cardinal-on-berry-branch-patchwork-christmas-quilt-43ecda62b6-43ecda62b6 | E45: 336 | F45: winter-cardinal-on-berry-branch-patchwork-christmas-quilt-43ecda62b6-43ecda62b6 | G45: jeminise.com+winter-cardinal-on-berry-branch-patchwork-christmas-quilt-43ecda62b6-43ecda62b6+47540050526407+GALLERY+2+9e76332bfd9cad33 | H45: 47540050526407 | I45: GALLERY | J45: 2 | K45: https://cdn.shopify.com/s/files/1/0792/5098/1063/files/48fac73476b5f5180fb15b1df134cf2e6d122d025830ece4356d2109d9a66661.jpg?v=1785099521 | L45: https://cdn.shopify.com/s/files/1/0792/5098/1063/files/48fac73476b5f5180fb15b1df134cf2e6d122d025830ece4356d2109d9a66661.jpg?v=1785099521 | M45: D:\Shopify_Workspace\jeminise_seo\seo_runs\jeminise.com\20260906_234129\qa\20260908_183309\images\336_2_47540050526407.jpg | N45: TRUE | O45: TRUE | P45: TRUE | Q45: TRUE | R45: Close fabric view of red cardinal, berry branch and quilting pattern. | S45: close fabric view of cardinal, berries and quilting | T45: SET | U45: Winter Cardinal on Berry Branch Patchwork Christmas Quilt | V45: Winter cardinal berry branch quilt close fabric view | W45: FULL | X45: FULL | Y45: FULL | Z45: FULL | AA45: =IF(W45="FULL",40,IF(W45="PARTIAL",40/2,0))+IF(X45="FULL",30,IF(X45="PARTIAL",30/2,0))+IF(Y45="FULL",20,IF(Y45="PARTIAL",20/2,0))+IF(Z45="FULL",10,IF(Z45="PARTIAL",10/2,0)) | AB45: =IF(W45="NOT_CHECKED",0,40)+IF(X45="NOT_CHECKED",0,30)+IF(Y45="NOT_CHECKED",0,20)+IF(Z45="NOT_CHECKED",0,10) | AC45: =IF(AB45=100,AA45,"") | AD45: =AA45 | AE45: =AA45+(100-AB45) | AG45: D:\Shopify_Workspace\jeminise_seo\seo_runs\jeminise.com\20260906_234129\qa\20260908_183309\images\336_2_47540050526407.jpg; D:\Shopify_Workspace\jeminise_seo\seo_runs\jeminise.com\20260906_234129\qa\20260908_183309\visual_observations.json
A46: 20260908_183309 | B46: qa_batch_034_r3 | C46: r3 | D46: jeminise.com+winter-cardinal-on-berry-branch-patchwork-christmas-quilt-43ecda62b6-43ecda62b6 | E46: 336 | F46: winter-cardinal-on-berry-branch-patchwork-christmas-quilt-43ecda62b6-43ecda62b6 | G46: jeminise.com+winter-cardinal-on-berry-branch-patchwork-christmas-quilt-43ecda62b6-43ecda62b6+47540050559175+GALLERY+3+f20d206801ff22f1 | H46: 47540050559175 | I46: GALLERY | J46: 3 | K46: https://cdn.shopify.com/s/files/1/0792/5098/1063/files/2dccff1885ad6dd740979eda7724eeef22039890fe3ad7b836dd7e3d36bce8e8.jpg?v=1785099521 | L46: https://cdn.shopify.com/s/files/1/0792/5098/1063/files/2dccff1885ad6dd740979eda7724eeef22039890fe3ad7b836dd7e3d36bce8e8.jpg?v=1785099521 | M46: D:\Shopify_Workspace\jeminise_seo\seo_runs\jeminise.com\20260906_234129\qa\20260908_183309\images\336_3_47540050559175.jpg | N46: TRUE | O46: TRUE | P46: TRUE | Q46: TRUE | R46: Single pillow sham mockup with cardinal and berry branch artwork. | S46: single pillow sham mockup with cardinal branch artwork | T46: SET | U46: Winter Cardinal on Berry Branch Patchwork Christmas Quilt | V46: Winter cardinal berry branch quilt pillow sham | W46: FULL | X46: FULL | Y46: FULL | Z46: FULL | AA46: =IF(W46="FULL",40,IF(W46="PARTIAL",40/2,0))+IF(X46="FULL",30,IF(X46="PARTIAL",30/2,0))+IF(Y46="FULL",20,IF(Y46="PARTIAL",20/2,0))+IF(Z46="FULL",10,IF(Z46="PARTIAL",10/2,0)) | AB46: =IF(W46="NOT_CHECKED",0,40)+IF(X46="NOT_CHECKED",0,30)+IF(Y46="NOT_CHECKED",0,20)+IF(Z46="NOT_CHECKED",0,10) | AC46: =IF(AB46=100,AA46,"") | AD46: =AA46 | AE46: =AA46+(100-AB46) | AG46: D:\Shopify_Workspace\jeminise_seo\seo_runs\jeminise.com\20260906_234129\qa\20260908_183309\images\336_3_47540050559175.jpg; D:\Shopify_Workspace\jeminise_seo\seo_runs\jeminise.com\20260906_234129\qa\20260908_183309\visual_observations.json
A47: 20260908_183309 | B47: qa_batch_034_r3 | C47: r3 | D47: jeminise.com+winter-cardinal-on-berry-branch-patchwork-christmas-quilt-43ecda62b6-43ecda62b6 | E47: 336 | F47: winter-cardinal-on-berry-branch-patchwork-christmas-quilt-43ecda62b6-43ecda62b6 | G47: jeminise.com+winter-cardinal-on-berry-branch-patchwork-christmas-quilt-43ecda62b6-43ecda62b6+47540050591943+GALLERY+4+e8b86a80d93303e7 | H47: 47540050591943 | I47: GALLERY | J47: 4 | K47: https://cdn.shopify.com/s/files/1/0792/5098/1063/files/d4a0728c7e28188d79526e7362d765acb9e1b9f38ff7d6e35af39e078d998536.jpg?v=1785099521 | L47: https://cdn.shopify.com/s/files/1/0792/5098/1063/files/d4a0728c7e28188d79526e7362d765acb9e1b9f38ff7d6e35af39e078d998536.jpg?v=1785099521 | M47: D:\Shopify_Workspace\jeminise_seo\seo_runs\jeminise.com\20260906_234129\qa\20260908_183309\images\336_4_47540050591943.jpg | N47: TRUE | O47: TRUE | P47: TRUE | Q47: TRUE | R47: Room mockup of winter cardinal quilt set with matching pillows. | S47: room mockup of quilt set with matching pillows | T47: SET | U47: Winter Cardinal on Berry Branch Patchwork Christmas Quilt | V47: Winter cardinal berry branch quilt room mockup | W47: FULL | X47: FULL | Y47: FULL | Z47: FULL | AA47: =IF(W47="FULL",40,IF(W47="PARTIAL",40/2,0))+IF(X47="FULL",30,IF(X47="PARTIAL",30/2,0))+IF(Y47="FULL",20,IF(Y47="PARTIAL",20/2,0))+IF(Z47="FULL",10,IF(Z47="PARTIAL",10/2,0)) | AB47: =IF(W47="NOT_CHECKED",0,40)+IF(X47="NOT_CHECKED",0,30)+IF(Y47="NOT_CHECKED",0,20)+IF(Z47="NOT_CHECKED",0,10) | AC47: =IF(AB47=100,AA47,"") | AD47: =AA47 | AE47: =AA47+(100-AB47) | AG47: D:\Shopify_Workspace\jeminise_seo\seo_runs\jeminise.com\20260906_234129\qa\20260908_183309\images\336_4_47540050591943.jpg; D:\Shopify_Workspace\jeminise_seo\seo_runs\jeminise.com\20260906_234129\qa\20260908_183309\visual_observations.json
A48: 20260908_183309 | B48: qa_batch_034_r3 | C48: r3 | D48: jeminise.com+winter-cardinal-on-berry-branch-patchwork-christmas-quilt-43ecda62b6-43ecda62b6 | E48: 336 | F48: winter-cardinal-on-berry-branch-patchwork-christmas-quilt-43ecda62b6-43ecda62b6 | G48: jeminise.com+winter-cardinal-on-berry-branch-patchwork-christmas-quilt-43ecda62b6-43ecda62b6+47540050624711+GALLERY+5+ba79e52d7c497859 | H48: 47540050624711 | I48: GALLERY | J48: 5 | K48: https://cdn.shopify.com/s/files/1/0792/5098/1063/files/7264c8f84838b873992c6cc45408dabed8925c6431527d3529a0c866f2918464.jpg?v=1785099521 | L48: https://cdn.shopify.com/s/files/1/0792/5098/1063/files/7264c8f84838b873992c6cc45408dabed8925c6431527d3529a0c866f2918464.jpg?v=1785099521 | M48: D:\Shopify_Workspace\jeminise_seo\seo_runs\jeminise.com\20260906_234129\qa\20260908_183309\images\336_5_47540050624711.jpg | N48: TRUE | O48: TRUE | P48: TRUE | Q48: TRUE | R48: Bedding set panel showing premium quilt sizes and optional standard shams. | S48: size/component panel with optional standard shams | T48: SET | U48: Winter Cardinal on Berry Branch Patchwork Christmas Quilt | V48: Winter cardinal berry branch quilt size panel | W48: FULL | X48: FULL | Y48: FULL | Z48: FULL | AA48: =IF(W48="FULL",40,IF(W48="PARTIAL",40/2,0))+IF(X48="FULL",30,IF(X48="PARTIAL",30/2,0))+IF(Y48="FULL",20,IF(Y48="PARTIAL",20/2,0))+IF(Z48="FULL",10,IF(Z48="PARTIAL",10/2,0)) | AB48: =IF(W48="NOT_CHECKED",0,40)+IF(X48="NOT_CHECKED",0,30)+IF(Y48="NOT_CHECKED",0,20)+IF(Z48="NOT_CHECKED",0,10) | AC48: =IF(AB48=100,AA48,"") | AD48: =AA48 | AE48: =AA48+(100-AB48) | AG48: D:\Shopify_Workspace\jeminise_seo\seo_runs\jeminise.com\20260906_234129\qa\20260908_183309\images\336_5_47540050624711.jpg; D:\Shopify_Workspace\jeminise_seo\seo_runs\jeminise.com\20260906_234129\qa\20260908_183309\visual_observations.json
... A58: 20260908_183309 | B58: qa_batch_034_r3 | C58: r3 | D58: jeminise.com+winter-cat-and-cardinal-sitting-on-snowy-patchwork-christmas-quilt-82f86611f4-82f86611f4 | E58: 338 | F58: winter-cat-and-cardinal-sitting-on-snowy-patchwork-christmas-quilt-82f86611f4-82f86611f4 | G58: jeminise.com+winter-cat-and-cardinal-sitting-on-snowy-patchwork-christmas-quilt-82f86611f4-82f86611f4+47540035780807+GALLERY+5+dda7269f41de5b34 | H58: 47540035780807 | I58: GALLERY | J58: 5 | K58: https://cdn.shopify.com/s/files/1/0792/5098/1063/files/5e0d1c08967537d1b43a4a0780314fa2b213c10a311ce9ea427e94ae3dfd7c7e.jpg?v=1785099406 | L58: https://cdn.shopify.com/s/files/1/0792/5098/1063/files/5e0d1c08967537d1b43a4a0780314fa2b213c10a311ce9ea427e94ae3dfd7c7e.jpg?v=1785099406 | M58: D:\Shopify_Workspace\jeminise_seo\seo_runs\jeminise.com\20260906_234129\qa\20260908_183309\images\338_5_47540035780807.jpg | N58: TRUE | O58: TRUE | P58: TRUE | Q58: TRUE | R58: Bedding set panel showing premium quilt sizes and optional standard shams. | S58: size/component panel with optional standard shams | T58: SET | U58: Winter Cat and Cardinal Sitting on Snowy Patchwork Christmas Quilt | V58: Winter cat cardinal Christmas quilt size panel | W58: FULL | X58: FULL | Y58: FULL | Z58: FULL | AA58: =IF(W58="FULL",40,IF(W58="PARTIAL",40/2,0))+IF(X58="FULL",30,IF(X58="PARTIAL",30/2,0))+IF(Y58="FULL",20,IF(Y58="PARTIAL",20/2,0))+IF(Z58="FULL",10,IF(Z58="PARTIAL",10/2,0)) | AB58: =IF(W58="NOT_CHECKED",0,40)+IF(X58="NOT_CHECKED",0,30)+IF(Y58="NOT_CHECKED",0,20)+IF(Z58="NOT_CHECKED",0,10) | AC58: =IF(AB58=100,AA58,"") | AD58: =AA58 | AE58: =AA58+(100-AB58) | AG58: D:\Shopify_Workspace\jeminise_seo\seo_runs\jeminise.com\20260906_234129\qa\20260908_183309\images\338_5_47540035780807.jpg; D:\Shopify_Workspace\jeminise_seo\seo_runs\jeminise.com\20260906_234129\qa\20260908_183309\visual_observations.json

Sheet QA_Issues
A1: issue_id | B1: product_key | C1: qa_image_key | D1: inventory_position | E1: severity | F1: field | G1: submitted_value | H1: source_observation | I1: reason | J1: recommended_fix | K1: recheck_condition | L1: supporting_evidence | M1: status_in_this_run
A2: ISS-034-331-K1-SERP-NICHE | B2: jeminise.com+softball-themed-bedding-for-girls-and-women-bright-teal-yellow | D2: 331 | E2: MINOR | F2: primary_keyword | G2: vintage yellow softball comforter set | H2: US SERP found related product/category pages but limited exact motif matches. | I2: Keyword is usable but evidence should be strengthened before final approval. | J2: Keep the motif keyword only if new SERP evidence or internal search/query data confirms exact demand; otherwise use broader wording. | K2: Recheck primary + comparator SERP and/or Search Console/internal site-search export. | L2: D:\Shopify_Workspace\jeminise_seo\seo_runs\jeminise.com\20260906_234129\qa\20260908_183309\serp_evidence.json | M2: OPEN
A3: ISS-034-331-K2-CLUSTER | B3: jeminise.com+softball-themed-bedding-for-girls-and-women-bright-teal-yellow | D3: 331 | E3: MINOR | F3: keyword_map | G3: Repeated softball-cluster rationale | H3: Softball products share broad secondary terms; motif split is present but evidence text is generic. | I3: Potential light cannibalization risk remains among the four softball comforters. | J3: Add explicit cluster differentiation for this motif and avoid broad terms as same-page primary targets. | K3: Review the four softball pages together for query separation. | L3: D:\Shopify_Workspace\jeminise_seo\seo_runs\jeminise.com\20260906_234129\qa\20260908_183309\serp_evidence.json | M3: OPEN
A4: ISS-034-331-D2-CUSTOMER-COPY | B4: jeminise.com+softball-themed-bedding-for-girls-and-women-bright-teal-yellow | D4: 331 | E4: MAJOR | F4: description_proposed_html | G4: Vintage Yellow Softball Comforter Set features dark brown comforter with a large distressed yellow softball, red stitching, script lettering and number artwork. The copy stays specific to the visible artwork, product for... | H4: The body includes editorial wording such as “The copy stays specific...” and generic gallery/process phrasing. | I4: This is not fully customer-facing publish-ready storefront copy even though the facts are largely verified. | J4: Rewrite in English as customer-facing copy for Vintage Yellow Softball Comforter Set; remove editorial/process wording, keep verified options/customizer labels, and preserve exact motif facts. | K4: Reopen the description HTML and confirm no QA/editorial wording remains; verify customizer fields and options still match live page. | L4: D:\Shopify_Workspace\jeminise_seo\seo_runs\jeminise.com\20260906_234129\qa\20260908_183309\filtered_workbook_batch034.json | M4: OPEN
A5: ISS-034-331-E1-REVISION-TRACE | B5: jeminise.com+softball-themed-bedding-for-girls-and-women-bright-teal-yellow | D5: 331 | E5: LIMITATION | F5: evidence_traceability | G5: r2 | H5: Workbook is stored under qa_batch_034_r3 and revision_summary confirms r3 hash, but row-level revision/issues text still says r2 and contact sheets. | I5: Traceability is adequate for QA after snapshoting, but the workbook metadata can confuse later reviewers. | J5: Update row-level revision/issues notes in the next SEO revision to say r3 and direct-image QA, without changing approved/import state. | K5: Confirm source path/hash and row-level revision notes are aligned in the next workbook revision. | L5: D:\Shopify_Workspace\jeminise_seo\seo_runs\jeminise.com\20260906_234129\qa\20260908_183309\manifest.json | M5: OPEN
A6: ISS-034-332-K1-SERP-WEAK | B6: jeminise.com+sports-theme-softball-bedding-premium-teal-yellow-comforter-set-for | D6: 332 | E6: MAJOR | F6: primary_keyword | G6: polka dot softball comforter set | H6: US SERP evidence is mostly adjacent/comparator intent, not strong exact primary-keyword support. | I6: The selected keyword may be too narrow or cannibalize adjacent products without enough demand proof. | J6: Use a broader primary with the motif as secondary, or add stronger exact SERP/Search Console evidence. | K6: Rerun primary/comparator queries and verify at least two readable finished-product results for the selected primary. | L6: D:\Shopify_Workspace\jeminise_seo\seo_runs\jeminise.com\20260906_234129\qa\20260908_183309\serp_evidence.json | M6: OPEN
A7: ISS-034-332-D2-CUSTOMER-COPY | B7: jeminise.com+sports-theme-softball-bedding-premium-teal-yellow-comforter-set-for | D7: 332 | E7: MAJOR | F7: description_proposed_html | G7: Polka Dot Softball Comforter Set features black polka dot comforter with teal stripe, paisley border, softball lettering and glove-and-ball artwork. The copy stays specific to the visible artwork, product form and select... | H7: The body includes editorial wording such as “The copy stays specific...” and generic gallery/process phrasing. | I7: This is not fully customer-facing publish-ready storefront copy even though the facts are largely verified. | J7: Rewrite in English as customer-facing copy for Polka Dot Softball Comforter Set; remove editorial/process wording, keep verified options/customizer labels, and preserve exact motif facts. | K7: Reopen the description HTML and confirm no QA/editorial wording remains; verify customizer fields and options still match live page. | L7: D:\Shopify_Workspace\jeminise_seo\seo_runs\jeminise.com\20260906_234129\qa\20260908_183309\filtered_workbook_batch034.json | M7: OPEN
A8: ISS-034-332-E1-REVISION-TRACE | B8: jeminise.com+sports-theme-softball-bedding-premium-teal-yellow-comforter-set-for | D8: 332 | E8: LIMITATION | F8: evidence_traceability | G8: r2 | H8: Workbook is stored under qa_batch_034_r3 and revision_summary confirms r3 hash, but row-level revision/issues text still says r2 and contact sheets. | I8: Traceability is adequate for QA after snapshoting, but the workbook metadata can confuse later reviewers. | J8: Update row-level revision/issues notes in the next SEO revision to say r3 and direct-image QA, without changing approved/import state. | K8: Confirm source path/hash and row-level revision notes are aligned in the next workbook revision. | L8: D:\Shopify_Workspace\jeminise_seo\seo_runs\jeminise.com\20260906_234129\qa\20260908_183309\manifest.json | M8: OPEN
A9: ISS-034-333-K1-SERP-NICHE | B9: jeminise.com+teal-yellow-softball-comforter-set-vibrant-sports-bedroom-decor | D9: 333 | E9: MINOR | F9: primary_keyword | G9: fireball softball comforter set | H9: US SERP found related product/category pages but limited exact motif matches. | I9: Keyword is usable but evidence should be strengthened before final approval. | J9: Keep the motif keyword only if new SERP evidence or internal search/query data confirms exact demand; otherwise use broader wording. | K9: Recheck primary + comparator SERP and/or Search Console/internal site-search export. | L9: D:\Shopify_Workspace\jeminise_seo\seo_runs\jeminise.com\20260906_234129\qa\20260908_183309\serp_evidence.json | M9: OPEN
A10: ISS-034-333-K2-CLUSTER | B10: jeminise.com+teal-yellow-softball-comforter-set-vibrant-sports-bedroom-decor | D10: 333 | E10: MINOR | F10: keyword_map | G10: Repeated softball-cluster rationale | H10: Softball products share broad secondary terms; motif split is present but evidence text is generic. | I10: Potential light cannibalization risk remains among the four softball comforters. | J10: Add explicit cluster differentiation for this motif and avoid broad terms as same-page primary targets. | K10: Review the four softball pages together for query separation. | L10: D:\Shopify_Workspace\jeminise_seo\seo_runs\jeminise.com\20260906_234129\qa\20260908_183309\serp_evidence.json | M10: OPEN
A11: ISS-034-333-D2-CUSTOMER-COPY | B11: jeminise.com+teal-yellow-softball-comforter-set-vibrant-sports-bedroom-decor | D11: 333 | E11: MAJOR | F11: description_proposed_html | G11: Fireball Softball Comforter Set features orange and blue comforter with a large glowing yellow softball, flame ring, script lettering and number artwork. The copy stays specific to the visible artwork, product form and s... | H11: The body includes editorial wording such as “The copy stays specific...” and generic gallery/process phrasing. | I11: This is not fully customer-facing publish-ready storefront copy even though the facts are largely verified. | J11: Rewrite in English as customer-facing copy for Fireball Softball Comforter Set; remove editorial/process wording, keep verified options/customizer labels, and preserve exact motif facts. | K11: Reopen the description HTML and confirm no QA/editorial wording remains; verify customizer fields and options still match live page. | L11: D:\Shopify_Workspace\jeminise_seo\seo_runs\jeminise.com\20260906_234129\qa\20260908_183309\filtered_workbook_batch034.json | M11: OPEN
A12: ISS-034-333-E1-REVISION-TRACE | B12: jeminise.com+teal-yellow-softball-comforter-set-vibrant-sports-bedroom-decor | D12: 333 | E12: LIMITATION | F12: evidence_traceability | G12: r2 | H12: Workbook is stored under qa_batch_034_r3 and revision_summary confirms r3 hash, but row-level revision/issues text still says r2 and contact sheets. | I12: Traceability is adequate for QA after snapshoting, but the workbook metadata can confuse later reviewers. | J12: Update row-level revision/issues notes in the next SEO revision to say r3 and direct-image QA, without changing approved/import state. | K12: Confirm source path/hash and row-level revision notes are aligned in the next workbook revision. | L12: D:\Shopify_Workspace\jeminise_seo\seo_runs\jeminise.com\20260906_234129\qa\20260908_183309\manifest.json | M12: OPEN
A13: ISS-034-334-K2-CLUSTER | B13: jeminise.com+teal-yellow-softball-bedding-set-stylish-sports-bedroom-decor | D13: 334 | E13: MAJOR | F13: keyword_map | G13: Repeated softball-cluster rationale | H13: Four softball comforter products share broad secondary keywords and near-identical mapping language. | I13: Cannibalization risk is not fully resolved even though motifs differ. | J13: Sharpen secondary keyword map and internal linking around pink glove motif vs vintage/polka-dot/fireball variants. | K13: Compare all four batch-34 softball pages and ensure primary/secondary keywords do not compete for the same query. | L13: D:\Shopify_Workspace\jeminise_seo\seo_runs\jeminise.com\20260906_234129\qa\20260908_183309\serp_evidence.json | M13: OPEN
... A26: ISS-034-338-E1-REVISION-TRACE | B26: jeminise.com+winter-cat-and-cardinal-sitting-on-snowy-patchwork-christmas-quilt-82f86611f4-82f86611f4 | D26: 338 | E26: LIMITATION | F26: evidence_traceability | G26: r2 | H26: Workbook is stored under qa_batch_034_r3 and revision_summary confirms r3 hash, but row-level revision/issues text still says r2 and contact sheets. | I26: Traceability is adequate for QA after snapshoting, but the workbook metadata can confuse later reviewers. | J26: Update row-level revision/issues notes in the next SEO revision to say r3 and direct-image QA, without changing approved/import state. | K26: Confirm source path/hash and row-level revision notes are aligned in the next workbook revision. | L26: D:\Shopify_Workspace\jeminise_seo\seo_runs\jeminise.com\20260906_234129\qa\20260908_183309\manifest.json | M26: OPEN
