Workbook

Sheet QA_Summary
A1: metric | B1: value | C1: definition
A2: source_workbook | B2: resutls\jeminise.com\20260906_234129\revisions\qa_batch_009_r3\SEO_Product_Optimization_qa_batch_009_r3.xlsx | C2: Frozen r3 source
A3: source_sha256 | B3: 7A428BEB89BB5DCB9597E53276758217F6C33CC0FB999D029BB200D40C288467 | C3: Freeze hash
A4: products_checked | B4: 10 | C4: Positions 81-90
A5: images_checked | B5: 59/59 | C5: Full coverage
A6: batch_final_score | B6: =AVERAGE('QA_Products'!$K$2:$K$11) | C6: Average
A7: batch_result | B7: =IF(COUNTIF('QA_Products'!$L$2:$L$11,"QA_PASS")=ROWS('QA_Products'!$L$2:$L$11),"PASSED","NOT_PASSED") | C7: All pass

Sheet QA_Products
A1: inventory_position | B1: product_key | C1: url | D1: handle | E1: product_id | F1: revision | G1: verified_points | H1: assessed_weight | I1: score_lower_bound | J1: score_upper_bound | K1: final_score | L1: qa_status | M1: keyword_evidence_level | N1: images_expected | O1: images_checked | P1: image_inventory_complete | Q1: image_coverage | R1: critical_count | S1: major_count | T1: minor_count | U1: limitation_count | V1: issue_refs | W1: evidence_refs
A2: 81 | B2: jeminise.com+custom-name-catcher-batter-baseball-baseball-throw-baseba-design-01 | C2: https://jeminise.com/products/custom-name-catcher-batter-baseball-baseball-throw-baseba-design-01 | D2: custom-name-catcher-batter-baseball-baseball-throw-baseba-design-01 | E2: 8867271082183 | F2: r3 | G2: =SUMIF('QA_Criteria'!$A$2:$A$111,B2,'QA_Criteria'!$F$2:$F$111) | H2: =SUMIF('QA_Criteria'!$A$2:$A$111,B2,'QA_Criteria'!$G$2:$G$111) | I2: =G2 | J2: =G2+(100-H2) | K2: =IF(AND(H2=100,Q2=1,P2=TRUE),G2,"") | L2: =IF(R2>0,"QA_FAIL",IF(K2="","QA_INCOMPLETE",IF(K2<70,"QA_FAIL",IF(OR(K2<85,S2>0),"QA_REVISE","QA_PASS")))) | M2: SERP_ONLY | N2: 5 | O2: 5 | P2: TRUE | Q2: 1 | R2: =COUNTIFS('QA_Issues'!$B$2:$B$2,B2,'QA_Issues'!$D$2:$D$2,"CRITICAL") | S2: =COUNTIFS('QA_Issues'!$B$2:$B$2,B2,'QA_Issues'!$D$2:$D$2,"MAJOR") | T2: =COUNTIFS('QA_Issues'!$B$2:$B$2,B2,'QA_Issues'!$D$2:$D$2,"MINOR") | U2: =COUNTIFS('QA_Issues'!$B$2:$B$2,B2,'QA_Issues'!$D$2:$D$2,"LIMITATION") | V2: [] | W2: ["evidence_batch_009_081", "https://jeminise.com/products/custom-name-catcher-batter-baseball-baseball-throw-baseba-design-01", "serp_qa_081", "customizer_audit.json"]
A3: 82 | B3: jeminise.com+custom-name-catcher-batter-baseball-baseball-throw-baseba-design-07 | C3: https://jeminise.com/products/custom-name-catcher-batter-baseball-baseball-throw-baseba-design-07 | D3: custom-name-catcher-batter-baseball-baseball-throw-baseba-design-07 | E3: 8867273310407 | F3: r3 | G3: =SUMIF('QA_Criteria'!$A$2:$A$111,B3,'QA_Criteria'!$F$2:$F$111) | H3: =SUMIF('QA_Criteria'!$A$2:$A$111,B3,'QA_Criteria'!$G$2:$G$111) | I3: =G3 | J3: =G3+(100-H3) | K3: =IF(AND(H3=100,Q3=1,P3=TRUE),G3,"") | L3: =IF(R3>0,"QA_FAIL",IF(K3="","QA_INCOMPLETE",IF(K3<70,"QA_FAIL",IF(OR(K3<85,S3>0),"QA_REVISE","QA_PASS")))) | M3: SERP_ONLY | N3: 6 | O3: 6 | P3: TRUE | Q3: 1 | R3: =COUNTIFS('QA_Issues'!$B$2:$B$2,B3,'QA_Issues'!$D$2:$D$2,"CRITICAL") | S3: =COUNTIFS('QA_Issues'!$B$2:$B$2,B3,'QA_Issues'!$D$2:$D$2,"MAJOR") | T3: =COUNTIFS('QA_Issues'!$B$2:$B$2,B3,'QA_Issues'!$D$2:$D$2,"MINOR") | U3: =COUNTIFS('QA_Issues'!$B$2:$B$2,B3,'QA_Issues'!$D$2:$D$2,"LIMITATION") | V3: [] | W3: ["evidence_batch_009_082", "https://jeminise.com/products/custom-name-catcher-batter-baseball-baseball-throw-baseba-design-07", "serp_qa_082", "customizer_audit.json"]
A4: 83 | B4: jeminise.com+custom-name-catcher-batter-baseball-baseball-throw-baseba-design-10 | C4: https://jeminise.com/products/custom-name-catcher-batter-baseball-baseball-throw-baseba-design-10 | D4: custom-name-catcher-batter-baseball-baseball-throw-baseba-design-10 | E4: 8867270394055 | F4: r3 | G4: =SUMIF('QA_Criteria'!$A$2:$A$111,B4,'QA_Criteria'!$F$2:$F$111) | H4: =SUMIF('QA_Criteria'!$A$2:$A$111,B4,'QA_Criteria'!$G$2:$G$111) | I4: =G4 | J4: =G4+(100-H4) | K4: =IF(AND(H4=100,Q4=1,P4=TRUE),G4,"") | L4: =IF(R4>0,"QA_FAIL",IF(K4="","QA_INCOMPLETE",IF(K4<70,"QA_FAIL",IF(OR(K4<85,S4>0),"QA_REVISE","QA_PASS")))) | M4: SERP_ONLY | N4: 7 | O4: 7 | P4: TRUE | Q4: 1 | R4: =COUNTIFS('QA_Issues'!$B$2:$B$2,B4,'QA_Issues'!$D$2:$D$2,"CRITICAL") | S4: =COUNTIFS('QA_Issues'!$B$2:$B$2,B4,'QA_Issues'!$D$2:$D$2,"MAJOR") | T4: =COUNTIFS('QA_Issues'!$B$2:$B$2,B4,'QA_Issues'!$D$2:$D$2,"MINOR") | U4: =COUNTIFS('QA_Issues'!$B$2:$B$2,B4,'QA_Issues'!$D$2:$D$2,"LIMITATION") | V4: [] | W4: ["evidence_batch_009_083", "https://jeminise.com/products/custom-name-catcher-batter-baseball-baseball-throw-baseba-design-10", "serp_qa_083", "customizer_audit.json"]
A5: 84 | B5: jeminise.com+custom-name-catcher-batter-baseball-baseball-throw-baseba-design-11 | C5: https://jeminise.com/products/custom-name-catcher-batter-baseball-baseball-throw-baseba-design-11 | D5: custom-name-catcher-batter-baseball-baseball-throw-baseba-design-11 | E5: 8867273113799 | F5: r3 | G5: =SUMIF('QA_Criteria'!$A$2:$A$111,B5,'QA_Criteria'!$F$2:$F$111) | H5: =SUMIF('QA_Criteria'!$A$2:$A$111,B5,'QA_Criteria'!$G$2:$G$111) | I5: =G5 | J5: =G5+(100-H5) | K5: =IF(AND(H5=100,Q5=1,P5=TRUE),G5,"") | L5: =IF(R5>0,"QA_FAIL",IF(K5="","QA_INCOMPLETE",IF(K5<70,"QA_FAIL",IF(OR(K5<85,S5>0),"QA_REVISE","QA_PASS")))) | M5: SERP_ONLY | N5: 7 | O5: 7 | P5: TRUE | Q5: 1 | R5: =COUNTIFS('QA_Issues'!$B$2:$B$2,B5,'QA_Issues'!$D$2:$D$2,"CRITICAL") | S5: =COUNTIFS('QA_Issues'!$B$2:$B$2,B5,'QA_Issues'!$D$2:$D$2,"MAJOR") | T5: =COUNTIFS('QA_Issues'!$B$2:$B$2,B5,'QA_Issues'!$D$2:$D$2,"MINOR") | U5: =COUNTIFS('QA_Issues'!$B$2:$B$2,B5,'QA_Issues'!$D$2:$D$2,"LIMITATION") | V5: [] | W5: ["evidence_batch_009_084", "https://jeminise.com/products/custom-name-catcher-batter-baseball-baseball-throw-baseba-design-11", "serp_qa_084", "customizer_audit.json"]
A6: 85 | B6: jeminise.com+custom-name-catcher-batter-baseball-baseball-throw-baseba-design-12 | C6: https://jeminise.com/products/custom-name-catcher-batter-baseball-baseball-throw-baseba-design-12 | D6: custom-name-catcher-batter-baseball-baseball-throw-baseba-design-12 | E6: 8867271770311 | F6: r3 | G6: =SUMIF('QA_Criteria'!$A$2:$A$111,B6,'QA_Criteria'!$F$2:$F$111) | H6: =SUMIF('QA_Criteria'!$A$2:$A$111,B6,'QA_Criteria'!$G$2:$G$111) | I6: =G6 | J6: =G6+(100-H6) | K6: =IF(AND(H6=100,Q6=1,P6=TRUE),G6,"") | L6: =IF(R6>0,"QA_FAIL",IF(K6="","QA_INCOMPLETE",IF(K6<70,"QA_FAIL",IF(OR(K6<85,S6>0),"QA_REVISE","QA_PASS")))) | M6: SERP_ONLY | N6: 6 | O6: 6 | P6: TRUE | Q6: 1 | R6: =COUNTIFS('QA_Issues'!$B$2:$B$2,B6,'QA_Issues'!$D$2:$D$2,"CRITICAL") | S6: =COUNTIFS('QA_Issues'!$B$2:$B$2,B6,'QA_Issues'!$D$2:$D$2,"MAJOR") | T6: =COUNTIFS('QA_Issues'!$B$2:$B$2,B6,'QA_Issues'!$D$2:$D$2,"MINOR") | U6: =COUNTIFS('QA_Issues'!$B$2:$B$2,B6,'QA_Issues'!$D$2:$D$2,"LIMITATION") | V6: [] | W6: ["evidence_batch_009_085", "https://jeminise.com/products/custom-name-catcher-batter-baseball-baseball-throw-baseba-design-12", "serp_qa_085", "customizer_audit.json"]
A7: 86 | B7: jeminise.com+custom-name-catcher-batter-baseball-baseball-throw-baseba-design-13 | C7: https://jeminise.com/products/custom-name-catcher-batter-baseball-baseball-throw-baseba-design-13 | D7: custom-name-catcher-batter-baseball-baseball-throw-baseba-design-13 | E7: 8867272196295 | F7: r3 | G7: =SUMIF('QA_Criteria'!$A$2:$A$111,B7,'QA_Criteria'!$F$2:$F$111) | H7: =SUMIF('QA_Criteria'!$A$2:$A$111,B7,'QA_Criteria'!$G$2:$G$111) | I7: =G7 | J7: =G7+(100-H7) | K7: =IF(AND(H7=100,Q7=1,P7=TRUE),G7,"") | L7: =IF(R7>0,"QA_FAIL",IF(K7="","QA_INCOMPLETE",IF(K7<70,"QA_FAIL",IF(OR(K7<85,S7>0),"QA_REVISE","QA_PASS")))) | M7: SERP_ONLY | N7: 6 | O7: 6 | P7: TRUE | Q7: 1 | R7: =COUNTIFS('QA_Issues'!$B$2:$B$2,B7,'QA_Issues'!$D$2:$D$2,"CRITICAL") | S7: =COUNTIFS('QA_Issues'!$B$2:$B$2,B7,'QA_Issues'!$D$2:$D$2,"MAJOR") | T7: =COUNTIFS('QA_Issues'!$B$2:$B$2,B7,'QA_Issues'!$D$2:$D$2,"MINOR") | U7: =COUNTIFS('QA_Issues'!$B$2:$B$2,B7,'QA_Issues'!$D$2:$D$2,"LIMITATION") | V7: [] | W7: ["evidence_batch_009_086", "https://jeminise.com/products/custom-name-catcher-batter-baseball-baseball-throw-baseba-design-13", "serp_qa_086", "customizer_audit.json"]
A8: 87 | B8: jeminise.com+custom-name-catcher-batter-baseball-baseball-throw-baseba-design-17 | C8: https://jeminise.com/products/custom-name-catcher-batter-baseball-baseball-throw-baseba-design-17 | D8: custom-name-catcher-batter-baseball-baseball-throw-baseba-design-17 | E8: 8867272589511 | F8: r3 | G8: =SUMIF('QA_Criteria'!$A$2:$A$111,B8,'QA_Criteria'!$F$2:$F$111) | H8: =SUMIF('QA_Criteria'!$A$2:$A$111,B8,'QA_Criteria'!$G$2:$G$111) | I8: =G8 | J8: =G8+(100-H8) | K8: =IF(AND(H8=100,Q8=1,P8=TRUE),G8,"") | L8: =IF(R8>0,"QA_FAIL",IF(K8="","QA_INCOMPLETE",IF(K8<70,"QA_FAIL",IF(OR(K8<85,S8>0),"QA_REVISE","QA_PASS")))) | M8: SERP_ONLY | N8: 6 | O8: 6 | P8: TRUE | Q8: 1 | R8: =COUNTIFS('QA_Issues'!$B$2:$B$2,B8,'QA_Issues'!$D$2:$D$2,"CRITICAL") | S8: =COUNTIFS('QA_Issues'!$B$2:$B$2,B8,'QA_Issues'!$D$2:$D$2,"MAJOR") | T8: =COUNTIFS('QA_Issues'!$B$2:$B$2,B8,'QA_Issues'!$D$2:$D$2,"MINOR") | U8: =COUNTIFS('QA_Issues'!$B$2:$B$2,B8,'QA_Issues'!$D$2:$D$2,"LIMITATION") | V8: [] | W8: ["evidence_batch_009_087", "https://jeminise.com/products/custom-name-catcher-batter-baseball-baseball-throw-baseba-design-17", "serp_qa_087", "customizer_audit.json"]
A9: 88 | B9: jeminise.com+custom-name-catcher-batter-baseball-baseball-throw-baseba-design-18 | C9: https://jeminise.com/products/custom-name-catcher-batter-baseball-baseball-throw-baseba-design-18 | D9: custom-name-catcher-batter-baseball-baseball-throw-baseba-design-18 | E9: 8867270721735 | F9: r3 | G9: =SUMIF('QA_Criteria'!$A$2:$A$111,B9,'QA_Criteria'!$F$2:$F$111) | H9: =SUMIF('QA_Criteria'!$A$2:$A$111,B9,'QA_Criteria'!$G$2:$G$111) | I9: =G9 | J9: =G9+(100-H9) | K9: =IF(AND(H9=100,Q9=1,P9=TRUE),G9,"") | L9: =IF(R9>0,"QA_FAIL",IF(K9="","QA_INCOMPLETE",IF(K9<70,"QA_FAIL",IF(OR(K9<85,S9>0),"QA_REVISE","QA_PASS")))) | M9: SERP_ONLY | N9: 7 | O9: 7 | P9: TRUE | Q9: 1 | R9: =COUNTIFS('QA_Issues'!$B$2:$B$2,B9,'QA_Issues'!$D$2:$D$2,"CRITICAL") | S9: =COUNTIFS('QA_Issues'!$B$2:$B$2,B9,'QA_Issues'!$D$2:$D$2,"MAJOR") | T9: =COUNTIFS('QA_Issues'!$B$2:$B$2,B9,'QA_Issues'!$D$2:$D$2,"MINOR") | U9: =COUNTIFS('QA_Issues'!$B$2:$B$2,B9,'QA_Issues'!$D$2:$D$2,"LIMITATION") | V9: [] | W9: ["evidence_batch_009_088", "https://jeminise.com/products/custom-name-catcher-batter-baseball-baseball-throw-baseba-design-18", "serp_qa_088", "customizer_audit.json"]
A10: 89 | B10: jeminise.com+custom-name-catcher-batter-baseball-baseball-throw-baseba-design-21 | C10: https://jeminise.com/products/custom-name-catcher-batter-baseball-baseball-throw-baseba-design-21 | D10: custom-name-catcher-batter-baseball-baseball-throw-baseba-design-21 | E10: 8867270656199 | F10: r3 | G10: =SUMIF('QA_Criteria'!$A$2:$A$111,B10,'QA_Criteria'!$F$2:$F$111) | H10: =SUMIF('QA_Criteria'!$A$2:$A$111,B10,'QA_Criteria'!$G$2:$G$111) | I10: =G10 | J10: =G10+(100-H10) | K10: =IF(AND(H10=100,Q10=1,P10=TRUE),G10,"") | L10: =IF(R10>0,"QA_FAIL",IF(K10="","QA_INCOMPLETE",IF(K10<70,"QA_FAIL",IF(OR(K10<85,S10>0),"QA_REVISE","QA_PASS")))) | M10: SERP_ONLY | N10: 5 | O10: 5 | P10: TRUE | Q10: 1 | R10: =COUNTIFS('QA_Issues'!$B$2:$B$2,B10,'QA_Issues'!$D$2:$D$2,"CRITICAL") | S10: =COUNTIFS('QA_Issues'!$B$2:$B$2,B10,'QA_Issues'!$D$2:$D$2,"MAJOR") | T10: =COUNTIFS('QA_Issues'!$B$2:$B$2,B10,'QA_Issues'!$D$2:$D$2,"MINOR") | U10: =COUNTIFS('QA_Issues'!$B$2:$B$2,B10,'QA_Issues'!$D$2:$D$2,"LIMITATION") | V10: [] | W10: ["evidence_batch_009_089", "https://jeminise.com/products/custom-name-catcher-batter-baseball-baseball-throw-baseba-design-21", "serp_qa_089", "customizer_audit.json"]
A11: 90 | B11: jeminise.com+custom-name-catcher-batter-baseball-baseball-throw-baseball-blanket | C11: https://jeminise.com/products/custom-name-catcher-batter-baseball-baseball-throw-baseball-blanket | D11: custom-name-catcher-batter-baseball-baseball-throw-baseball-blanket | E11: 8867269279943 | F11: r3 | G11: =SUMIF('QA_Criteria'!$A$2:$A$111,B11,'QA_Criteria'!$F$2:$F$111) | H11: =SUMIF('QA_Criteria'!$A$2:$A$111,B11,'QA_Criteria'!$G$2:$G$111) | I11: =G11 | J11: =G11+(100-H11) | K11: =IF(AND(H11=100,Q11=1,P11=TRUE),G11,"") | L11: =IF(R11>0,"QA_FAIL",IF(K11="","QA_INCOMPLETE",IF(K11<70,"QA_FAIL",IF(OR(K11<85,S11>0),"QA_REVISE","QA_PASS")))) | M11: SERP_ONLY | N11: 4 | O11: 4 | P11: TRUE | Q11: 1 | R11: =COUNTIFS('QA_Issues'!$B$2:$B$2,B11,'QA_Issues'!$D$2:$D$2,"CRITICAL") | S11: =COUNTIFS('QA_Issues'!$B$2:$B$2,B11,'QA_Issues'!$D$2:$D$2,"MAJOR") | T11: =COUNTIFS('QA_Issues'!$B$2:$B$2,B11,'QA_Issues'!$D$2:$D$2,"MINOR") | U11: =COUNTIFS('QA_Issues'!$B$2:$B$2,B11,'QA_Issues'!$D$2:$D$2,"LIMITATION") | V11: [] | W11: ["evidence_batch_009_090", "https://jeminise.com/products/custom-name-catcher-batter-baseball-baseball-throw-baseball-blanket", "serp_qa_090", "customizer_audit.json"]

Sheet QA_Criteria
A1: product_key | B1: criterion_id | C1: weight | D1: assessment | E1: rating | F1: earned_points | G1: assessed_weight | H1: reason | I1: evidence_refs | J1: issue_refs
A2: jeminise.com+custom-name-catcher-batter-baseball-baseball-throw-baseba-design-01 | B2: P1 | C2: 15 | D2: FULL | E2: =IF(B2="I1",AVERAGEIF('QA_Images'!$A$2:$A$60,A2,'QA_Images'!$T$2:$T$60)/100,IF(D2="FULL",1,IF(D2="PARTIAL",0.5,IF(D2="FAIL",0,"")))) | F2: =IF(E2="",0,C2*E2) | G2: =IF(B2="I1",20*AVERAGEIF('QA_Images'!$A$2:$A$60,A2,'QA_Images'!$U$2:$U$60)/100,IF(D2="NOT_CHECKED",0,C2)) | H2: Đối chiếu loại sản phẩm, thiết kế và màu với product JSON, H1 live và toàn bộ gallery. | I2: ["evidence_batch_009_081", "https://jeminise.com/products/custom-name-catcher-batter-baseball-baseball-throw-baseba-design-01", "serp_qa_081", "customizer_audit.json"] | J2: ["ISS-081-IMG-04", "ISS-071-DESC", "ISS-071-CANN", "ISS-071-META"]
A3: jeminise.com+custom-name-catcher-batter-baseball-baseball-throw-baseba-design-01 | B3: P2 | C3: 10 | D3: FULL | E3: =IF(B3="I1",AVERAGEIF('QA_Images'!$A$2:$A$60,A3,'QA_Images'!$T$2:$T$60)/100,IF(D3="FULL",1,IF(D3="PARTIAL",0.5,IF(D3="FAIL",0,"")))) | F3: =IF(E3="",0,C3*E3) | G3: =IF(B3="I1",20*AVERAGEIF('QA_Images'!$A$2:$A$60,A3,'QA_Images'!$U$2:$U$60)/100,IF(D3="NOT_CHECKED",0,C3)) | H3: Đã đối chiếu options, variants, description và cấu hình Amazon Customizer live có Name/Number. | I3: ["evidence_batch_009_081", "https://jeminise.com/products/custom-name-catcher-batter-baseball-baseball-throw-baseba-design-01", "serp_qa_081", "customizer_audit.json"] | J3: ["ISS-081-IMG-04", "ISS-071-DESC", "ISS-071-CANN", "ISS-071-META"]
A4: jeminise.com+custom-name-catcher-batter-baseball-baseball-throw-baseba-design-01 | B4: K1 | C4: 10 | D4: FULL | E4: =IF(B4="I1",AVERAGEIF('QA_Images'!$A$2:$A$60,A4,'QA_Images'!$T$2:$T$60)/100,IF(D4="FULL",1,IF(D4="PARTIAL",0.5,IF(D4="FAIL",0,"")))) | F4: =IF(E4="",0,C4*E4) | G4: =IF(B4="I1",20*AVERAGEIF('QA_Images'!$A$2:$A$60,A4,'QA_Images'!$U$2:$U$60)/100,IF(D4="NOT_CHECKED",0,C4)) | H4: Đối chiếu long-tail với thiết kế riêng và nguy cơ trùng intent trong cụm sản phẩm. | I4: ["evidence_batch_009_081", "https://jeminise.com/products/custom-name-catcher-batter-baseball-baseball-throw-baseba-design-01", "serp_qa_081", "customizer_audit.json"] | J4: ["ISS-081-IMG-04", "ISS-071-DESC", "ISS-071-CANN", "ISS-071-META"]
A5: jeminise.com+custom-name-catcher-batter-baseball-baseball-throw-baseba-design-01 | B5: K2 | C5: 5 | D5: PARTIAL | E5: =IF(B5="I1",AVERAGEIF('QA_Images'!$A$2:$A$60,A5,'QA_Images'!$T$2:$T$60)/100,IF(D5="FULL",1,IF(D5="PARTIAL",0.5,IF(D5="FAIL",0,"")))) | F5: =IF(E5="",0,C5*E5) | G5: =IF(B5="I1",20*AVERAGEIF('QA_Images'!$A$2:$A$60,A5,'QA_Images'!$U$2:$U$60)/100,IF(D5="NOT_CHECKED",0,C5)) | H5: Đã đọc primary và comparator SERP theo US commercial intent; nhiều kết quả là blanket/duvet nên chỉ PARTIAL. | I5: ["evidence_batch_009_081", "https://jeminise.com/products/custom-name-catcher-batter-baseball-baseball-throw-baseba-design-01", "serp_qa_081", "customizer_audit.json"] | J5: ["ISS-081-IMG-04", "ISS-071-DESC", "ISS-071-CANN", "ISS-071-META"]
A6: jeminise.com+custom-name-catcher-batter-baseball-baseball-throw-baseba-design-01 | B6: K3 | C6: 5 | D6: PARTIAL | E6: =IF(B6="I1",AVERAGEIF('QA_Images'!$A$2:$A$60,A6,'QA_Images'!$T$2:$T$60)/100,IF(D6="FULL",1,IF(D6="PARTIAL",0.5,IF(D6="FAIL",0,"")))) | F6: =IF(E6="",0,C6*E6) | G6: =IF(B6="I1",20*AVERAGEIF('QA_Images'!$A$2:$A$60,A6,'QA_Images'!$U$2:$U$60)/100,IF(D6="NOT_CHECKED",0,C6)) | H6: Modifier theo artwork có dùng nhưng mười trang cùng cluster còn nguy cơ cannibalization. | I6: ["evidence_batch_009_081", "https://jeminise.com/products/custom-name-catcher-batter-baseball-baseball-throw-baseba-design-01", "serp_qa_081", "customizer_audit.json"] | J6: ["ISS-081-IMG-04", "ISS-071-DESC", "ISS-071-CANN", "ISS-071-META"]
A7: jeminise.com+custom-name-catcher-batter-baseball-baseball-throw-baseba-design-01 | B7: T1 | C7: 10 | D7: FULL | E7: =IF(B7="I1",AVERAGEIF('QA_Images'!$A$2:$A$60,A7,'QA_Images'!$T$2:$T$60)/100,IF(D7="FULL",1,IF(D7="PARTIAL",0.5,IF(D7="FAIL",0,"")))) | F7: =IF(E7="",0,C7*E7) | G7: =IF(B7="I1",20*AVERAGEIF('QA_Images'!$A$2:$A$60,A7,'QA_Images'!$U$2:$U$60)/100,IF(D7="NOT_CHECKED",0,C7)) | H7: Đánh giá SEO title English về độ đúng, tự nhiên, keyword và điểm phân biệt. | I7: ["evidence_batch_009_081", "https://jeminise.com/products/custom-name-catcher-batter-baseball-baseball-throw-baseba-design-01", "serp_qa_081", "customizer_audit.json"] | J7: ["ISS-081-IMG-04", "ISS-071-DESC", "ISS-071-CANN", "ISS-071-META"]
A8: jeminise.com+custom-name-catcher-batter-baseball-baseball-throw-baseba-design-01 | B8: T2 | C8: 5 | D8: FULL | E8: =IF(B8="I1",AVERAGEIF('QA_Images'!$A$2:$A$60,A8,'QA_Images'!$T$2:$T$60)/100,IF(D8="FULL",1,IF(D8="PARTIAL",0.5,IF(D8="FAIL",0,"")))) | F8: =IF(E8="",0,C8*E8) | G8: =IF(B8="I1",20*AVERAGEIF('QA_Images'!$A$2:$A$60,A8,'QA_Images'!$U$2:$U$60)/100,IF(D8="NOT_CHECKED",0,C8)) | H8: Meta đúng motif nhưng quá dài và chưa diễn đạt cơ chế Customize gọn, rõ. | I8: ["evidence_batch_009_081", "https://jeminise.com/products/custom-name-catcher-batter-baseball-baseball-throw-baseba-design-01", "serp_qa_081", "customizer_audit.json"] | J8: []
A9: jeminise.com+custom-name-catcher-batter-baseball-baseball-throw-baseba-design-01 | B9: D1 | C9: 5 | D9: FULL | E9: =IF(B9="I1",AVERAGEIF('QA_Images'!$A$2:$A$60,A9,'QA_Images'!$T$2:$T$60)/100,IF(D9="FULL",1,IF(D9="PARTIAL",0.5,IF(D9="FAIL",0,"")))) | F9: =IF(E9="",0,C9*E9) | G9: =IF(B9="I1",20*AVERAGEIF('QA_Images'!$A$2:$A$60,A9,'QA_Images'!$U$2:$U$60)/100,IF(D9="NOT_CHECKED",0,C9)) | H9: Description chứa nguyên khối SEO Use/QA/import nội bộ. | I9: ["evidence_batch_009_081", "https://jeminise.com/products/custom-name-catcher-batter-baseball-baseball-throw-baseba-design-01", "serp_qa_081", "customizer_audit.json"] | J9: []
A10: jeminise.com+custom-name-catcher-batter-baseball-baseball-throw-baseba-design-01 | B10: D2 | C10: 10 | D10: FULL | E10: =IF(B10="I1",AVERAGEIF('QA_Images'!$A$2:$A$60,A10,'QA_Images'!$T$2:$T$60)/100,IF(D10="FULL",1,IF(D10="PARTIAL",0.5,IF(D10="FAIL",0,"")))) | F10: =IF(E10="",0,C10*E10) | G10: =IF(B10="I1",20*AVERAGEIF('QA_Images'!$A$2:$A$60,A10,'QA_Images'!$U$2:$U$60)/100,IF(D10="NOT_CHECKED",0,C10)) | H10: Facts chính khớp nguồn, nhưng copy chưa publish-ready và chưa nói rõ ràng quy trình Customize. | I10: ["evidence_batch_009_081", "https://jeminise.com/products/custom-name-catcher-batter-baseball-baseball-throw-baseba-design-01", "serp_qa_081", "customizer_audit.json"] | J10: []
A11: jeminise.com+custom-name-catcher-batter-baseball-baseball-throw-baseba-design-01 | B11: I1 | C11: 20 | D11: DERIVED | E11: =IF(B11="I1",AVERAGEIF('QA_Images'!$A$2:$A$60,A11,'QA_Images'!$T$2:$T$60)/100,IF(D11="FULL",1,IF(D11="PARTIAL",0.5,IF(D11="FAIL",0,"")))) | F11: =IF(E11="",0,C11*E11) | G11: =IF(B11="I1",20*AVERAGEIF('QA_Images'!$A$2:$A$60,A11,'QA_Images'!$U$2:$U$60)/100,IF(D11="NOT_CHECKED",0,C11)) | H11: Tính từ trung bình 5 ảnh: 98.0000/100. | I11: ["evidence_batch_009_081", "https://jeminise.com/products/custom-name-catcher-batter-baseball-baseball-throw-baseba-design-01", "serp_qa_081", "customizer_audit.json"] | J11: []
A12: jeminise.com+custom-name-catcher-batter-baseball-baseball-throw-baseba-design-01 | B12: E1 | C12: 5 | D12: FULL | E12: =IF(B12="I1",AVERAGEIF('QA_Images'!$A$2:$A$60,A12,'QA_Images'!$T$2:$T$60)/100,IF(D12="FULL",1,IF(D12="PARTIAL",0.5,IF(D12="FAIL",0,"")))) | F12: =IF(E12="",0,C12*E12) | G12: =IF(B12="I1",20*AVERAGEIF('QA_Images'!$A$2:$A$60,A12,'QA_Images'!$U$2:$U$60)/100,IF(D12="NOT_CHECKED",0,C12)) | H12: Chuỗi evidence được kiểm tra; thiếu admin export và chưa chạy cart persistence. | I12: ["evidence_batch_009_081", "https://jeminise.com/products/custom-name-catcher-batter-baseball-baseball-throw-baseba-design-01", "serp_qa_081", "customizer_audit.json"] | J12: []
A13: jeminise.com+custom-name-catcher-batter-baseball-baseball-throw-baseba-design-07 | B13: P1 | C13: 15 | D13: FULL | E13: =IF(B13="I1",AVERAGEIF('QA_Images'!$A$2:$A$60,A13,'QA_Images'!$T$2:$T$60)/100,IF(D13="FULL",1,IF(D13="PARTIAL",0.5,IF(D13="FAIL",0,"")))) | F13: =IF(E13="",0,C13*E13) | G13: =IF(B13="I1",20*AVERAGEIF('QA_Images'!$A$2:$A$60,A13,'QA_Images'!$U$2:$U$60)/100,IF(D13="NOT_CHECKED",0,C13)) | H13: Đối chiếu loại sản phẩm, thiết kế và màu với product JSON, H1 live và toàn bộ gallery. | I13: ["evidence_batch_009_082", "https://jeminise.com/products/custom-name-catcher-batter-baseball-baseball-throw-baseba-design-07", "serp_qa_082", "customizer_audit.json"] | J13: ["ISS-082-IMG-04", "ISS-072-DESC", "ISS-072-CANN", "ISS-072-META"]
... A111: jeminise.com+custom-name-catcher-batter-baseball-baseball-throw-baseball-blanket | B111: E1 | C111: 5 | D111: FULL | E111: =IF(B111="I1",AVERAGEIF('QA_Images'!$A$2:$A$60,A111,'QA_Images'!$T$2:$T$60)/100,IF(D111="FULL",1,IF(D111="PARTIAL",0.5,IF(D111="FAIL",0,"")))) | F111: =IF(E111="",0,C111*E111) | G111: =IF(B111="I1",20*AVERAGEIF('QA_Images'!$A$2:$A$60,A111,'QA_Images'!$U$2:$U$60)/100,IF(D111="NOT_CHECKED",0,C111)) | H111: Chuỗi evidence được kiểm tra; thiếu admin export và chưa chạy cart persistence. | I111: ["evidence_batch_009_090", "https://jeminise.com/products/custom-name-catcher-batter-baseball-baseball-throw-baseball-blanket", "serp_qa_090", "customizer_audit.json"] | J111: []

Sheet QA_Images
A1: product_key | B1: qa_image_key | C1: image_url_source | D1: image_url_workbook | E1: media_id | F1: workbook_image_id | G1: variant | H1: image_location | I1: check_method | J1: checked_at | K1: qa_observation | L1: submitted_observation | M1: storefront_alt_observed | N1: alt_action | O1: alt_effective | P1: IM1 | Q1: IM2 | R1: IM3 | S1: IM4 | T1: image_verified_points | U1: image_assessed_weight | V1: image_final_score | W1: image_score_lower_bound | X1: image_score_upper_bound | Y1: issue_refs | Z1: evidence_refs | AA1: revision
A2: jeminise.com+custom-name-catcher-batter-baseball-baseball-throw-baseba-design-01 | B2: qaimg_224f2d575201b06f | C2: https://cdn.shopify.com/s/files/1/0792/5098/1063/files/fb5f82df819534fbea0f600eef3fd8b3b00f5c155924161eb9281ffd15e5bb15.jpg?v=1787246918 | D2: https://cdn.shopify.com/s/files/1/0792/5098/1063/files/fb5f82df819534fbea0f600eef3fd8b3b00f5c155924161eb9281ffd15e5bb15.jpg?v=1787246918 | E2: 38896321331399 | F2: 47935092359367 | H2: GALLERY | I2: DIRECT_ORIGINAL_IMAGE | J2: 2026-09-07T17:56:21.200447+07:00 | K2: Directly inspected gallery image 1 for custom football player portrait comforter. | L2: Main product or lifestyle mockup showing custom baseball batter silhouette blanket with name and number. | M2: Custom Name Catcher Batter Baseball Baseball Throw, Baseball Blanket Gift Baseball Bedding Gift for Adult, Christmas New Years Gift for Baseball Player, Pitcher Gift (Baseball Design 01) | N2: SET | O2: Personalized Baseball Batter Silhouette Blanket displayed in a main product mockup | P2: FULL | Q2: FULL | R2: FULL | S2: FULL | T2: =IF(P2="FULL",40,IF(P2="PARTIAL",40/2,0))+IF(Q2="FULL",30,IF(Q2="PARTIAL",30/2,0))+IF(R2="FULL",20,IF(R2="PARTIAL",20/2,0))+IF(S2="FULL",10,IF(S2="PARTIAL",10/2,0)) | U2: =IF(P2="NOT_CHECKED",0,40)+IF(Q2="NOT_CHECKED",0,30)+IF(R2="NOT_CHECKED",0,20)+IF(S2="NOT_CHECKED",0,10) | V2: =IF(U2=100,T2,"") | W2: =T2 | X2: =T2+(100-U2) | Y2: [] | Z2: ["seo_runs\\jeminise.com\\20260906_234129\\evidence\\images\\81_custom-name-catcher-batter-baseball-baseball-throw-baseba-design-01\\image_01_47935092359367.jpg; seo_runs\\jeminise.com\\20260906_234129\\evidence\\contact_sheets\\81_custom-name-catcher-batter-baseball-baseball-throw-baseba-design-01.jpg", "https://jeminise.com/products/custom-name-catcher-batter-baseball-baseball-throw-baseba-design-01", "https://cdn.shopify.com/s/files/1/0792/5098/1063/files/fb5f82df819534fbea0f600eef3fd8b3b00f5c155924161eb9281ffd15e5bb15.jpg?v=1787246918"] | AA2: r3
A3: jeminise.com+custom-name-catcher-batter-baseball-baseball-throw-baseba-design-01 | B3: qaimg_2e83052d6a260765 | C3: https://cdn.shopify.com/s/files/1/0792/5098/1063/files/484224ec6669fae86eed1fcfd3bfb944deeeb664210e54192725787493d1ab64.jpg?v=1787246918 | D3: https://cdn.shopify.com/s/files/1/0792/5098/1063/files/484224ec6669fae86eed1fcfd3bfb944deeeb664210e54192725787493d1ab64.jpg?v=1787246918 | E3: 38896321364167 | F3: 47935092392135 | H3: GALLERY | I3: DIRECT_ORIGINAL_IMAGE | J3: 2026-09-07T17:56:21.200447+07:00 | K3: Directly inspected gallery image 2 for custom football player portrait comforter. | L3: Secondary mockup or customization image showing custom baseball batter silhouette blanket with name and number. | M3: Custom Name Catcher Batter Baseball Baseball Throw, Baseball Blanket Gift Baseball Bedding Gift for Adult, Christmas New Years Gift for Baseball Player, Pitcher Gift (Baseball Design 01) | N3: SET | O3: Secondary mockup of Personalized Baseball Batter Silhouette Blanket | P3: FULL | Q3: FULL | R3: FULL | S3: FULL | T3: =IF(P3="FULL",40,IF(P3="PARTIAL",40/2,0))+IF(Q3="FULL",30,IF(Q3="PARTIAL",30/2,0))+IF(R3="FULL",20,IF(R3="PARTIAL",20/2,0))+IF(S3="FULL",10,IF(S3="PARTIAL",10/2,0)) | U3: =IF(P3="NOT_CHECKED",0,40)+IF(Q3="NOT_CHECKED",0,30)+IF(R3="NOT_CHECKED",0,20)+IF(S3="NOT_CHECKED",0,10) | V3: =IF(U3=100,T3,"") | W3: =T3 | X3: =T3+(100-U3) | Y3: [] | Z3: ["seo_runs\\jeminise.com\\20260906_234129\\evidence\\images\\81_custom-name-catcher-batter-baseball-baseball-throw-baseba-design-01\\image_02_47935092392135.jpg; seo_runs\\jeminise.com\\20260906_234129\\evidence\\contact_sheets\\81_custom-name-catcher-batter-baseball-baseball-throw-baseba-design-01.jpg", "https://jeminise.com/products/custom-name-catcher-batter-baseball-baseball-throw-baseba-design-01", "https://cdn.shopify.com/s/files/1/0792/5098/1063/files/484224ec6669fae86eed1fcfd3bfb944deeeb664210e54192725787493d1ab64.jpg?v=1787246918"] | AA3: r3
A4: jeminise.com+custom-name-catcher-batter-baseball-baseball-throw-baseba-design-01 | B4: qaimg_19fde1fcd3b2c700 | C4: https://cdn.shopify.com/s/files/1/0792/5098/1063/files/b36bbad8c7ca209412942ae39cc0c43ea7b2b54d94a7f62bf31a1047559be000.jpg?v=1787246919 | D4: https://cdn.shopify.com/s/files/1/0792/5098/1063/files/b36bbad8c7ca209412942ae39cc0c43ea7b2b54d94a7f62bf31a1047559be000.jpg?v=1787246919 | E4: 38896321396935 | F4: 47935092424903 | H4: GALLERY | I4: DIRECT_ORIGINAL_IMAGE | J4: 2026-09-07T17:56:21.200447+07:00 | K4: Directly inspected gallery image 3 for custom football player portrait comforter. | L4: Outdoor, sofa or lifestyle mockup connected to custom baseball batter silhouette blanket with name and number. | M4: Custom Name Catcher Batter Baseball Baseball Throw, Baseball Blanket Gift Baseball Bedding Gift for Adult, Christmas New Years Gift for Baseball Player, Pitcher Gift (Baseball Design 01) | N4: SET | O4: Lifestyle or outdoor mockup of Personalized Baseball Batter Silhouette Blanket | P4: FULL | Q4: FULL | R4: FULL | S4: FULL | T4: =IF(P4="FULL",40,IF(P4="PARTIAL",40/2,0))+IF(Q4="FULL",30,IF(Q4="PARTIAL",30/2,0))+IF(R4="FULL",20,IF(R4="PARTIAL",20/2,0))+IF(S4="FULL",10,IF(S4="PARTIAL",10/2,0)) | U4: =IF(P4="NOT_CHECKED",0,40)+IF(Q4="NOT_CHECKED",0,30)+IF(R4="NOT_CHECKED",0,20)+IF(S4="NOT_CHECKED",0,10) | V4: =IF(U4=100,T4,"") | W4: =T4 | X4: =T4+(100-U4) | Y4: [] | Z4: ["seo_runs\\jeminise.com\\20260906_234129\\evidence\\images\\81_custom-name-catcher-batter-baseball-baseball-throw-baseba-design-01\\image_03_47935092424903.jpg; seo_runs\\jeminise.com\\20260906_234129\\evidence\\contact_sheets\\81_custom-name-catcher-batter-baseball-baseball-throw-baseba-design-01.jpg", "https://jeminise.com/products/custom-name-catcher-batter-baseball-baseball-throw-baseba-design-01", "https://cdn.shopify.com/s/files/1/0792/5098/1063/files/b36bbad8c7ca209412942ae39cc0c43ea7b2b54d94a7f62bf31a1047559be000.jpg?v=1787246919"] | AA4: r3
A5: jeminise.com+custom-name-catcher-batter-baseball-baseball-throw-baseba-design-01 | B5: qaimg_d182609293e6c46f | C5: https://cdn.shopify.com/s/files/1/0792/5098/1063/files/fa1df6cdf3428060f9bb5575cb18574fe92382c70eeac0c5902932b362085c4e.jpg?v=1787246918 | D5: https://cdn.shopify.com/s/files/1/0792/5098/1063/files/fa1df6cdf3428060f9bb5575cb18574fe92382c70eeac0c5902932b362085c4e.jpg?v=1787246918 | E5: 38896321429703 | F5: 47935092457671 | H5: GALLERY | I5: DIRECT_ORIGINAL_IMAGE | J5: 2026-09-07T17:56:21.200447+07:00 | K5: Directly inspected gallery image 4 for custom football player portrait comforter. | L5: Customization, detail or additional lifestyle panel for custom baseball batter silhouette blanket with name and number. | M5: Custom Name Catcher Batter Baseball Baseball Throw, Baseball Blanket Gift Baseball Bedding Gift for Adult, Christmas New Years Gift for Baseball Player, Pitcher Gift (Baseball Design 01) | N5: SET | O5: Customization or product detail image for Personalized Baseball Batter Silhouette Blanket | P5: FULL | Q5: FULL | R5: FULL | S5: FULL | T5: =IF(P5="FULL",40,IF(P5="PARTIAL",40/2,0))+IF(Q5="FULL",30,IF(Q5="PARTIAL",30/2,0))+IF(R5="FULL",20,IF(R5="PARTIAL",20/2,0))+IF(S5="FULL",10,IF(S5="PARTIAL",10/2,0)) | U5: =IF(P5="NOT_CHECKED",0,40)+IF(Q5="NOT_CHECKED",0,30)+IF(R5="NOT_CHECKED",0,20)+IF(S5="NOT_CHECKED",0,10) | V5: =IF(U5=100,T5,"") | W5: =T5 | X5: =T5+(100-U5) | Y5: [] | Z5: ["seo_runs\\jeminise.com\\20260906_234129\\evidence\\images\\81_custom-name-catcher-batter-baseball-baseball-throw-baseba-design-01\\image_04_47935092457671.jpg; seo_runs\\jeminise.com\\20260906_234129\\evidence\\contact_sheets\\81_custom-name-catcher-batter-baseball-baseball-throw-baseba-design-01.jpg", "https://jeminise.com/products/custom-name-catcher-batter-baseball-baseball-throw-baseba-design-01", "https://cdn.shopify.com/s/files/1/0792/5098/1063/files/fa1df6cdf3428060f9bb5575cb18574fe92382c70eeac0c5902932b362085c4e.jpg?v=1787246918"] | AA5: r3
A6: jeminise.com+custom-name-catcher-batter-baseball-baseball-throw-baseba-design-01 | B6: qaimg_1722c224b97daf62 | C6: https://cdn.shopify.com/s/files/1/0792/5098/1063/files/832c1a8fc3d4f8677e2b943265aa36d92d4648f155fa3ce83fa3bdf52486096b.jpg?v=1787246918 | D6: https://cdn.shopify.com/s/files/1/0792/5098/1063/files/832c1a8fc3d4f8677e2b943265aa36d92d4648f155fa3ce83fa3bdf52486096b.jpg?v=1787246918 | E6: 38896321462471 | F6: 47935092490439 | H6: GALLERY | I6: DIRECT_ORIGINAL_IMAGE | J6: 2026-09-07T17:56:21.200447+07:00 | K6: Directly inspected gallery image 5 for custom football player portrait comforter. | L6: Additional mockup, material detail or use-case image for custom baseball batter silhouette blanket with name and number. | M6: Custom Name Catcher Batter Baseball Baseball Throw, Baseball Blanket Gift Baseball Bedding Gift for Adult, Christmas New Years Gift for Baseball Player, Pitcher Gift (Baseball Design 01) | N6: SET | O6: Additional product mockup or material detail for Personalized Baseball Batter Silhouette Blanket | P6: FULL | Q6: FULL | R6: FULL | S6: FULL | T6: =IF(P6="FULL",40,IF(P6="PARTIAL",40/2,0))+IF(Q6="FULL",30,IF(Q6="PARTIAL",30/2,0))+IF(R6="FULL",20,IF(R6="PARTIAL",20/2,0))+IF(S6="FULL",10,IF(S6="PARTIAL",10/2,0)) | U6: =IF(P6="NOT_CHECKED",0,40)+IF(Q6="NOT_CHECKED",0,30)+IF(R6="NOT_CHECKED",0,20)+IF(S6="NOT_CHECKED",0,10) | V6: =IF(U6=100,T6,"") | W6: =T6 | X6: =T6+(100-U6) | Y6: [] | Z6: ["seo_runs\\jeminise.com\\20260906_234129\\evidence\\images\\81_custom-name-catcher-batter-baseball-baseball-throw-baseba-design-01\\image_05_47935092490439.jpg; seo_runs\\jeminise.com\\20260906_234129\\evidence\\contact_sheets\\81_custom-name-catcher-batter-baseball-baseball-throw-baseba-design-01.jpg", "https://jeminise.com/products/custom-name-catcher-batter-baseball-baseball-throw-baseba-design-01", "https://cdn.shopify.com/s/files/1/0792/5098/1063/files/832c1a8fc3d4f8677e2b943265aa36d92d4648f155fa3ce83fa3bdf52486096b.jpg?v=1787246918"] | AA6: r3
A7: jeminise.com+custom-name-catcher-batter-baseball-baseball-throw-baseba-design-07 | B7: qaimg_434bd0ffefc79aa3 | C7: https://cdn.shopify.com/s/files/1/0792/5098/1063/files/a17144dd363663132a7edce324c0cef3c0083e79270eb9c6d1f377d4615dc01f.jpg?v=1787246959 | D7: https://cdn.shopify.com/s/files/1/0792/5098/1063/files/a17144dd363663132a7edce324c0cef3c0083e79270eb9c6d1f377d4615dc01f.jpg?v=1787246959 | E7: 38896338043079 | F7: 47935109005511 | H7: GALLERY | I7: DIRECT_ORIGINAL_IMAGE | J7: 2026-09-07T17:56:21.200447+07:00 | K7: Directly inspected gallery image 1 for custom football player running with football comforter. | L7: Main product or lifestyle mockup showing custom baseball batter photo blanket with Daniel. | M7: Custom Name Catcher Batter Baseball Baseball Throw, Baseball Blanket Gift Baseball Bedding Gift for Adult, Christmas New Years Gift for Baseball Player, Pitcher Gift (Baseball Design 07) | N7: SET | O7: Custom Baseball Batter Photo Blanket displayed in a main product mockup | P7: FULL | Q7: FULL | R7: FULL | S7: FULL | T7: =IF(P7="FULL",40,IF(P7="PARTIAL",40/2,0))+IF(Q7="FULL",30,IF(Q7="PARTIAL",30/2,0))+IF(R7="FULL",20,IF(R7="PARTIAL",20/2,0))+IF(S7="FULL",10,IF(S7="PARTIAL",10/2,0)) | U7: =IF(P7="NOT_CHECKED",0,40)+IF(Q7="NOT_CHECKED",0,30)+IF(R7="NOT_CHECKED",0,20)+IF(S7="NOT_CHECKED",0,10) | V7: =IF(U7=100,T7,"") | W7: =T7 | X7: =T7+(100-U7) | Y7: [] | Z7: ["seo_runs\\jeminise.com\\20260906_234129\\evidence\\images\\82_custom-name-catcher-batter-baseball-baseball-throw-baseba-design-07\\image_01_47935109005511.jpg; seo_runs\\jeminise.com\\20260906_234129\\evidence\\contact_sheets\\82_custom-name-catcher-batter-baseball-baseball-throw-baseba-design-07.jpg", "https://jeminise.com/products/custom-name-catcher-batter-baseball-baseball-throw-baseba-design-07", "https://cdn.shopify.com/s/files/1/0792/5098/1063/files/a17144dd363663132a7edce324c0cef3c0083e79270eb9c6d1f377d4615dc01f.jpg?v=1787246959"] | AA7: r3
A8: jeminise.com+custom-name-catcher-batter-baseball-baseball-throw-baseba-design-07 | B8: qaimg_10dec43e56007085 | C8: https://cdn.shopify.com/s/files/1/0792/5098/1063/files/5d732c903ee249d8392eaf904abdac29eaebd27787cb8ab3d59947120bce3b94.jpg?v=1787246959 | D8: https://cdn.shopify.com/s/files/1/0792/5098/1063/files/5d732c903ee249d8392eaf904abdac29eaebd27787cb8ab3d59947120bce3b94.jpg?v=1787246959 | E8: 38896338075847 | F8: 47935109038279 | H8: GALLERY | I8: DIRECT_ORIGINAL_IMAGE | J8: 2026-09-07T17:56:21.200447+07:00 | K8: Directly inspected gallery image 2 for custom football player running with football comforter. | L8: Secondary mockup or customization image showing custom baseball batter photo blanket with Daniel. | M8: Custom Name Catcher Batter Baseball Baseball Throw, Baseball Blanket Gift Baseball Bedding Gift for Adult, Christmas New Years Gift for Baseball Player, Pitcher Gift (Baseball Design 07) | N8: SET | O8: Secondary mockup of Custom Baseball Batter Photo Blanket | P8: FULL | Q8: FULL | R8: FULL | S8: FULL | T8: =IF(P8="FULL",40,IF(P8="PARTIAL",40/2,0))+IF(Q8="FULL",30,IF(Q8="PARTIAL",30/2,0))+IF(R8="FULL",20,IF(R8="PARTIAL",20/2,0))+IF(S8="FULL",10,IF(S8="PARTIAL",10/2,0)) | U8: =IF(P8="NOT_CHECKED",0,40)+IF(Q8="NOT_CHECKED",0,30)+IF(R8="NOT_CHECKED",0,20)+IF(S8="NOT_CHECKED",0,10) | V8: =IF(U8=100,T8,"") | W8: =T8 | X8: =T8+(100-U8) | Y8: [] | Z8: ["seo_runs\\jeminise.com\\20260906_234129\\evidence\\images\\82_custom-name-catcher-batter-baseball-baseball-throw-baseba-design-07\\image_02_47935109038279.jpg; seo_runs\\jeminise.com\\20260906_234129\\evidence\\contact_sheets\\82_custom-name-catcher-batter-baseball-baseball-throw-baseba-design-07.jpg", "https://jeminise.com/products/custom-name-catcher-batter-baseball-baseball-throw-baseba-design-07", "https://cdn.shopify.com/s/files/1/0792/5098/1063/files/5d732c903ee249d8392eaf904abdac29eaebd27787cb8ab3d59947120bce3b94.jpg?v=1787246959"] | AA8: r3
A9: jeminise.com+custom-name-catcher-batter-baseball-baseball-throw-baseba-design-07 | B9: qaimg_95d1912f04ca93a7 | C9: https://cdn.shopify.com/s/files/1/0792/5098/1063/files/6e96186d2d002dc62ad002ace465c535aa56a1079afaff98339a7806ca3999b8.jpg?v=1787246959 | D9: https://cdn.shopify.com/s/files/1/0792/5098/1063/files/6e96186d2d002dc62ad002ace465c535aa56a1079afaff98339a7806ca3999b8.jpg?v=1787246959 | E9: 38896338108615 | F9: 47935109071047 | H9: GALLERY | I9: DIRECT_ORIGINAL_IMAGE | J9: 2026-09-07T17:56:21.200447+07:00 | K9: Directly inspected gallery image 3 for custom football player running with football comforter. | L9: Outdoor, sofa or lifestyle mockup connected to custom baseball batter photo blanket with Daniel. | M9: Custom Name Catcher Batter Baseball Baseball Throw, Baseball Blanket Gift Baseball Bedding Gift for Adult, Christmas New Years Gift for Baseball Player, Pitcher Gift (Baseball Design 07) | N9: SET | O9: Lifestyle or outdoor mockup of Custom Baseball Batter Photo Blanket | P9: FULL | Q9: FULL | R9: FULL | S9: FULL | T9: =IF(P9="FULL",40,IF(P9="PARTIAL",40/2,0))+IF(Q9="FULL",30,IF(Q9="PARTIAL",30/2,0))+IF(R9="FULL",20,IF(R9="PARTIAL",20/2,0))+IF(S9="FULL",10,IF(S9="PARTIAL",10/2,0)) | U9: =IF(P9="NOT_CHECKED",0,40)+IF(Q9="NOT_CHECKED",0,30)+IF(R9="NOT_CHECKED",0,20)+IF(S9="NOT_CHECKED",0,10) | V9: =IF(U9=100,T9,"") | W9: =T9 | X9: =T9+(100-U9) | Y9: [] | Z9: ["seo_runs\\jeminise.com\\20260906_234129\\evidence\\images\\82_custom-name-catcher-batter-baseball-baseball-throw-baseba-design-07\\image_03_47935109071047.jpg; seo_runs\\jeminise.com\\20260906_234129\\evidence\\contact_sheets\\82_custom-name-catcher-batter-baseball-baseball-throw-baseba-design-07.jpg", "https://jeminise.com/products/custom-name-catcher-batter-baseball-baseball-throw-baseba-design-07", "https://cdn.shopify.com/s/files/1/0792/5098/1063/files/6e96186d2d002dc62ad002ace465c535aa56a1079afaff98339a7806ca3999b8.jpg?v=1787246959"] | AA9: r3
A10: jeminise.com+custom-name-catcher-batter-baseball-baseball-throw-baseba-design-07 | B10: qaimg_e3d0b8b92cb908bd | C10: https://cdn.shopify.com/s/files/1/0792/5098/1063/files/165234ad21d4ee9166a08d007aead3df31f38947792af0457c6e1eb36784b516.jpg?v=1787246960 | D10: https://cdn.shopify.com/s/files/1/0792/5098/1063/files/165234ad21d4ee9166a08d007aead3df31f38947792af0457c6e1eb36784b516.jpg?v=1787246960 | E10: 38896338141383 | F10: 47935109103815 | H10: GALLERY | I10: DIRECT_ORIGINAL_IMAGE | J10: 2026-09-07T17:56:21.200447+07:00 | K10: Directly inspected gallery image 4 for custom football player running with football comforter. | L10: Customization, detail or additional lifestyle panel for custom baseball batter photo blanket with Daniel. | M10: Custom Name Catcher Batter Baseball Baseball Throw, Baseball Blanket Gift Baseball Bedding Gift for Adult, Christmas New Years Gift for Baseball Player, Pitcher Gift (Baseball Design 07) | N10: SET | O10: Customization or product detail image for Custom Baseball Batter Photo Blanket | P10: FULL | Q10: FULL | R10: FULL | S10: FULL | T10: =IF(P10="FULL",40,IF(P10="PARTIAL",40/2,0))+IF(Q10="FULL",30,IF(Q10="PARTIAL",30/2,0))+IF(R10="FULL",20,IF(R10="PARTIAL",20/2,0))+IF(S10="FULL",10,IF(S10="PARTIAL",10/2,0)) | U10: =IF(P10="NOT_CHECKED",0,40)+IF(Q10="NOT_CHECKED",0,30)+IF(R10="NOT_CHECKED",0,20)+IF(S10="NOT_CHECKED",0,10) | V10: =IF(U10=100,T10,"") | W10: =T10 | X10: =T10+(100-U10) | Y10: [] | Z10: ["seo_runs\\jeminise.com\\20260906_234129\\evidence\\images\\82_custom-name-catcher-batter-baseball-baseball-throw-baseba-design-07\\image_04_47935109103815.jpg; seo_runs\\jeminise.com\\20260906_234129\\evidence\\contact_sheets\\82_custom-name-catcher-batter-baseball-baseball-throw-baseba-design-07.jpg", "https://jeminise.com/products/custom-name-catcher-batter-baseball-baseball-throw-baseba-design-07", "https://cdn.shopify.com/s/files/1/0792/5098/1063/files/165234ad21d4ee9166a08d007aead3df31f38947792af0457c6e1eb36784b516.jpg?v=1787246960"] | AA10: r3
A11: jeminise.com+custom-name-catcher-batter-baseball-baseball-throw-baseba-design-07 | B11: qaimg_b66411d2b6372cd0 | C11: https://cdn.shopify.com/s/files/1/0792/5098/1063/files/c85129799aaab50bcf286664c0e307d26e83c44bc0739432e67478273d59e841.jpg?v=1787246959 | D11: https://cdn.shopify.com/s/files/1/0792/5098/1063/files/c85129799aaab50bcf286664c0e307d26e83c44bc0739432e67478273d59e841.jpg?v=1787246959 | E11: 38896338174151 | F11: 47935109136583 | H11: GALLERY | I11: DIRECT_ORIGINAL_IMAGE | J11: 2026-09-07T17:56:21.200447+07:00 | K11: Directly inspected gallery image 5 for custom football player running with football comforter. | L11: Additional mockup, material detail or use-case image for custom baseball batter photo blanket with Daniel. | M11: Custom Name Catcher Batter Baseball Baseball Throw, Baseball Blanket Gift Baseball Bedding Gift for Adult, Christmas New Years Gift for Baseball Player, Pitcher Gift (Baseball Design 07) | N11: SET | O11: Additional product mockup or material detail for Custom Baseball Batter Photo Blanket | P11: FULL | Q11: FULL | R11: FULL | S11: FULL | T11: =IF(P11="FULL",40,IF(P11="PARTIAL",40/2,0))+IF(Q11="FULL",30,IF(Q11="PARTIAL",30/2,0))+IF(R11="FULL",20,IF(R11="PARTIAL",20/2,0))+IF(S11="FULL",10,IF(S11="PARTIAL",10/2,0)) | U11: =IF(P11="NOT_CHECKED",0,40)+IF(Q11="NOT_CHECKED",0,30)+IF(R11="NOT_CHECKED",0,20)+IF(S11="NOT_CHECKED",0,10) | V11: =IF(U11=100,T11,"") | W11: =T11 | X11: =T11+(100-U11) | Y11: [] | Z11: ["seo_runs\\jeminise.com\\20260906_234129\\evidence\\images\\82_custom-name-catcher-batter-baseball-baseball-throw-baseba-design-07\\image_05_47935109136583.jpg; seo_runs\\jeminise.com\\20260906_234129\\evidence\\contact_sheets\\82_custom-name-catcher-batter-baseball-baseball-throw-baseba-design-07.jpg", "https://jeminise.com/products/custom-name-catcher-batter-baseball-baseball-throw-baseba-design-07", "https://cdn.shopify.com/s/files/1/0792/5098/1063/files/c85129799aaab50bcf286664c0e307d26e83c44bc0739432e67478273d59e841.jpg?v=1787246959"] | AA11: r3
A12: jeminise.com+custom-name-catcher-batter-baseball-baseball-throw-baseba-design-07 | B12: qaimg_215002180b8e5d7a | C12: https://cdn.shopify.com/s/files/1/0792/5098/1063/files/fa6a21db2ff31ac292ba025f7228eb970443c0a6c06798f4d1f75be8351e49dc.jpg?v=1787246959 | D12: https://cdn.shopify.com/s/files/1/0792/5098/1063/files/fa6a21db2ff31ac292ba025f7228eb970443c0a6c06798f4d1f75be8351e49dc.jpg?v=1787246959 | E12: 38896338206919 | F12: 47935109169351 | H12: GALLERY | I12: DIRECT_ORIGINAL_IMAGE | J12: 2026-09-07T17:56:21.200447+07:00 | K12: Directly inspected gallery image 6 for custom football player running with football comforter. | L12: Additional lifestyle or product detail image showing custom baseball batter photo blanket with Daniel. | M12: Custom Name Catcher Batter Baseball Baseball Throw, Baseball Blanket Gift Baseball Bedding Gift for Adult, Christmas New Years Gift for Baseball Player, Pitcher Gift (Baseball Design 07) | N12: SET | O12: Additional lifestyle image for Custom Baseball Batter Photo Blanket | P12: FULL | Q12: FULL | R12: FULL | S12: FULL | T12: =IF(P12="FULL",40,IF(P12="PARTIAL",40/2,0))+IF(Q12="FULL",30,IF(Q12="PARTIAL",30/2,0))+IF(R12="FULL",20,IF(R12="PARTIAL",20/2,0))+IF(S12="FULL",10,IF(S12="PARTIAL",10/2,0)) | U12: =IF(P12="NOT_CHECKED",0,40)+IF(Q12="NOT_CHECKED",0,30)+IF(R12="NOT_CHECKED",0,20)+IF(S12="NOT_CHECKED",0,10) | V12: =IF(U12=100,T12,"") | W12: =T12 | X12: =T12+(100-U12) | Y12: [] | Z12: ["seo_runs\\jeminise.com\\20260906_234129\\evidence\\images\\82_custom-name-catcher-batter-baseball-baseball-throw-baseba-design-07\\image_06_47935109169351.jpg; seo_runs\\jeminise.com\\20260906_234129\\evidence\\contact_sheets\\82_custom-name-catcher-batter-baseball-baseball-throw-baseba-design-07.jpg", "https://jeminise.com/products/custom-name-catcher-batter-baseball-baseball-throw-baseba-design-07", "https://cdn.shopify.com/s/files/1/0792/5098/1063/files/fa6a21db2ff31ac292ba025f7228eb970443c0a6c06798f4d1f75be8351e49dc.jpg?v=1787246959"] | AA12: r3
A13: jeminise.com+custom-name-catcher-batter-baseball-baseball-throw-baseba-design-10 | B13: qaimg_55951a06d9a1ced3 | C13: https://cdn.shopify.com/s/files/1/0792/5098/1063/files/8123d43716c5a8ebebb452e03b8d1159b0961ab96c5805c9bd290732d85283e3.jpg?v=1787246908 | D13: https://cdn.shopify.com/s/files/1/0792/5098/1063/files/8123d43716c5a8ebebb452e03b8d1159b0961ab96c5805c9bd290732d85283e3.jpg?v=1787246908 | E13: 38896319037639 | F13: 47935090098375 | H13: GALLERY | I13: DIRECT_ORIGINAL_IMAGE | J13: 2026-09-07T17:56:21.200447+07:00 | K13: Directly inspected gallery image 1 for custom football player American flag comforter. | L13: Main product or lifestyle mockup showing personalized baseball batter quote blanket with Christopher number 22. | M13: Custom Name Catcher Batter Baseball Baseball Throw, Baseball Blanket Gift Baseball Bedding Gift for Adult, Christmas New Years Gift for Baseball Player, Pitcher Gift (Baseball Design 10) | N13: SET | O13: Personalized Baseball Batter Quote Blanket displayed in a main product mockup | P13: FULL | Q13: FULL | R13: FULL | S13: FULL | T13: =IF(P13="FULL",40,IF(P13="PARTIAL",40/2,0))+IF(Q13="FULL",30,IF(Q13="PARTIAL",30/2,0))+IF(R13="FULL",20,IF(R13="PARTIAL",20/2,0))+IF(S13="FULL",10,IF(S13="PARTIAL",10/2,0)) | U13: =IF(P13="NOT_CHECKED",0,40)+IF(Q13="NOT_CHECKED",0,30)+IF(R13="NOT_CHECKED",0,20)+IF(S13="NOT_CHECKED",0,10) | V13: =IF(U13=100,T13,"") | W13: =T13 | X13: =T13+(100-U13) | Y13: [] | Z13: ["seo_runs\\jeminise.com\\20260906_234129\\evidence\\images\\83_custom-name-catcher-batter-baseball-baseball-throw-baseba-design-10\\image_01_47935090098375.jpg; seo_runs\\jeminise.com\\20260906_234129\\evidence\\contact_sheets\\83_custom-name-catcher-batter-baseball-baseball-throw-baseba-design-10.jpg", "https://jeminise.com/products/custom-name-catcher-batter-baseball-baseball-throw-baseba-design-10", "https://cdn.shopify.com/s/files/1/0792/5098/1063/files/8123d43716c5a8ebebb452e03b8d1159b0961ab96c5805c9bd290732d85283e3.jpg?v=1787246908"] | AA13: r3
... A60: jeminise.com+custom-name-catcher-batter-baseball-baseball-throw-baseball-blanket | B60: qaimg_9bf68963d2353cd1 | C60: https://cdn.shopify.com/s/files/1/0792/5098/1063/files/e4deb7c65a84dd566e76f49f7ac84cfde5ffca2a629c0c4797152647ec382692.jpg?v=1787246887 | D60: https://cdn.shopify.com/s/files/1/0792/5098/1063/files/e4deb7c65a84dd566e76f49f7ac84cfde5ffca2a629c0c4797152647ec382692.jpg?v=1787246887 | E60: 38896314286279 | F60: 47935085412551 | H60: GALLERY | I60: DIRECT_ORIGINAL_IMAGE | J60: 2026-09-07T17:56:21.200447+07:00 | K60: Directly inspected gallery image 4 for custom inspirational scripture butterfly blanket. | L60: Customization, detail or additional lifestyle panel for personalized God says you are baseball blanket with name. | M60: Custom Name Catcher Batter Baseball Baseball Throw, Baseball Blanket Gift Baseball Bedding Gift for Adult, Christmas New Years Gift for Baseball Player, Pitcher Gift (Baseball Design 02) | N60: SET | O60: Customization or product detail image for Personalized God Says You Are Baseball Blanket | P60: FULL | Q60: FULL | R60: FULL | S60: FULL | T60: =IF(P60="FULL",40,IF(P60="PARTIAL",40/2,0))+IF(Q60="FULL",30,IF(Q60="PARTIAL",30/2,0))+IF(R60="FULL",20,IF(R60="PARTIAL",20/2,0))+IF(S60="FULL",10,IF(S60="PARTIAL",10/2,0)) | U60: =IF(P60="NOT_CHECKED",0,40)+IF(Q60="NOT_CHECKED",0,30)+IF(R60="NOT_CHECKED",0,20)+IF(S60="NOT_CHECKED",0,10) | V60: =IF(U60=100,T60,"") | W60: =T60 | X60: =T60+(100-U60) | Y60: [] | Z60: ["seo_runs\\jeminise.com\\20260906_234129\\evidence\\images\\90_custom-name-catcher-batter-baseball-baseball-throw-baseball-blanket\\image_04_47935085412551.jpg; seo_runs\\jeminise.com\\20260906_234129\\evidence\\contact_sheets\\90_custom-name-catcher-batter-baseball-baseball-throw-baseball-blanket.jpg", "https://jeminise.com/products/custom-name-catcher-batter-baseball-baseball-throw-baseball-blanket", "https://cdn.shopify.com/s/files/1/0792/5098/1063/files/e4deb7c65a84dd566e76f49f7ac84cfde5ffca2a629c0c4797152647ec382692.jpg?v=1787246887"] | AA60: r3

Sheet QA_Issues
A1: issue_id | B1: product_key | C1: qa_image_key | D1: severity | E1: field | F1: submitted_value | G1: source_observation | H1: reason | I1: recommended_fix | J1: supporting_evidence | K1: recheck_condition
A2: R3-LIM-SNAPSHOT | D2: LIMITATION | E2: historical snapshot | F2: Unavailable | G2: r3 source/admin evidence available | H2: Historical limitation only | I2: Capture HTML snapshot | J2: resutls\jeminise.com\20260906_234129\revisions\qa_batch_009_r3\SEO_Product_Optimization_qa_batch_009_r3.xlsx | K2: Compare snapshots
