Workbook

Sheet QA_Summary
A1: metric | B1: value | C1: definition
A2: rubric_version | B2: prompt_qa.md v1.0 | C2: Independent QA rubric.
A3: shop_domain | B3: jeminise.com | C3: Shop.
A4: source_run_id | B4: 20260906_234129 | C4: Drafting run.
A5: qa_run_id | B5: 20260908_012000 | C5: This re-QA run.
A6: qa_batch_id | B6: qa_batch_012 | C6: Fixed scope.
A7: revision | B7: r3 | C7: Workbook revision assessed.
A8: source_workbook | B8: D:\Shopify_Workspace\jeminise_seo\resutls\jeminise.com\20260906_234129\revisions\qa_batch_012_r3\SEO_Product_Optimization_qa_batch_012_r3.xlsx | C8: Frozen r3 source.
A9: source_sha256 | B9: A496B606FFCC03969EA7BEAC56F223E03B57E9669EFDA95928D7E6A0AAA76874 | C9: Hash at freeze and handoff.
A10: scope | B10: 10 products, 72/72 images (100%) | C10: Inventory positions 111–120.
A11: batch_final_score | B11: =AVERAGE('QA_Products'!$K$2:$K$11) | C11: Average formula-driven final scores.
A12: batch_result | B12: =IF(COUNTIF('QA_Products'!$L$2:$L$11,"QA_PASS")=ROWS('QA_Products'!$L$2:$L$11),"PASSED","NOT_PASSED") | C12: All products QA_PASS.
A13: status_counts | B13: ="PASS="&COUNTIF('QA_Products'!$L$2:$L$11,"QA_PASS")&"; REVISE="&COUNTIF('QA_Products'!$L$2:$L$11,"QA_REVISE")&"; FAIL="&COUNTIF('QA_Products'!$L$2:$L$11,"QA_FAIL")&"; INCOMPLETE="&COUNTIF('QA_Products'!$L$2:$L$11,"QA_INCOMPLETE") | C13: Final rubric statuses.
A14: issue_counts | B14: CRITICAL=0; MAJOR=0; MINOR=0; LIMITATION=10 | C14: Findings by severity.
A15: awaiting_confirmation | B15: TRUE | C15: Do not assess another batch without instruction.

Sheet QA_Products
A1: inventory_position | B1: product_key | C1: url | D1: handle | E1: product_id | F1: revision | G1: verified_points | H1: assessed_weight | I1: score_lower_bound | J1: score_upper_bound | K1: final_score | L1: qa_status | M1: keyword_evidence_level | N1: images_expected | O1: images_checked | P1: image_inventory_complete | Q1: image_coverage | R1: critical_count | S1: major_count | T1: minor_count | U1: limitation_count | V1: issue_refs | W1: evidence_refs
A2: 111 | B2: jeminise.com+custom-soccer-player-custom-name-number-comforter-set-boys-room-decor | C2: https://jeminise.com/products/custom-soccer-player-custom-name-number-comforter-set-boys-room-decor | D2: custom-soccer-player-custom-name-number-comforter-set-boys-room-decor | E2: 8860497772743 | F2: r3 | G2: =SUMIF('QA_Criteria'!$A$2:$A$111,B2,'QA_Criteria'!$F$2:$F$111) | H2: =SUMIF('QA_Criteria'!$A$2:$A$111,B2,'QA_Criteria'!$G$2:$G$111) | I2: =G2 | J2: =G2+(100-H2) | K2: =IF(AND(H2=100,Q2=1,P2=TRUE),G2,"") | L2: =IF(R2>0,"QA_FAIL",IF(K2="","QA_INCOMPLETE",IF(K2<70,"QA_FAIL",IF(OR(K2<85,S2>0),"QA_REVISE","QA_PASS")))) | M2: SERP_ONLY | N2: 8 | O2: 8 | P2: TRUE | Q2: 1 | R2: =COUNTIFS('QA_Issues'!$B$2:$B$11,B2,'QA_Issues'!$D$2:$D$11,"CRITICAL") | S2: =COUNTIFS('QA_Issues'!$B$2:$B$11,B2,'QA_Issues'!$D$2:$D$11,"MAJOR") | T2: =COUNTIFS('QA_Issues'!$B$2:$B$11,B2,'QA_Issues'!$D$2:$D$11,"MINOR") | U2: =COUNTIFS('QA_Issues'!$B$2:$B$11,B2,'QA_Issues'!$D$2:$D$11,"LIMITATION") | V2: ISSUE-0001 | W2: evidence_batch_012_111; live_source_comparison; customizer_audit; serp_evidence
A3: 112 | B3: jeminise.com+custom-soccer-player-goal-comforter-set-machine-washable-design-8 | C3: https://jeminise.com/products/custom-soccer-player-goal-comforter-set-machine-washable-design-8 | D3: custom-soccer-player-goal-comforter-set-machine-washable-design-8 | E3: 8860498198727 | F3: r3 | G3: =SUMIF('QA_Criteria'!$A$2:$A$111,B3,'QA_Criteria'!$F$2:$F$111) | H3: =SUMIF('QA_Criteria'!$A$2:$A$111,B3,'QA_Criteria'!$G$2:$G$111) | I3: =G3 | J3: =G3+(100-H3) | K3: =IF(AND(H3=100,Q3=1,P3=TRUE),G3,"") | L3: =IF(R3>0,"QA_FAIL",IF(K3="","QA_INCOMPLETE",IF(K3<70,"QA_FAIL",IF(OR(K3<85,S3>0),"QA_REVISE","QA_PASS")))) | M3: SERP_ONLY | N3: 8 | O3: 8 | P3: TRUE | Q3: 1 | R3: =COUNTIFS('QA_Issues'!$B$2:$B$11,B3,'QA_Issues'!$D$2:$D$11,"CRITICAL") | S3: =COUNTIFS('QA_Issues'!$B$2:$B$11,B3,'QA_Issues'!$D$2:$D$11,"MAJOR") | T3: =COUNTIFS('QA_Issues'!$B$2:$B$11,B3,'QA_Issues'!$D$2:$D$11,"MINOR") | U3: =COUNTIFS('QA_Issues'!$B$2:$B$11,B3,'QA_Issues'!$D$2:$D$11,"LIMITATION") | V3: ISSUE-0002 | W3: evidence_batch_012_112; live_source_comparison; customizer_audit; serp_evidence
A4: 113 | B4: jeminise.com+custom-soccer-player-paint-splatter-comforter-set-machine-washable | C4: https://jeminise.com/products/custom-soccer-player-paint-splatter-comforter-set-machine-washable | D4: custom-soccer-player-paint-splatter-comforter-set-machine-washable | E4: 8860498133191 | F4: r3 | G4: =SUMIF('QA_Criteria'!$A$2:$A$111,B4,'QA_Criteria'!$F$2:$F$111) | H4: =SUMIF('QA_Criteria'!$A$2:$A$111,B4,'QA_Criteria'!$G$2:$G$111) | I4: =G4 | J4: =G4+(100-H4) | K4: =IF(AND(H4=100,Q4=1,P4=TRUE),G4,"") | L4: =IF(R4>0,"QA_FAIL",IF(K4="","QA_INCOMPLETE",IF(K4<70,"QA_FAIL",IF(OR(K4<85,S4>0),"QA_REVISE","QA_PASS")))) | M4: SERP_ONLY | N4: 8 | O4: 8 | P4: TRUE | Q4: 1 | R4: =COUNTIFS('QA_Issues'!$B$2:$B$11,B4,'QA_Issues'!$D$2:$D$11,"CRITICAL") | S4: =COUNTIFS('QA_Issues'!$B$2:$B$11,B4,'QA_Issues'!$D$2:$D$11,"MAJOR") | T4: =COUNTIFS('QA_Issues'!$B$2:$B$11,B4,'QA_Issues'!$D$2:$D$11,"MINOR") | U4: =COUNTIFS('QA_Issues'!$B$2:$B$11,B4,'QA_Issues'!$D$2:$D$11,"LIMITATION") | V4: ISSUE-0003 | W4: evidence_batch_012_113; live_source_comparison; customizer_audit; serp_evidence
A5: 114 | B5: jeminise.com+custom-softball-comforter-set-for-girls-personalized-name-number | C5: https://jeminise.com/products/custom-softball-comforter-set-for-girls-personalized-name-number | D5: custom-softball-comforter-set-for-girls-personalized-name-number | E5: 8867220553927 | F5: r3 | G5: =SUMIF('QA_Criteria'!$A$2:$A$111,B5,'QA_Criteria'!$F$2:$F$111) | H5: =SUMIF('QA_Criteria'!$A$2:$A$111,B5,'QA_Criteria'!$G$2:$G$111) | I5: =G5 | J5: =G5+(100-H5) | K5: =IF(AND(H5=100,Q5=1,P5=TRUE),G5,"") | L5: =IF(R5>0,"QA_FAIL",IF(K5="","QA_INCOMPLETE",IF(K5<70,"QA_FAIL",IF(OR(K5<85,S5>0),"QA_REVISE","QA_PASS")))) | M5: SERP_ONLY | N5: 7 | O5: 7 | P5: TRUE | Q5: 1 | R5: =COUNTIFS('QA_Issues'!$B$2:$B$11,B5,'QA_Issues'!$D$2:$D$11,"CRITICAL") | S5: =COUNTIFS('QA_Issues'!$B$2:$B$11,B5,'QA_Issues'!$D$2:$D$11,"MAJOR") | T5: =COUNTIFS('QA_Issues'!$B$2:$B$11,B5,'QA_Issues'!$D$2:$D$11,"MINOR") | U5: =COUNTIFS('QA_Issues'!$B$2:$B$11,B5,'QA_Issues'!$D$2:$D$11,"LIMITATION") | V5: ISSUE-0004 | W5: evidence_batch_012_114; live_source_comparison; customizer_audit; serp_evidence
A6: 115 | B6: jeminise.com+custom-sports-and-patriotism-football-on-american-flag-background-comforter-510823ee16-510823ee16 | C6: https://jeminise.com/products/custom-sports-and-patriotism-football-on-american-flag-background-comforter-510823ee16-510823ee16 | D6: custom-sports-and-patriotism-football-on-american-flag-background-comforter-510823ee16-510823ee16 | E6: 8834771779783 | F6: r3 | G6: =SUMIF('QA_Criteria'!$A$2:$A$111,B6,'QA_Criteria'!$F$2:$F$111) | H6: =SUMIF('QA_Criteria'!$A$2:$A$111,B6,'QA_Criteria'!$G$2:$G$111) | I6: =G6 | J6: =G6+(100-H6) | K6: =IF(AND(H6=100,Q6=1,P6=TRUE),G6,"") | L6: =IF(R6>0,"QA_FAIL",IF(K6="","QA_INCOMPLETE",IF(K6<70,"QA_FAIL",IF(OR(K6<85,S6>0),"QA_REVISE","QA_PASS")))) | M6: SERP_ONLY | N6: 6 | O6: 6 | P6: TRUE | Q6: 1 | R6: =COUNTIFS('QA_Issues'!$B$2:$B$11,B6,'QA_Issues'!$D$2:$D$11,"CRITICAL") | S6: =COUNTIFS('QA_Issues'!$B$2:$B$11,B6,'QA_Issues'!$D$2:$D$11,"MAJOR") | T6: =COUNTIFS('QA_Issues'!$B$2:$B$11,B6,'QA_Issues'!$D$2:$D$11,"MINOR") | U6: =COUNTIFS('QA_Issues'!$B$2:$B$11,B6,'QA_Issues'!$D$2:$D$11,"LIMITATION") | V6: ISSUE-0005 | W6: evidence_batch_012_115; live_source_comparison; customizer_audit; serp_evidence
A7: 116 | B7: jeminise.com+custom-transportation-semi-truck-on-geometric-background-comforter-284b7a6d0a-284b7a6d0a | C7: https://jeminise.com/products/custom-transportation-semi-truck-on-geometric-background-comforter-284b7a6d0a-284b7a6d0a | D7: custom-transportation-semi-truck-on-geometric-background-comforter-284b7a6d0a-284b7a6d0a | E7: 8835553001671 | F7: r3 | G7: =SUMIF('QA_Criteria'!$A$2:$A$111,B7,'QA_Criteria'!$F$2:$F$111) | H7: =SUMIF('QA_Criteria'!$A$2:$A$111,B7,'QA_Criteria'!$G$2:$G$111) | I7: =G7 | J7: =G7+(100-H7) | K7: =IF(AND(H7=100,Q7=1,P7=TRUE),G7,"") | L7: =IF(R7>0,"QA_FAIL",IF(K7="","QA_INCOMPLETE",IF(K7<70,"QA_FAIL",IF(OR(K7<85,S7>0),"QA_REVISE","QA_PASS")))) | M7: SERP_ONLY | N7: 7 | O7: 7 | P7: TRUE | Q7: 1 | R7: =COUNTIFS('QA_Issues'!$B$2:$B$11,B7,'QA_Issues'!$D$2:$D$11,"CRITICAL") | S7: =COUNTIFS('QA_Issues'!$B$2:$B$11,B7,'QA_Issues'!$D$2:$D$11,"MAJOR") | T7: =COUNTIFS('QA_Issues'!$B$2:$B$11,B7,'QA_Issues'!$D$2:$D$11,"MINOR") | U7: =COUNTIFS('QA_Issues'!$B$2:$B$11,B7,'QA_Issues'!$D$2:$D$11,"LIMITATION") | V7: ISSUE-0006 | W7: evidence_batch_012_116; live_source_comparison; customizer_audit; serp_evidence
A8: 117 | B8: jeminise.com+custom-tree-of-life-quilt-set-yggdrasil-bedding-97b4844050-97b4844050 | C8: https://jeminise.com/products/custom-tree-of-life-quilt-set-yggdrasil-bedding-97b4844050-97b4844050 | D8: custom-tree-of-life-quilt-set-yggdrasil-bedding-97b4844050-97b4844050 | E8: 8833356955847 | F8: r3 | G8: =SUMIF('QA_Criteria'!$A$2:$A$111,B8,'QA_Criteria'!$F$2:$F$111) | H8: =SUMIF('QA_Criteria'!$A$2:$A$111,B8,'QA_Criteria'!$G$2:$G$111) | I8: =G8 | J8: =G8+(100-H8) | K8: =IF(AND(H8=100,Q8=1,P8=TRUE),G8,"") | L8: =IF(R8>0,"QA_FAIL",IF(K8="","QA_INCOMPLETE",IF(K8<70,"QA_FAIL",IF(OR(K8<85,S8>0),"QA_REVISE","QA_PASS")))) | M8: SERP_ONLY | N8: 7 | O8: 7 | P8: TRUE | Q8: 1 | R8: =COUNTIFS('QA_Issues'!$B$2:$B$11,B8,'QA_Issues'!$D$2:$D$11,"CRITICAL") | S8: =COUNTIFS('QA_Issues'!$B$2:$B$11,B8,'QA_Issues'!$D$2:$D$11,"MAJOR") | T8: =COUNTIFS('QA_Issues'!$B$2:$B$11,B8,'QA_Issues'!$D$2:$D$11,"MINOR") | U8: =COUNTIFS('QA_Issues'!$B$2:$B$11,B8,'QA_Issues'!$D$2:$D$11,"LIMITATION") | V8: ISSUE-0007 | W8: evidence_batch_012_117; live_source_comparison; customizer_audit; serp_evidence
A9: 118 | B9: jeminise.com+custom-tree-of-life-quilt-set-yggdrasil-bedding-0038a4731b-0038a4731b | C9: https://jeminise.com/products/custom-tree-of-life-quilt-set-yggdrasil-bedding-0038a4731b-0038a4731b | D9: custom-tree-of-life-quilt-set-yggdrasil-bedding-0038a4731b-0038a4731b | E9: 8833357742279 | F9: r3 | G9: =SUMIF('QA_Criteria'!$A$2:$A$111,B9,'QA_Criteria'!$F$2:$F$111) | H9: =SUMIF('QA_Criteria'!$A$2:$A$111,B9,'QA_Criteria'!$G$2:$G$111) | I9: =G9 | J9: =G9+(100-H9) | K9: =IF(AND(H9=100,Q9=1,P9=TRUE),G9,"") | L9: =IF(R9>0,"QA_FAIL",IF(K9="","QA_INCOMPLETE",IF(K9<70,"QA_FAIL",IF(OR(K9<85,S9>0),"QA_REVISE","QA_PASS")))) | M9: SERP_ONLY | N9: 7 | O9: 7 | P9: TRUE | Q9: 1 | R9: =COUNTIFS('QA_Issues'!$B$2:$B$11,B9,'QA_Issues'!$D$2:$D$11,"CRITICAL") | S9: =COUNTIFS('QA_Issues'!$B$2:$B$11,B9,'QA_Issues'!$D$2:$D$11,"MAJOR") | T9: =COUNTIFS('QA_Issues'!$B$2:$B$11,B9,'QA_Issues'!$D$2:$D$11,"MINOR") | U9: =COUNTIFS('QA_Issues'!$B$2:$B$11,B9,'QA_Issues'!$D$2:$D$11,"LIMITATION") | V9: ISSUE-0008 | W9: evidence_batch_012_118; live_source_comparison; customizer_audit; serp_evidence
A10: 119 | B10: jeminise.com+custom-trucking-semi-truck-breaking-through-stone-wall-comforter-7a6b616ec4-7a6b616ec4 | C10: https://jeminise.com/products/custom-trucking-semi-truck-breaking-through-stone-wall-comforter-7a6b616ec4-7a6b616ec4 | D10: custom-trucking-semi-truck-breaking-through-stone-wall-comforter-7a6b616ec4-7a6b616ec4 | E10: 8835559260359 | F10: r3 | G10: =SUMIF('QA_Criteria'!$A$2:$A$111,B10,'QA_Criteria'!$F$2:$F$111) | H10: =SUMIF('QA_Criteria'!$A$2:$A$111,B10,'QA_Criteria'!$G$2:$G$111) | I10: =G10 | J10: =G10+(100-H10) | K10: =IF(AND(H10=100,Q10=1,P10=TRUE),G10,"") | L10: =IF(R10>0,"QA_FAIL",IF(K10="","QA_INCOMPLETE",IF(K10<70,"QA_FAIL",IF(OR(K10<85,S10>0),"QA_REVISE","QA_PASS")))) | M10: SERP_ONLY | N10: 7 | O10: 7 | P10: TRUE | Q10: 1 | R10: =COUNTIFS('QA_Issues'!$B$2:$B$11,B10,'QA_Issues'!$D$2:$D$11,"CRITICAL") | S10: =COUNTIFS('QA_Issues'!$B$2:$B$11,B10,'QA_Issues'!$D$2:$D$11,"MAJOR") | T10: =COUNTIFS('QA_Issues'!$B$2:$B$11,B10,'QA_Issues'!$D$2:$D$11,"MINOR") | U10: =COUNTIFS('QA_Issues'!$B$2:$B$11,B10,'QA_Issues'!$D$2:$D$11,"LIMITATION") | V10: ISSUE-0009 | W10: evidence_batch_012_119; live_source_comparison; customizer_audit; serp_evidence
A11: 120 | B11: jeminise.com+custom-trucking-semi-truck-breaking-through-stone-wall-comforter-01281fb2d3-01281fb2d3 | C11: https://jeminise.com/products/custom-trucking-semi-truck-breaking-through-stone-wall-comforter-01281fb2d3-01281fb2d3 | D11: custom-trucking-semi-truck-breaking-through-stone-wall-comforter-01281fb2d3-01281fb2d3 | E11: 8835560276167 | F11: r3 | G11: =SUMIF('QA_Criteria'!$A$2:$A$111,B11,'QA_Criteria'!$F$2:$F$111) | H11: =SUMIF('QA_Criteria'!$A$2:$A$111,B11,'QA_Criteria'!$G$2:$G$111) | I11: =G11 | J11: =G11+(100-H11) | K11: =IF(AND(H11=100,Q11=1,P11=TRUE),G11,"") | L11: =IF(R11>0,"QA_FAIL",IF(K11="","QA_INCOMPLETE",IF(K11<70,"QA_FAIL",IF(OR(K11<85,S11>0),"QA_REVISE","QA_PASS")))) | M11: SERP_ONLY | N11: 7 | O11: 7 | P11: TRUE | Q11: 1 | R11: =COUNTIFS('QA_Issues'!$B$2:$B$11,B11,'QA_Issues'!$D$2:$D$11,"CRITICAL") | S11: =COUNTIFS('QA_Issues'!$B$2:$B$11,B11,'QA_Issues'!$D$2:$D$11,"MAJOR") | T11: =COUNTIFS('QA_Issues'!$B$2:$B$11,B11,'QA_Issues'!$D$2:$D$11,"MINOR") | U11: =COUNTIFS('QA_Issues'!$B$2:$B$11,B11,'QA_Issues'!$D$2:$D$11,"LIMITATION") | V11: ISSUE-0010 | W11: evidence_batch_012_120; live_source_comparison; customizer_audit; serp_evidence

Sheet QA_Criteria
A1: product_key | B1: criterion_id | C1: weight | D1: assessment | E1: rating | F1: earned_points | G1: assessed_weight | H1: reason | I1: evidence_refs | J1: issue_refs
A2: jeminise.com+custom-soccer-player-custom-name-number-comforter-set-boys-room-decor | B2: P1 | C2: 15 | D2: FULL | E2: =IF(B2="I1",AVERAGEIF('QA_Images'!$A$2:$A$73,A2,'QA_Images'!$R$2:$R$73)/100,IF(D2="FULL",1,IF(D2="PARTIAL",0.5,IF(D2="FAIL",0,"")))) | F2: =IF(E2="",0,C2*E2) | G2: =IF(B2="I1",20*AVERAGEIF('QA_Images'!$A$2:$A$73,A2,'QA_Images'!$S$2:$S$73)/100,IF(D2="NOT_CHECKED",0,C2)) | H2: Product key, handle, ID, URL and canonical match the frozen r3 workbook and retained live comparison. | I2: evidence_batch_012_111; source_snapshot; live_source_comparison; customizer_audit; serp_evidence | J2: ISSUE-0001
A3: jeminise.com+custom-soccer-player-custom-name-number-comforter-set-boys-room-decor | B3: P2 | C3: 10 | D3: FULL | E3: =IF(B3="I1",AVERAGEIF('QA_Images'!$A$2:$A$73,A3,'QA_Images'!$R$2:$R$73)/100,IF(D3="FULL",1,IF(D3="PARTIAL",0.5,IF(D3="FAIL",0,"")))) | F3: =IF(E3="",0,C3*E3) | G3: =IF(B3="I1",20*AVERAGEIF('QA_Images'!$A$2:$A$73,A3,'QA_Images'!$S$2:$S$73)/100,IF(D3="NOT_CHECKED",0,C3)) | H3: Visible design facts are supported by direct gallery assets; static customizer configuration is present. Admin fulfillment mapping was not supplied. | I3: evidence_batch_012_111; source_snapshot; live_source_comparison; customizer_audit; serp_evidence | J3: ISSUE-0001
A4: jeminise.com+custom-soccer-player-custom-name-number-comforter-set-boys-room-decor | B4: K1 | C4: 10 | D4: PARTIAL | E4: =IF(B4="I1",AVERAGEIF('QA_Images'!$A$2:$A$73,A4,'QA_Images'!$R$2:$R$73)/100,IF(D4="FULL",1,IF(D4="PARTIAL",0.5,IF(D4="FAIL",0,"")))) | F4: =IF(E4="",0,C4*E4) | G4: =IF(B4="I1",20*AVERAGEIF('QA_Images'!$A$2:$A$73,A4,'QA_Images'!$S$2:$S$73)/100,IF(D4="NOT_CHECKED",0,C4)) | H4: Product-specific long-tail is relevant, but demand support is only public SERP evidence. | I4: evidence_batch_012_111; source_snapshot; live_source_comparison; customizer_audit; serp_evidence | J4: ISSUE-0001
A5: jeminise.com+custom-soccer-player-custom-name-number-comforter-set-boys-room-decor | B5: K2 | C5: 5 | D5: FULL | E5: =IF(B5="I1",AVERAGEIF('QA_Images'!$A$2:$A$73,A5,'QA_Images'!$R$2:$R$73)/100,IF(D5="FULL",1,IF(D5="PARTIAL",0.5,IF(D5="FAIL",0,"")))) | F5: =IF(E5="",0,C5*E5) | G5: =IF(B5="I1",20*AVERAGEIF('QA_Images'!$A$2:$A$73,A5,'QA_Images'!$S$2:$S$73)/100,IF(D5="NOT_CHECKED",0,C5)) | H5: Primary queries distinguish motif/color and product type within the batch cluster. | I5: evidence_batch_012_111; source_snapshot; live_source_comparison; customizer_audit; serp_evidence | J5: ISSUE-0001
A6: jeminise.com+custom-soccer-player-custom-name-number-comforter-set-boys-room-decor | B6: K3 | C6: 5 | D6: PARTIAL | E6: =IF(B6="I1",AVERAGEIF('QA_Images'!$A$2:$A$73,A6,'QA_Images'!$R$2:$R$73)/100,IF(D6="FULL",1,IF(D6="PARTIAL",0.5,IF(D6="FAIL",0,"")))) | F6: =IF(E6="",0,C6*E6) | G6: =IF(B6="I1",20*AVERAGEIF('QA_Images'!$A$2:$A$73,A6,'QA_Images'!$S$2:$S$73)/100,IF(D6="NOT_CHECKED",0,C6)) | H6: SERP_ONLY is honestly labelled; no volume, ranking or demand magnitude claim is used. | I6: evidence_batch_012_111; source_snapshot; live_source_comparison; customizer_audit; serp_evidence | J6: ISSUE-0001
A7: jeminise.com+custom-soccer-player-custom-name-number-comforter-set-boys-room-decor | B7: T1 | C7: 10 | D7: FULL | E7: =IF(B7="I1",AVERAGEIF('QA_Images'!$A$2:$A$73,A7,'QA_Images'!$R$2:$R$73)/100,IF(D7="FULL",1,IF(D7="PARTIAL",0.5,IF(D7="FAIL",0,"")))) | F7: =IF(E7="",0,C7*E7) | G7: =IF(B7="I1",20*AVERAGEIF('QA_Images'!$A$2:$A$73,A7,'QA_Images'!$S$2:$S$73)/100,IF(D7="NOT_CHECKED",0,C7)) | H7: SEO title is concise English and matches the visible design/product type. | I7: evidence_batch_012_111; source_snapshot; live_source_comparison; customizer_audit; serp_evidence | J7: ISSUE-0001
A8: jeminise.com+custom-soccer-player-custom-name-number-comforter-set-boys-room-decor | B8: T2 | C8: 5 | D8: FULL | E8: =IF(B8="I1",AVERAGEIF('QA_Images'!$A$2:$A$73,A8,'QA_Images'!$R$2:$R$73)/100,IF(D8="FULL",1,IF(D8="PARTIAL",0.5,IF(D8="FAIL",0,"")))) | F8: =IF(E8="",0,C8*E8) | G8: =IF(B8="I1",20*AVERAGEIF('QA_Images'!$A$2:$A$73,A8,'QA_Images'!$S$2:$S$73)/100,IF(D8="NOT_CHECKED",0,C8)) | H8: Proposed product title is a natural, product-specific H1 candidate. | I8: evidence_batch_012_111; source_snapshot; live_source_comparison; customizer_audit; serp_evidence | J8: ISSUE-0001
A9: jeminise.com+custom-soccer-player-custom-name-number-comforter-set-boys-room-decor | B9: D1 | C9: 5 | D9: FULL | E9: =IF(B9="I1",AVERAGEIF('QA_Images'!$A$2:$A$73,A9,'QA_Images'!$R$2:$R$73)/100,IF(D9="FULL",1,IF(D9="PARTIAL",0.5,IF(D9="FAIL",0,"")))) | F9: =IF(E9="",0,C9*E9) | G9: =IF(B9="I1",20*AVERAGEIF('QA_Images'!$A$2:$A$73,A9,'QA_Images'!$S$2:$S$73)/100,IF(D9="NOT_CHECKED",0,C9)) | H9: SET HTML is customer-facing and contains no draft, import or QA workflow language. | I9: evidence_batch_012_111; source_snapshot; live_source_comparison; customizer_audit; serp_evidence | J9: ISSUE-0001
A10: jeminise.com+custom-soccer-player-custom-name-number-comforter-set-boys-room-decor | B10: D2 | C10: 10 | D10: PARTIAL | E10: =IF(B10="I1",AVERAGEIF('QA_Images'!$A$2:$A$73,A10,'QA_Images'!$R$2:$R$73)/100,IF(D10="FULL",1,IF(D10="PARTIAL",0.5,IF(D10="FAIL",0,"")))) | F10: =IF(E10="",0,C10*E10) | G10: =IF(B10="I1",20*AVERAGEIF('QA_Images'!$A$2:$A$73,A10,'QA_Images'!$S$2:$S$73)/100,IF(D10="NOT_CHECKED",0,C10)) | H10: HTML accurately states the motif and gallery-supported components, but repeats generic positioning language instead of adding buyer-use detail. | I10: evidence_batch_012_111; source_snapshot; live_source_comparison; customizer_audit; serp_evidence | J10: ISSUE-0001
A11: jeminise.com+custom-soccer-player-custom-name-number-comforter-set-boys-room-decor | B11: I1 | C11: 20 | D11: DERIVED | E11: =IF(B11="I1",AVERAGEIF('QA_Images'!$A$2:$A$73,A11,'QA_Images'!$R$2:$R$73)/100,IF(D11="FULL",1,IF(D11="PARTIAL",0.5,IF(D11="FAIL",0,"")))) | F11: =IF(E11="",0,C11*E11) | G11: =IF(B11="I1",20*AVERAGEIF('QA_Images'!$A$2:$A$73,A11,'QA_Images'!$S$2:$S$73)/100,IF(D11="NOT_CHECKED",0,C11)) | H11: Derived from all QA_Images rows for this product. | I11: evidence_batch_012_111; source_snapshot; live_source_comparison; customizer_audit; serp_evidence | J11: ISSUE-0001
A12: jeminise.com+custom-soccer-player-custom-name-number-comforter-set-boys-room-decor | B12: E1 | C12: 5 | D12: PARTIAL | E12: =IF(B12="I1",AVERAGEIF('QA_Images'!$A$2:$A$73,A12,'QA_Images'!$R$2:$R$73)/100,IF(D12="FULL",1,IF(D12="PARTIAL",0.5,IF(D12="FAIL",0,"")))) | F12: =IF(E12="",0,C12*E12) | G12: =IF(B12="I1",20*AVERAGEIF('QA_Images'!$A$2:$A$73,A12,'QA_Images'!$S$2:$S$73)/100,IF(D12="NOT_CHECKED",0,C12)) | H12: Evidence links and revision are traceable; the absent Shopify admin export remains separated as a limitation. | I12: evidence_batch_012_111; source_snapshot; live_source_comparison; customizer_audit; serp_evidence | J12: ISSUE-0001
A13: jeminise.com+custom-soccer-player-goal-comforter-set-machine-washable-design-8 | B13: P1 | C13: 15 | D13: FULL | E13: =IF(B13="I1",AVERAGEIF('QA_Images'!$A$2:$A$73,A13,'QA_Images'!$R$2:$R$73)/100,IF(D13="FULL",1,IF(D13="PARTIAL",0.5,IF(D13="FAIL",0,"")))) | F13: =IF(E13="",0,C13*E13) | G13: =IF(B13="I1",20*AVERAGEIF('QA_Images'!$A$2:$A$73,A13,'QA_Images'!$S$2:$S$73)/100,IF(D13="NOT_CHECKED",0,C13)) | H13: Product key, handle, ID, URL and canonical match the frozen r3 workbook and retained live comparison. | I13: evidence_batch_012_112; source_snapshot; live_source_comparison; customizer_audit; serp_evidence | J13: ISSUE-0002
... A111: jeminise.com+custom-trucking-semi-truck-breaking-through-stone-wall-comforter-01281fb2d3-01281fb2d3 | B111: E1 | C111: 5 | D111: PARTIAL | E111: =IF(B111="I1",AVERAGEIF('QA_Images'!$A$2:$A$73,A111,'QA_Images'!$R$2:$R$73)/100,IF(D111="FULL",1,IF(D111="PARTIAL",0.5,IF(D111="FAIL",0,"")))) | F111: =IF(E111="",0,C111*E111) | G111: =IF(B111="I1",20*AVERAGEIF('QA_Images'!$A$2:$A$73,A111,'QA_Images'!$S$2:$S$73)/100,IF(D111="NOT_CHECKED",0,C111)) | H111: Evidence links and revision are traceable; the absent Shopify admin export remains separated as a limitation. | I111: evidence_batch_012_120; source_snapshot; live_source_comparison; customizer_audit; serp_evidence | J111: ISSUE-0010

Sheet QA_Images
A1: product_key | B1: qa_image_key | C1: image_url_source | D1: image_url_workbook | E1: media_id | F1: variant | G1: image_location | H1: check_method | I1: checked_at | J1: qa_observation | K1: submitted_observation | L1: alt_action | M1: alt_effective | N1: IM1 | O1: IM2 | P1: IM3 | Q1: IM4 | R1: image_verified_points | S1: image_assessed_weight | T1: image_final_score | U1: image_score_lower_bound | V1: image_score_upper_bound | W1: issue_refs | X1: evidence_refs
A2: jeminise.com+custom-soccer-player-custom-name-number-comforter-set-boys-room-decor | B2: img_3d18c065d093e330 | C2: https://cdn.shopify.com/s/files/1/0792/5098/1063/files/5adf8a31ec40a642bf000b375eae5c3554de48282390af23cc541bb382906122.jpg?v=1786610963 | D2: https://cdn.shopify.com/s/files/1/0792/5098/1063/files/5adf8a31ec40a642bf000b375eae5c3554de48282390af23cc541bb382906122.jpg?v=1786610963 | E2: 47833423478983 | G2: GALLERY | H2: DIRECT_DOWNLOADED_GALLERY_ASSET_REVIEW | I2: 2026-09-08T09:29:47+07:00 | J2: Bedroom mockup of blue water-splash soccer comforter with Daniel text, number 10 ball and matching shams. | K2: Bedroom mockup of blue water-splash soccer comforter with Daniel text, number 10 ball and matching shams. | L2: SET | M2: Daniel soccer ball comforter with number 10 | N2: FULL | O2: FULL | P2: FULL | Q2: FULL | R2: =IF(N2="FULL",40,IF(N2="PARTIAL",40/2,0))+IF(O2="FULL",30,IF(O2="PARTIAL",30/2,0))+IF(P2="FULL",20,IF(P2="PARTIAL",20/2,0))+IF(Q2="FULL",10,IF(Q2="PARTIAL",10/2,0)) | S2: =IF(N2="NOT_CHECKED",0,40)+IF(O2="NOT_CHECKED",0,30)+IF(P2="NOT_CHECKED",0,20)+IF(Q2="NOT_CHECKED",0,10) | T2: =IF(S2=100,R2,"") | U2: =R2 | V2: =R2+(100-S2) | X2: D:\Shopify_Workspace\jeminise_seo\seo_runs\jeminise.com\20260906_234129\qa\20260908_012000\images\111_01.jpg; seo_runs\jeminise.com\20260906_234129\evidence\images\111_custom-soccer-player-custom-name-number-comforter-set-boys-room-decor\image_01_47833423478983.jpg; seo_runs\jeminise.com\20260906_234129\evidence\contact_sheets\111_custom-soccer-player-custom-name-number-comforter-set-boys-room-decor.jpg
A3: jeminise.com+custom-soccer-player-custom-name-number-comforter-set-boys-room-decor | B3: img_69d2290148f8efaf | C3: https://cdn.shopify.com/s/files/1/0792/5098/1063/files/b0ebaf5c71153659a013332c925a181e979b187f4b49b61de8f27cb27d2d9055.jpg?v=1786610963 | D3: https://cdn.shopify.com/s/files/1/0792/5098/1063/files/b0ebaf5c71153659a013332c925a181e979b187f4b49b61de8f27cb27d2d9055.jpg?v=1786610963 | E3: 47833423511751 | G3: GALLERY | H3: DIRECT_DOWNLOADED_GALLERY_ASSET_REVIEW | I3: 2026-09-08T09:29:47+07:00 | J3: Feature panel showing Daniel soccer bedding with fabric and 3D printed pattern callouts. | K3: Feature panel showing Daniel soccer bedding with fabric and 3D printed pattern callouts. | L3: SET | M3: Daniel soccer comforter feature panel | N3: FULL | O3: FULL | P3: FULL | Q3: FULL | R3: =IF(N3="FULL",40,IF(N3="PARTIAL",40/2,0))+IF(O3="FULL",30,IF(O3="PARTIAL",30/2,0))+IF(P3="FULL",20,IF(P3="PARTIAL",20/2,0))+IF(Q3="FULL",10,IF(Q3="PARTIAL",10/2,0)) | S3: =IF(N3="NOT_CHECKED",0,40)+IF(O3="NOT_CHECKED",0,30)+IF(P3="NOT_CHECKED",0,20)+IF(Q3="NOT_CHECKED",0,10) | T3: =IF(S3=100,R3,"") | U3: =R3 | V3: =R3+(100-S3) | X3: D:\Shopify_Workspace\jeminise_seo\seo_runs\jeminise.com\20260906_234129\qa\20260908_012000\images\111_02.jpg; seo_runs\jeminise.com\20260906_234129\evidence\images\111_custom-soccer-player-custom-name-number-comforter-set-boys-room-decor\image_02_47833423511751.jpg; seo_runs\jeminise.com\20260906_234129\evidence\contact_sheets\111_custom-soccer-player-custom-name-number-comforter-set-boys-room-decor.jpg
A4: jeminise.com+custom-soccer-player-custom-name-number-comforter-set-boys-room-decor | B4: img_50da883cce9ac58d | C4: https://cdn.shopify.com/s/files/1/0792/5098/1063/files/4f3e3f6233d78b4fde5eae3801512b8254223ff54402ae90de96b0a3b0e092a9.jpg?v=1786610963 | D4: https://cdn.shopify.com/s/files/1/0792/5098/1063/files/4f3e3f6233d78b4fde5eae3801512b8254223ff54402ae90de96b0a3b0e092a9.jpg?v=1786610963 | E4: 47833423544519 | G4: GALLERY | H4: DIRECT_DOWNLOADED_GALLERY_ASSET_REVIEW | I4: 2026-09-08T09:29:47+07:00 | J4: Pillow sham mockup showing Daniel text and number 10 soccer ball artwork. | K4: Pillow sham mockup showing Daniel text and number 10 soccer ball artwork. | L4: SET | M4: Daniel soccer pillow shams with 10 | N4: FULL | O4: FULL | P4: FULL | Q4: FULL | R4: =IF(N4="FULL",40,IF(N4="PARTIAL",40/2,0))+IF(O4="FULL",30,IF(O4="PARTIAL",30/2,0))+IF(P4="FULL",20,IF(P4="PARTIAL",20/2,0))+IF(Q4="FULL",10,IF(Q4="PARTIAL",10/2,0)) | S4: =IF(N4="NOT_CHECKED",0,40)+IF(O4="NOT_CHECKED",0,30)+IF(P4="NOT_CHECKED",0,20)+IF(Q4="NOT_CHECKED",0,10) | T4: =IF(S4=100,R4,"") | U4: =R4 | V4: =R4+(100-S4) | X4: D:\Shopify_Workspace\jeminise_seo\seo_runs\jeminise.com\20260906_234129\qa\20260908_012000\images\111_03.jpg; seo_runs\jeminise.com\20260906_234129\evidence\images\111_custom-soccer-player-custom-name-number-comforter-set-boys-room-decor\image_03_47833423544519.jpg; seo_runs\jeminise.com\20260906_234129\evidence\contact_sheets\111_custom-soccer-player-custom-name-number-comforter-set-boys-room-decor.jpg
A5: jeminise.com+custom-soccer-player-custom-name-number-comforter-set-boys-room-decor | B5: img_02070fafc40fa3f2 | C5: https://cdn.shopify.com/s/files/1/0792/5098/1063/files/0705f13a5c5734d19ee2c7d2d8c63f7840fc3cbbee30baca2759fc4b8d6ad311.jpg?v=1786610964 | D5: https://cdn.shopify.com/s/files/1/0792/5098/1063/files/0705f13a5c5734d19ee2c7d2d8c63f7840fc3cbbee30baca2759fc4b8d6ad311.jpg?v=1786610964 | E5: 47833423577287 | G5: GALLERY | H5: DIRECT_DOWNLOADED_GALLERY_ASSET_REVIEW | I5: 2026-09-08T09:29:47+07:00 | J5: Low-angle Daniel soccer bedding mockup with soft, lightweight, durable and breathable icons. | K5: Low-angle Daniel soccer bedding mockup with soft, lightweight, durable and breathable icons. | L5: SET | M5: Daniel soccer bedding with feature icons | N5: FULL | O5: FULL | P5: FULL | Q5: FULL | R5: =IF(N5="FULL",40,IF(N5="PARTIAL",40/2,0))+IF(O5="FULL",30,IF(O5="PARTIAL",30/2,0))+IF(P5="FULL",20,IF(P5="PARTIAL",20/2,0))+IF(Q5="FULL",10,IF(Q5="PARTIAL",10/2,0)) | S5: =IF(N5="NOT_CHECKED",0,40)+IF(O5="NOT_CHECKED",0,30)+IF(P5="NOT_CHECKED",0,20)+IF(Q5="NOT_CHECKED",0,10) | T5: =IF(S5=100,R5,"") | U5: =R5 | V5: =R5+(100-S5) | X5: D:\Shopify_Workspace\jeminise_seo\seo_runs\jeminise.com\20260906_234129\qa\20260908_012000\images\111_04.jpg; seo_runs\jeminise.com\20260906_234129\evidence\images\111_custom-soccer-player-custom-name-number-comforter-set-boys-room-decor\image_04_47833423577287.jpg; seo_runs\jeminise.com\20260906_234129\evidence\contact_sheets\111_custom-soccer-player-custom-name-number-comforter-set-boys-room-decor.jpg
A6: jeminise.com+custom-soccer-player-custom-name-number-comforter-set-boys-room-decor | B6: img_e22be813f63784e1 | C6: https://cdn.shopify.com/s/files/1/0792/5098/1063/files/0b1d1e19cab6d757366a36700f895ecca060303e705a8aece2f5fa486b6770da_633d7bd1-020d-47f6-927d-a479987fb7c7.jpg?v=1786610963 | D6: https://cdn.shopify.com/s/files/1/0792/5098/1063/files/0b1d1e19cab6d757366a36700f895ecca060303e705a8aece2f5fa486b6770da_633d7bd1-020d-47f6-927d-a479987fb7c7.jpg?v=1786610963 | E6: 47833423610055 | G6: GALLERY | H6: DIRECT_DOWNLOADED_GALLERY_ASSET_REVIEW | I6: 2026-09-08T09:29:47+07:00 | J6: Comparison panel explaining duvet cover set and comforter set bedding options. | K6: Comparison panel explaining duvet cover set and comforter set bedding options. | L6: SET | M6: Duvet cover and comforter set comparison panel | N6: FULL | O6: FULL | P6: FULL | Q6: FULL | R6: =IF(N6="FULL",40,IF(N6="PARTIAL",40/2,0))+IF(O6="FULL",30,IF(O6="PARTIAL",30/2,0))+IF(P6="FULL",20,IF(P6="PARTIAL",20/2,0))+IF(Q6="FULL",10,IF(Q6="PARTIAL",10/2,0)) | S6: =IF(N6="NOT_CHECKED",0,40)+IF(O6="NOT_CHECKED",0,30)+IF(P6="NOT_CHECKED",0,20)+IF(Q6="NOT_CHECKED",0,10) | T6: =IF(S6=100,R6,"") | U6: =R6 | V6: =R6+(100-S6) | X6: D:\Shopify_Workspace\jeminise_seo\seo_runs\jeminise.com\20260906_234129\qa\20260908_012000\images\111_05.jpg; seo_runs\jeminise.com\20260906_234129\evidence\images\111_custom-soccer-player-custom-name-number-comforter-set-boys-room-decor\image_05_47833423610055.jpg; seo_runs\jeminise.com\20260906_234129\evidence\contact_sheets\111_custom-soccer-player-custom-name-number-comforter-set-boys-room-decor.jpg
A7: jeminise.com+custom-soccer-player-custom-name-number-comforter-set-boys-room-decor | B7: img_7c5e2acb855ab6eb | C7: https://cdn.shopify.com/s/files/1/0792/5098/1063/files/9c91a61710180a5c3e4166b3e4138e219837b88e5f61399fea6626dcfdff7898.jpg?v=1786610963 | D7: https://cdn.shopify.com/s/files/1/0792/5098/1063/files/9c91a61710180a5c3e4166b3e4138e219837b88e5f61399fea6626dcfdff7898.jpg?v=1786610963 | E7: 47833423642823 | G7: GALLERY | H7: DIRECT_DOWNLOADED_GALLERY_ASSET_REVIEW | I7: 2026-09-08T09:29:47+07:00 | J7: Bedroom mockup of Daniel blue soccer comforter set with water-splash ball artwork. | K7: Bedroom mockup of Daniel blue soccer comforter set with water-splash ball artwork. | L7: SET | M7: Daniel blue soccer comforter set on bed | N7: FULL | O7: FULL | P7: FULL | Q7: FULL | R7: =IF(N7="FULL",40,IF(N7="PARTIAL",40/2,0))+IF(O7="FULL",30,IF(O7="PARTIAL",30/2,0))+IF(P7="FULL",20,IF(P7="PARTIAL",20/2,0))+IF(Q7="FULL",10,IF(Q7="PARTIAL",10/2,0)) | S7: =IF(N7="NOT_CHECKED",0,40)+IF(O7="NOT_CHECKED",0,30)+IF(P7="NOT_CHECKED",0,20)+IF(Q7="NOT_CHECKED",0,10) | T7: =IF(S7=100,R7,"") | U7: =R7 | V7: =R7+(100-S7) | X7: D:\Shopify_Workspace\jeminise_seo\seo_runs\jeminise.com\20260906_234129\qa\20260908_012000\images\111_06.jpg; seo_runs\jeminise.com\20260906_234129\evidence\images\111_custom-soccer-player-custom-name-number-comforter-set-boys-room-decor\image_06_47833423642823.jpg; seo_runs\jeminise.com\20260906_234129\evidence\contact_sheets\111_custom-soccer-player-custom-name-number-comforter-set-boys-room-decor.jpg
A8: jeminise.com+custom-soccer-player-custom-name-number-comforter-set-boys-room-decor | B8: img_6296a34cc39dfc22 | C8: https://cdn.shopify.com/s/files/1/0792/5098/1063/files/0ee8c23fe480e4cb829b16c3c896321f033d3414addd9d209e7de6f5c65bf684.jpg?v=1786610963 | D8: https://cdn.shopify.com/s/files/1/0792/5098/1063/files/0ee8c23fe480e4cb829b16c3c896321f033d3414addd9d209e7de6f5c65bf684.jpg?v=1786610963 | E8: 47833423675591 | G8: GALLERY | H8: DIRECT_DOWNLOADED_GALLERY_ASSET_REVIEW | I8: 2026-09-08T09:29:47+07:00 | J8: Close-up corner showing blue soccer artwork under white microfiber filling. | K8: Close-up corner showing blue soccer artwork under white microfiber filling. | L8: SET | M8: Daniel soccer comforter microfiber close-up | N8: FULL | O8: FULL | P8: FULL | Q8: FULL | R8: =IF(N8="FULL",40,IF(N8="PARTIAL",40/2,0))+IF(O8="FULL",30,IF(O8="PARTIAL",30/2,0))+IF(P8="FULL",20,IF(P8="PARTIAL",20/2,0))+IF(Q8="FULL",10,IF(Q8="PARTIAL",10/2,0)) | S8: =IF(N8="NOT_CHECKED",0,40)+IF(O8="NOT_CHECKED",0,30)+IF(P8="NOT_CHECKED",0,20)+IF(Q8="NOT_CHECKED",0,10) | T8: =IF(S8=100,R8,"") | U8: =R8 | V8: =R8+(100-S8) | X8: D:\Shopify_Workspace\jeminise_seo\seo_runs\jeminise.com\20260906_234129\qa\20260908_012000\images\111_07.jpg; seo_runs\jeminise.com\20260906_234129\evidence\images\111_custom-soccer-player-custom-name-number-comforter-set-boys-room-decor\image_07_47833423675591.jpg; seo_runs\jeminise.com\20260906_234129\evidence\contact_sheets\111_custom-soccer-player-custom-name-number-comforter-set-boys-room-decor.jpg
A9: jeminise.com+custom-soccer-player-custom-name-number-comforter-set-boys-room-decor | B9: img_2f4a781adf564f2c | C9: https://cdn.shopify.com/s/files/1/0792/5098/1063/files/dd6b2f75d5d331064be3e2ace151f6872c3f1f67675d8c1c7fa00f207341180b_fe534272-feba-4b3c-acbd-7c306b5cefec.jpg?v=1786610963 | D9: https://cdn.shopify.com/s/files/1/0792/5098/1063/files/dd6b2f75d5d331064be3e2ace151f6872c3f1f67675d8c1c7fa00f207341180b_fe534272-feba-4b3c-acbd-7c306b5cefec.jpg?v=1786610963 | E9: 47833423708359 | G9: GALLERY | H9: DIRECT_DOWNLOADED_GALLERY_ASSET_REVIEW | I9: 2026-09-08T09:29:47+07:00 | J9: Stress-free easy-care panel listing wrinkle-free, stain-proof, anti-pilling and wash durability. | K9: Stress-free easy-care panel listing wrinkle-free, stain-proof, anti-pilling and wash durability. | L9: SET | M9: Easy care panel for comforter bedding | N9: FULL | O9: FULL | P9: FULL | Q9: FULL | R9: =IF(N9="FULL",40,IF(N9="PARTIAL",40/2,0))+IF(O9="FULL",30,IF(O9="PARTIAL",30/2,0))+IF(P9="FULL",20,IF(P9="PARTIAL",20/2,0))+IF(Q9="FULL",10,IF(Q9="PARTIAL",10/2,0)) | S9: =IF(N9="NOT_CHECKED",0,40)+IF(O9="NOT_CHECKED",0,30)+IF(P9="NOT_CHECKED",0,20)+IF(Q9="NOT_CHECKED",0,10) | T9: =IF(S9=100,R9,"") | U9: =R9 | V9: =R9+(100-S9) | X9: D:\Shopify_Workspace\jeminise_seo\seo_runs\jeminise.com\20260906_234129\qa\20260908_012000\images\111_08.jpg; seo_runs\jeminise.com\20260906_234129\evidence\images\111_custom-soccer-player-custom-name-number-comforter-set-boys-room-decor\image_08_47833423708359.jpg; seo_runs\jeminise.com\20260906_234129\evidence\contact_sheets\111_custom-soccer-player-custom-name-number-comforter-set-boys-room-decor.jpg
A10: jeminise.com+custom-soccer-player-goal-comforter-set-machine-washable-design-8 | B10: img_1ccf8db2c5cdd100 | C10: https://cdn.shopify.com/s/files/1/0792/5098/1063/files/dbac2843c8a7d91826da156c117202b53acf9c74a9ac57f9a5155ff0ee41d541.jpg?v=1786610992 | D10: https://cdn.shopify.com/s/files/1/0792/5098/1063/files/dbac2843c8a7d91826da156c117202b53acf9c74a9ac57f9a5155ff0ee41d541.jpg?v=1786610992 | E10: 47833426854087 | G10: GALLERY | H10: DIRECT_DOWNLOADED_GALLERY_ASSET_REVIEW | I10: 2026-09-08T09:29:47+07:00 | J10: Bedroom mockup of blue soccer goal comforter with Tyler text, number 10 ball and matching shams. | K10: Bedroom mockup of blue soccer goal comforter with Tyler text, number 10 ball and matching shams. | L10: SET | M10: Tyler soccer goal comforter with number 10 | N10: FULL | O10: FULL | P10: FULL | Q10: FULL | R10: =IF(N10="FULL",40,IF(N10="PARTIAL",40/2,0))+IF(O10="FULL",30,IF(O10="PARTIAL",30/2,0))+IF(P10="FULL",20,IF(P10="PARTIAL",20/2,0))+IF(Q10="FULL",10,IF(Q10="PARTIAL",10/2,0)) | S10: =IF(N10="NOT_CHECKED",0,40)+IF(O10="NOT_CHECKED",0,30)+IF(P10="NOT_CHECKED",0,20)+IF(Q10="NOT_CHECKED",0,10) | T10: =IF(S10=100,R10,"") | U10: =R10 | V10: =R10+(100-S10) | X10: D:\Shopify_Workspace\jeminise_seo\seo_runs\jeminise.com\20260906_234129\qa\20260908_012000\images\112_01.jpg; seo_runs\jeminise.com\20260906_234129\evidence\images\112_custom-soccer-player-goal-comforter-set-machine-washable-design-8\image_01_47833426854087.jpg; seo_runs\jeminise.com\20260906_234129\evidence\contact_sheets\112_custom-soccer-player-goal-comforter-set-machine-washable-design-8.jpg
A11: jeminise.com+custom-soccer-player-goal-comforter-set-machine-washable-design-8 | B11: img_5ccfec6419c02c8a | C11: https://cdn.shopify.com/s/files/1/0792/5098/1063/files/a9c2c6e1d0c9b444a88fe782d3f128ca26a995a1f94024dfec3c4d38a637d46d.jpg?v=1786610992 | D11: https://cdn.shopify.com/s/files/1/0792/5098/1063/files/a9c2c6e1d0c9b444a88fe782d3f128ca26a995a1f94024dfec3c4d38a637d46d.jpg?v=1786610992 | E11: 47833426886855 | G11: GALLERY | H11: DIRECT_DOWNLOADED_GALLERY_ASSET_REVIEW | I11: 2026-09-08T09:29:47+07:00 | J11: Bedroom mockup of Tyler soccer goal bedding with goal-net artwork and folded top sheet. | K11: Bedroom mockup of Tyler soccer goal bedding with goal-net artwork and folded top sheet. | L11: SET | M11: Tyler soccer goal bedding set on bed | N11: FULL | O11: FULL | P11: FULL | Q11: FULL | R11: =IF(N11="FULL",40,IF(N11="PARTIAL",40/2,0))+IF(O11="FULL",30,IF(O11="PARTIAL",30/2,0))+IF(P11="FULL",20,IF(P11="PARTIAL",20/2,0))+IF(Q11="FULL",10,IF(Q11="PARTIAL",10/2,0)) | S11: =IF(N11="NOT_CHECKED",0,40)+IF(O11="NOT_CHECKED",0,30)+IF(P11="NOT_CHECKED",0,20)+IF(Q11="NOT_CHECKED",0,10) | T11: =IF(S11=100,R11,"") | U11: =R11 | V11: =R11+(100-S11) | X11: D:\Shopify_Workspace\jeminise_seo\seo_runs\jeminise.com\20260906_234129\qa\20260908_012000\images\112_02.jpg; seo_runs\jeminise.com\20260906_234129\evidence\images\112_custom-soccer-player-goal-comforter-set-machine-washable-design-8\image_02_47833426886855.jpg; seo_runs\jeminise.com\20260906_234129\evidence\contact_sheets\112_custom-soccer-player-goal-comforter-set-machine-washable-design-8.jpg
A12: jeminise.com+custom-soccer-player-goal-comforter-set-machine-washable-design-8 | B12: img_183ba887e6811003 | C12: https://cdn.shopify.com/s/files/1/0792/5098/1063/files/aed6d7a2e05456a3bd6e67c741c3a926a1cfc777026e896d9ad232a231e1d81e.jpg?v=1786610992 | D12: https://cdn.shopify.com/s/files/1/0792/5098/1063/files/aed6d7a2e05456a3bd6e67c741c3a926a1cfc777026e896d9ad232a231e1d81e.jpg?v=1786610992 | E12: 47833426919623 | G12: GALLERY | H12: DIRECT_DOWNLOADED_GALLERY_ASSET_REVIEW | I12: 2026-09-08T09:29:47+07:00 | J12: Feature panel showing Tyler soccer goal bedding with microfiber and 3D printed pattern callouts. | K12: Feature panel showing Tyler soccer goal bedding with microfiber and 3D printed pattern callouts. | L12: SET | M12: Tyler soccer goal comforter feature panel | N12: FULL | O12: FULL | P12: FULL | Q12: FULL | R12: =IF(N12="FULL",40,IF(N12="PARTIAL",40/2,0))+IF(O12="FULL",30,IF(O12="PARTIAL",30/2,0))+IF(P12="FULL",20,IF(P12="PARTIAL",20/2,0))+IF(Q12="FULL",10,IF(Q12="PARTIAL",10/2,0)) | S12: =IF(N12="NOT_CHECKED",0,40)+IF(O12="NOT_CHECKED",0,30)+IF(P12="NOT_CHECKED",0,20)+IF(Q12="NOT_CHECKED",0,10) | T12: =IF(S12=100,R12,"") | U12: =R12 | V12: =R12+(100-S12) | X12: D:\Shopify_Workspace\jeminise_seo\seo_runs\jeminise.com\20260906_234129\qa\20260908_012000\images\112_03.jpg; seo_runs\jeminise.com\20260906_234129\evidence\images\112_custom-soccer-player-goal-comforter-set-machine-washable-design-8\image_03_47833426919623.jpg; seo_runs\jeminise.com\20260906_234129\evidence\contact_sheets\112_custom-soccer-player-goal-comforter-set-machine-washable-design-8.jpg
A13: jeminise.com+custom-soccer-player-goal-comforter-set-machine-washable-design-8 | B13: img_ba09e2d4848a54a0 | C13: https://cdn.shopify.com/s/files/1/0792/5098/1063/files/2aa3156eb8de24ebb10eaa7946a270444381b05ce7d7d0d1fae71a29ffef05a9.jpg?v=1786610992 | D13: https://cdn.shopify.com/s/files/1/0792/5098/1063/files/2aa3156eb8de24ebb10eaa7946a270444381b05ce7d7d0d1fae71a29ffef05a9.jpg?v=1786610992 | E13: 47833426952391 | G13: GALLERY | H13: DIRECT_DOWNLOADED_GALLERY_ASSET_REVIEW | I13: 2026-09-08T09:29:47+07:00 | J13: Pillow sham mockup showing Tyler text and number 10 soccer ball artwork. | K13: Pillow sham mockup showing Tyler text and number 10 soccer ball artwork. | L13: SET | M13: Tyler soccer pillow shams with 10 | N13: FULL | O13: FULL | P13: FULL | Q13: FULL | R13: =IF(N13="FULL",40,IF(N13="PARTIAL",40/2,0))+IF(O13="FULL",30,IF(O13="PARTIAL",30/2,0))+IF(P13="FULL",20,IF(P13="PARTIAL",20/2,0))+IF(Q13="FULL",10,IF(Q13="PARTIAL",10/2,0)) | S13: =IF(N13="NOT_CHECKED",0,40)+IF(O13="NOT_CHECKED",0,30)+IF(P13="NOT_CHECKED",0,20)+IF(Q13="NOT_CHECKED",0,10) | T13: =IF(S13=100,R13,"") | U13: =R13 | V13: =R13+(100-S13) | X13: D:\Shopify_Workspace\jeminise_seo\seo_runs\jeminise.com\20260906_234129\qa\20260908_012000\images\112_04.jpg; seo_runs\jeminise.com\20260906_234129\evidence\images\112_custom-soccer-player-goal-comforter-set-machine-washable-design-8\image_04_47833426952391.jpg; seo_runs\jeminise.com\20260906_234129\evidence\contact_sheets\112_custom-soccer-player-goal-comforter-set-machine-washable-design-8.jpg
... A73: jeminise.com+custom-trucking-semi-truck-breaking-through-stone-wall-comforter-01281fb2d3-01281fb2d3 | B73: img_1758c07b81fd03fa | C73: https://cdn.shopify.com/s/files/1/0792/5098/1063/files/e5cad84edb4d7bf77c48fd7c8e52eb3b73f04eba8bf177671fd8a059c59422e8_4bc9d0c4-1fdd-4ce6-b49e-b1a0b2ddff0c.jpg?v=1785134032 | D73: https://cdn.shopify.com/s/files/1/0792/5098/1063/files/e5cad84edb4d7bf77c48fd7c8e52eb3b73f04eba8bf177671fd8a059c59422e8_4bc9d0c4-1fdd-4ce6-b49e-b1a0b2ddff0c.jpg?v=1785134032 | E73: 47548989079751 | G73: GALLERY | H73: DIRECT_DOWNLOADED_GALLERY_ASSET_REVIEW | I73: 2026-09-08T09:29:47+07:00 | J73: Size dimension chart showing twin, full, queen and king bedding measurements. | K73: Size dimension chart showing twin, full, queen and king bedding measurements. | L73: SET | M73: Comforter set size dimension chart for black semi truck breaking through stone wall comforter | N73: FULL | O73: FULL | P73: FULL | Q73: FULL | R73: =IF(N73="FULL",40,IF(N73="PARTIAL",40/2,0))+IF(O73="FULL",30,IF(O73="PARTIAL",30/2,0))+IF(P73="FULL",20,IF(P73="PARTIAL",20/2,0))+IF(Q73="FULL",10,IF(Q73="PARTIAL",10/2,0)) | S73: =IF(N73="NOT_CHECKED",0,40)+IF(O73="NOT_CHECKED",0,30)+IF(P73="NOT_CHECKED",0,20)+IF(Q73="NOT_CHECKED",0,10) | T73: =IF(S73=100,R73,"") | U73: =R73 | V73: =R73+(100-S73) | X73: D:\Shopify_Workspace\jeminise_seo\seo_runs\jeminise.com\20260906_234129\qa\20260908_012000\images\120_07.jpg; seo_runs\jeminise.com\20260906_234129\evidence\images\120_custom-trucking-semi-truck-breaking-through-stone-wall-comforter-01281fb2d3-01281fb2d3\image_07_47548989079751.jpg; seo_runs\jeminise.com\20260906_234129\evidence\contact_sheets\120_custom-trucking-semi-truck-breaking-through-stone-wall-comforter-01281fb2d3-01281fb2d3.jpg

Sheet QA_Issues
A1: issue_id | B1: product_key | C1: qa_image_key | D1: severity | E1: field | F1: submitted_value | G1: source_observation | H1: reason | I1: recommended_fix | J1: supporting_evidence | K1: recheck_condition
A2: ISSUE-0001 | B2: jeminise.com+custom-soccer-player-custom-name-number-comforter-set-boys-room-decor | D2: LIMITATION | E2: keyword_evidence_level | F2: SERP_ONLY | G2: Two US public query records; no paid volume, Search Console or on-site search export. | H2: Demand evidence remains SERP_ONLY, so no demand/volume claim is warranted. | I2: Keep demand claims qualitative; attach first-party or paid keyword evidence when available. | J2: Two US public query records; no paid volume, Search Console or on-site search export. | K2: New evidence is linked in Keyword_Map.
A3: ISSUE-0002 | B3: jeminise.com+custom-soccer-player-goal-comforter-set-machine-washable-design-8 | D3: LIMITATION | E3: keyword_evidence_level | F3: SERP_ONLY | G3: Two US public query records; no paid volume, Search Console or on-site search export. | H3: Demand evidence remains SERP_ONLY, so no demand/volume claim is warranted. | I3: Keep demand claims qualitative; attach first-party or paid keyword evidence when available. | J3: Two US public query records; no paid volume, Search Console or on-site search export. | K3: New evidence is linked in Keyword_Map.
A4: ISSUE-0003 | B4: jeminise.com+custom-soccer-player-paint-splatter-comforter-set-machine-washable | D4: LIMITATION | E4: keyword_evidence_level | F4: SERP_ONLY | G4: Two US public query records; no paid volume, Search Console or on-site search export. | H4: Demand evidence remains SERP_ONLY, so no demand/volume claim is warranted. | I4: Keep demand claims qualitative; attach first-party or paid keyword evidence when available. | J4: Two US public query records; no paid volume, Search Console or on-site search export. | K4: New evidence is linked in Keyword_Map.
A5: ISSUE-0004 | B5: jeminise.com+custom-softball-comforter-set-for-girls-personalized-name-number | D5: LIMITATION | E5: keyword_evidence_level | F5: SERP_ONLY | G5: Two US public query records; no paid volume, Search Console or on-site search export. | H5: Demand evidence remains SERP_ONLY, so no demand/volume claim is warranted. | I5: Keep demand claims qualitative; attach first-party or paid keyword evidence when available. | J5: Two US public query records; no paid volume, Search Console or on-site search export. | K5: New evidence is linked in Keyword_Map.
A6: ISSUE-0005 | B6: jeminise.com+custom-sports-and-patriotism-football-on-american-flag-background-comforter-510823ee16-510823ee16 | D6: LIMITATION | E6: keyword_evidence_level | F6: SERP_ONLY | G6: Two US public query records; no paid volume, Search Console or on-site search export. | H6: Demand evidence remains SERP_ONLY, so no demand/volume claim is warranted. | I6: Keep demand claims qualitative; attach first-party or paid keyword evidence when available. | J6: Two US public query records; no paid volume, Search Console or on-site search export. | K6: New evidence is linked in Keyword_Map.
A7: ISSUE-0006 | B7: jeminise.com+custom-transportation-semi-truck-on-geometric-background-comforter-284b7a6d0a-284b7a6d0a | D7: LIMITATION | E7: keyword_evidence_level | F7: SERP_ONLY | G7: Two US public query records; no paid volume, Search Console or on-site search export. | H7: Demand evidence remains SERP_ONLY, so no demand/volume claim is warranted. | I7: Keep demand claims qualitative; attach first-party or paid keyword evidence when available. | J7: Two US public query records; no paid volume, Search Console or on-site search export. | K7: New evidence is linked in Keyword_Map.
A8: ISSUE-0007 | B8: jeminise.com+custom-tree-of-life-quilt-set-yggdrasil-bedding-97b4844050-97b4844050 | D8: LIMITATION | E8: keyword_evidence_level | F8: SERP_ONLY | G8: Two US public query records; no paid volume, Search Console or on-site search export. | H8: Demand evidence remains SERP_ONLY, so no demand/volume claim is warranted. | I8: Keep demand claims qualitative; attach first-party or paid keyword evidence when available. | J8: Two US public query records; no paid volume, Search Console or on-site search export. | K8: New evidence is linked in Keyword_Map.
A9: ISSUE-0008 | B9: jeminise.com+custom-tree-of-life-quilt-set-yggdrasil-bedding-0038a4731b-0038a4731b | D9: LIMITATION | E9: keyword_evidence_level | F9: SERP_ONLY | G9: Two US public query records; no paid volume, Search Console or on-site search export. | H9: Demand evidence remains SERP_ONLY, so no demand/volume claim is warranted. | I9: Keep demand claims qualitative; attach first-party or paid keyword evidence when available. | J9: Two US public query records; no paid volume, Search Console or on-site search export. | K9: New evidence is linked in Keyword_Map.
A10: ISSUE-0009 | B10: jeminise.com+custom-trucking-semi-truck-breaking-through-stone-wall-comforter-7a6b616ec4-7a6b616ec4 | D10: LIMITATION | E10: keyword_evidence_level | F10: SERP_ONLY | G10: Two US public query records; no paid volume, Search Console or on-site search export. | H10: Demand evidence remains SERP_ONLY, so no demand/volume claim is warranted. | I10: Keep demand claims qualitative; attach first-party or paid keyword evidence when available. | J10: Two US public query records; no paid volume, Search Console or on-site search export. | K10: New evidence is linked in Keyword_Map.
A11: ISSUE-0010 | B11: jeminise.com+custom-trucking-semi-truck-breaking-through-stone-wall-comforter-01281fb2d3-01281fb2d3 | D11: LIMITATION | E11: keyword_evidence_level | F11: SERP_ONLY | G11: Two US public query records; no paid volume, Search Console or on-site search export. | H11: Demand evidence remains SERP_ONLY, so no demand/volume claim is warranted. | I11: Keep demand claims qualitative; attach first-party or paid keyword evidence when available. | J11: Two US public query records; no paid volume, Search Console or on-site search export. | K11: New evidence is linked in Keyword_Map.
