Workbook

Sheet QA_Summary
A1: metric | B1: value | C1: definition
A2: shop_domain | B2: jeminise.com | C2: Shop being QAed.
A3: source_run_id | B3: 20260906_234129 | C3: Original SEO drafting run.
A4: qa_run_id | B4: 20260907_212312 | C4: QA run folder for this corrected rerun.
A5: qa_batch_id | B5: qa_batch_017 | C5: Batch being independently checked.
A6: revision | B6: r1 | C6: Initial independent QA revision for qa_batch_017.
A7: source_workbook | B7: D:\Shopify_Workspace\jeminise_seo\resutls\jeminise.com\20260906_234129\batches\SEO_Product_Optimization_through_batch_017.xlsx | C7: Frozen workbook source path.
A8: source_sha256 | B8: 65F8C48D63E55BA5F6B311B33EF5ED1FBFEAB99A148B84E45592C180C8CD9132 | C8: SHA-256 at freeze/final handoff time.
A9: snapshot_sha256 | B9: 65F8C48D63E55BA5F6B311B33EF5ED1FBFEAB99A148B84E45592C180C8CD9132 | C9: SHA-256 of workbook copy in source_snapshot.
A10: scope | B10: 10 products, 62/62 images | C10: Batch scope and image coverage.
A11: batch_final_score | B11: =AVERAGE('QA_Products'!$K$2:$K$11) | C11: Formula-driven average final score in workbook.
A12: batch_result | B12: =IF(COUNTIF('QA_Products'!$L$2:$L$11,"QA_PASS")=ROWS('QA_Products'!$L$2:$L$11),"PASSED","NOT_PASSED") | C12: PASSED only if all products are QA_PASS.
A13: status_counts | B13: ="PASS="&COUNTIF('QA_Products'!$L$2:$L$11,"QA_PASS")&"; REVISE="&COUNTIF('QA_Products'!$L$2:$L$11,"QA_REVISE")&"; FAIL="&COUNTIF('QA_Products'!$L$2:$L$11,"QA_FAIL")&"; INCOMPLETE="&COUNTIF('QA_Products'!$L$2:$L$11,"QA_INCOMPLETE") | C13: Product QA status counts.
A14: issue_counts | B14: CRITICAL=0; MAJOR=21; MINOR=61; LIMITATION=10 | C14: Issue severity counts.
A15: awaiting_confirmation | B15: TRUE | C15: Do not QA next batch until user confirms.

Sheet QA_Products
A1: inventory_position | B1: product_key | C1: url | D1: handle | E1: product_id | F1: revision | G1: verified_points | H1: assessed_weight | I1: score_lower_bound | J1: score_upper_bound | K1: final_score | L1: qa_status | M1: keyword_evidence_level | N1: images_expected | O1: images_checked | P1: image_inventory_complete | Q1: image_coverage | R1: critical_count | S1: major_count | T1: minor_count | U1: limitation_count | V1: issue_refs | W1: evidence_refs
A2: 161 | B2: jeminise.com+norse-mythology-raven-within-celtic-knot-frame-quilt-906ee24d68-906ee24d68 | C2: https://jeminise.com/products/norse-mythology-raven-within-celtic-knot-frame-quilt-906ee24d68-906ee24d68 | D2: norse-mythology-raven-within-celtic-knot-frame-quilt-906ee24d68-906ee24d68 | E2: 8834806218951 | F2: r1 | G2: =SUMIF('QA_Criteria'!$A$2:$A$111,B2,'QA_Criteria'!$F$2:$F$111) | H2: =SUMIF('QA_Criteria'!$A$2:$A$111,B2,'QA_Criteria'!$G$2:$G$111) | I2: =G2 | J2: =G2+(100-H2) | K2: =IF(AND(H2=100,Q2=1,P2=TRUE),G2,"") | L2: =IF(R2>0,"QA_FAIL",IF(K2="","QA_INCOMPLETE",IF(K2<70,"QA_FAIL",IF(OR(K2<85,S2>0),"QA_REVISE","QA_PASS")))) | M2: SERP_ONLY | N2: 7 | O2: 7 | P2: TRUE | Q2: 1 | R2: =COUNTIFS('QA_Issues'!$B$2:$B$93,B2,'QA_Issues'!$D$2:$D$93,"CRITICAL") | S2: =COUNTIFS('QA_Issues'!$B$2:$B$93,B2,'QA_Issues'!$D$2:$D$93,"MAJOR") | T2: =COUNTIFS('QA_Issues'!$B$2:$B$93,B2,'QA_Issues'!$D$2:$D$93,"MINOR") | U2: =COUNTIFS('QA_Issues'!$B$2:$B$93,B2,'QA_Issues'!$D$2:$D$93,"LIMITATION") | V2: ISSUE-0001; ISSUE-0002; ISSUE-0003; ISSUE-0004; ISSUE-0005; ISSUE-0006; ISSUE-0007; ISSUE-0008; ISSUE-0009; ISSUE-0010 | W2: evidence_batch_017_161; live_source_comparison; customizer_audit; serp_evidence
A3: 162 | B3: jeminise.com+norse-mythology-viking-shield-with-crossed-axes-quilt-ca630a284e-ca630a284e | C3: https://jeminise.com/products/norse-mythology-viking-shield-with-crossed-axes-quilt-ca630a284e-ca630a284e | D3: norse-mythology-viking-shield-with-crossed-axes-quilt-ca630a284e-ca630a284e | E3: 8834808512711 | F3: r1 | G3: =SUMIF('QA_Criteria'!$A$2:$A$111,B3,'QA_Criteria'!$F$2:$F$111) | H3: =SUMIF('QA_Criteria'!$A$2:$A$111,B3,'QA_Criteria'!$G$2:$G$111) | I3: =G3 | J3: =G3+(100-H3) | K3: =IF(AND(H3=100,Q3=1,P3=TRUE),G3,"") | L3: =IF(R3>0,"QA_FAIL",IF(K3="","QA_INCOMPLETE",IF(K3<70,"QA_FAIL",IF(OR(K3<85,S3>0),"QA_REVISE","QA_PASS")))) | M3: SERP_ONLY | N3: 7 | O3: 7 | P3: TRUE | Q3: 1 | R3: =COUNTIFS('QA_Issues'!$B$2:$B$93,B3,'QA_Issues'!$D$2:$D$93,"CRITICAL") | S3: =COUNTIFS('QA_Issues'!$B$2:$B$93,B3,'QA_Issues'!$D$2:$D$93,"MAJOR") | T3: =COUNTIFS('QA_Issues'!$B$2:$B$93,B3,'QA_Issues'!$D$2:$D$93,"MINOR") | U3: =COUNTIFS('QA_Issues'!$B$2:$B$93,B3,'QA_Issues'!$D$2:$D$93,"LIMITATION") | V3: ISSUE-0011; ISSUE-0012; ISSUE-0013; ISSUE-0014; ISSUE-0015; ISSUE-0016; ISSUE-0017; ISSUE-0018; ISSUE-0019; ISSUE-0020; ISSUE-0021 | W3: evidence_batch_017_162; live_source_comparison; customizer_audit; serp_evidence
A4: 163 | B4: jeminise.com+owl-patchwork-pattern-quilt-set-animals-quilt-set-style-owl-nights | C4: https://jeminise.com/products/owl-patchwork-pattern-quilt-set-animals-quilt-set-style-owl-nights | D4: owl-patchwork-pattern-quilt-set-animals-quilt-set-style-owl-nights | E4: 8867095118023 | F4: r1 | G4: =SUMIF('QA_Criteria'!$A$2:$A$111,B4,'QA_Criteria'!$F$2:$F$111) | H4: =SUMIF('QA_Criteria'!$A$2:$A$111,B4,'QA_Criteria'!$G$2:$G$111) | I4: =G4 | J4: =G4+(100-H4) | K4: =IF(AND(H4=100,Q4=1,P4=TRUE),G4,"") | L4: =IF(R4>0,"QA_FAIL",IF(K4="","QA_INCOMPLETE",IF(K4<70,"QA_FAIL",IF(OR(K4<85,S4>0),"QA_REVISE","QA_PASS")))) | M4: SERP_ONLY | N4: 7 | O4: 7 | P4: TRUE | Q4: 1 | R4: =COUNTIFS('QA_Issues'!$B$2:$B$93,B4,'QA_Issues'!$D$2:$D$93,"CRITICAL") | S4: =COUNTIFS('QA_Issues'!$B$2:$B$93,B4,'QA_Issues'!$D$2:$D$93,"MAJOR") | T4: =COUNTIFS('QA_Issues'!$B$2:$B$93,B4,'QA_Issues'!$D$2:$D$93,"MINOR") | U4: =COUNTIFS('QA_Issues'!$B$2:$B$93,B4,'QA_Issues'!$D$2:$D$93,"LIMITATION") | V4: ISSUE-0022; ISSUE-0023; ISSUE-0024; ISSUE-0025; ISSUE-0026; ISSUE-0027; ISSUE-0028; ISSUE-0029; ISSUE-0030; ISSUE-0031 | W4: evidence_batch_017_163; live_source_comparison; customizer_audit; serp_evidence
A5: 164 | B5: jeminise.com+pamnest-twin-halloween-comforter-set-with-sheets-5-pieces-design-01 | C5: https://jeminise.com/products/pamnest-twin-halloween-comforter-set-with-sheets-5-pieces-design-01 | D5: pamnest-twin-halloween-comforter-set-with-sheets-5-pieces-design-01 | E5: 8879778791623 | F5: r1 | G5: =SUMIF('QA_Criteria'!$A$2:$A$111,B5,'QA_Criteria'!$F$2:$F$111) | H5: =SUMIF('QA_Criteria'!$A$2:$A$111,B5,'QA_Criteria'!$G$2:$G$111) | I5: =G5 | J5: =G5+(100-H5) | K5: =IF(AND(H5=100,Q5=1,P5=TRUE),G5,"") | L5: =IF(R5>0,"QA_FAIL",IF(K5="","QA_INCOMPLETE",IF(K5<70,"QA_FAIL",IF(OR(K5<85,S5>0),"QA_REVISE","QA_PASS")))) | M5: SERP_ONLY | N5: 6 | O5: 6 | P5: TRUE | Q5: 1 | R5: =COUNTIFS('QA_Issues'!$B$2:$B$93,B5,'QA_Issues'!$D$2:$D$93,"CRITICAL") | S5: =COUNTIFS('QA_Issues'!$B$2:$B$93,B5,'QA_Issues'!$D$2:$D$93,"MAJOR") | T5: =COUNTIFS('QA_Issues'!$B$2:$B$93,B5,'QA_Issues'!$D$2:$D$93,"MINOR") | U5: =COUNTIFS('QA_Issues'!$B$2:$B$93,B5,'QA_Issues'!$D$2:$D$93,"LIMITATION") | V5: ISSUE-0032; ISSUE-0033; ISSUE-0034; ISSUE-0035; ISSUE-0036; ISSUE-0037; ISSUE-0038; ISSUE-0039; ISSUE-0040 | W5: evidence_batch_017_164; live_source_comparison; customizer_audit; serp_evidence
A6: 165 | B6: jeminise.com+pamnest-twin-halloween-comforter-set-with-sheets-5-pieces-design-02 | C6: https://jeminise.com/products/pamnest-twin-halloween-comforter-set-with-sheets-5-pieces-design-02 | D6: pamnest-twin-halloween-comforter-set-with-sheets-5-pieces-design-02 | E6: 8879778889927 | F6: r1 | G6: =SUMIF('QA_Criteria'!$A$2:$A$111,B6,'QA_Criteria'!$F$2:$F$111) | H6: =SUMIF('QA_Criteria'!$A$2:$A$111,B6,'QA_Criteria'!$G$2:$G$111) | I6: =G6 | J6: =G6+(100-H6) | K6: =IF(AND(H6=100,Q6=1,P6=TRUE),G6,"") | L6: =IF(R6>0,"QA_FAIL",IF(K6="","QA_INCOMPLETE",IF(K6<70,"QA_FAIL",IF(OR(K6<85,S6>0),"QA_REVISE","QA_PASS")))) | M6: SERP_ONLY | N6: 5 | O6: 5 | P6: TRUE | Q6: 1 | R6: =COUNTIFS('QA_Issues'!$B$2:$B$93,B6,'QA_Issues'!$D$2:$D$93,"CRITICAL") | S6: =COUNTIFS('QA_Issues'!$B$2:$B$93,B6,'QA_Issues'!$D$2:$D$93,"MAJOR") | T6: =COUNTIFS('QA_Issues'!$B$2:$B$93,B6,'QA_Issues'!$D$2:$D$93,"MINOR") | U6: =COUNTIFS('QA_Issues'!$B$2:$B$93,B6,'QA_Issues'!$D$2:$D$93,"LIMITATION") | V6: ISSUE-0041; ISSUE-0042; ISSUE-0043; ISSUE-0044; ISSUE-0045; ISSUE-0046; ISSUE-0047 | W6: evidence_batch_017_165; live_source_comparison; customizer_audit; serp_evidence
A7: 166 | B7: jeminise.com+pamnest-twin-halloween-comforter-set-with-sheets-5-pieces-design-03 | C7: https://jeminise.com/products/pamnest-twin-halloween-comforter-set-with-sheets-5-pieces-design-03 | D7: pamnest-twin-halloween-comforter-set-with-sheets-5-pieces-design-03 | E7: 8879779217607 | F7: r1 | G7: =SUMIF('QA_Criteria'!$A$2:$A$111,B7,'QA_Criteria'!$F$2:$F$111) | H7: =SUMIF('QA_Criteria'!$A$2:$A$111,B7,'QA_Criteria'!$G$2:$G$111) | I7: =G7 | J7: =G7+(100-H7) | K7: =IF(AND(H7=100,Q7=1,P7=TRUE),G7,"") | L7: =IF(R7>0,"QA_FAIL",IF(K7="","QA_INCOMPLETE",IF(K7<70,"QA_FAIL",IF(OR(K7<85,S7>0),"QA_REVISE","QA_PASS")))) | M7: SERP_ONLY | N7: 6 | O7: 6 | P7: TRUE | Q7: 1 | R7: =COUNTIFS('QA_Issues'!$B$2:$B$93,B7,'QA_Issues'!$D$2:$D$93,"CRITICAL") | S7: =COUNTIFS('QA_Issues'!$B$2:$B$93,B7,'QA_Issues'!$D$2:$D$93,"MAJOR") | T7: =COUNTIFS('QA_Issues'!$B$2:$B$93,B7,'QA_Issues'!$D$2:$D$93,"MINOR") | U7: =COUNTIFS('QA_Issues'!$B$2:$B$93,B7,'QA_Issues'!$D$2:$D$93,"LIMITATION") | V7: ISSUE-0048; ISSUE-0049; ISSUE-0050; ISSUE-0051; ISSUE-0052; ISSUE-0053; ISSUE-0054; ISSUE-0055; ISSUE-0056 | W7: evidence_batch_017_166; live_source_comparison; customizer_audit; serp_evidence
A8: 167 | B8: jeminise.com+pamnest-twin-halloween-comforter-set-with-sheets-5-pieces-design-04 | C8: https://jeminise.com/products/pamnest-twin-halloween-comforter-set-with-sheets-5-pieces-design-04 | D8: pamnest-twin-halloween-comforter-set-with-sheets-5-pieces-design-04 | E8: 8879779283143 | F8: r1 | G8: =SUMIF('QA_Criteria'!$A$2:$A$111,B8,'QA_Criteria'!$F$2:$F$111) | H8: =SUMIF('QA_Criteria'!$A$2:$A$111,B8,'QA_Criteria'!$G$2:$G$111) | I8: =G8 | J8: =G8+(100-H8) | K8: =IF(AND(H8=100,Q8=1,P8=TRUE),G8,"") | L8: =IF(R8>0,"QA_FAIL",IF(K8="","QA_INCOMPLETE",IF(K8<70,"QA_FAIL",IF(OR(K8<85,S8>0),"QA_REVISE","QA_PASS")))) | M8: SERP_ONLY | N8: 6 | O8: 6 | P8: TRUE | Q8: 1 | R8: =COUNTIFS('QA_Issues'!$B$2:$B$93,B8,'QA_Issues'!$D$2:$D$93,"CRITICAL") | S8: =COUNTIFS('QA_Issues'!$B$2:$B$93,B8,'QA_Issues'!$D$2:$D$93,"MAJOR") | T8: =COUNTIFS('QA_Issues'!$B$2:$B$93,B8,'QA_Issues'!$D$2:$D$93,"MINOR") | U8: =COUNTIFS('QA_Issues'!$B$2:$B$93,B8,'QA_Issues'!$D$2:$D$93,"LIMITATION") | V8: ISSUE-0057; ISSUE-0058; ISSUE-0059; ISSUE-0060; ISSUE-0061; ISSUE-0062; ISSUE-0063; ISSUE-0064; ISSUE-0065 | W8: evidence_batch_017_167; live_source_comparison; customizer_audit; serp_evidence
A9: 168 | B9: jeminise.com+pamnest-twin-halloween-comforter-set-with-sheets-5-pieces-design-05 | C9: https://jeminise.com/products/pamnest-twin-halloween-comforter-set-with-sheets-5-pieces-design-05 | D9: pamnest-twin-halloween-comforter-set-with-sheets-5-pieces-design-05 | E9: 8879779348679 | F9: r1 | G9: =SUMIF('QA_Criteria'!$A$2:$A$111,B9,'QA_Criteria'!$F$2:$F$111) | H9: =SUMIF('QA_Criteria'!$A$2:$A$111,B9,'QA_Criteria'!$G$2:$G$111) | I9: =G9 | J9: =G9+(100-H9) | K9: =IF(AND(H9=100,Q9=1,P9=TRUE),G9,"") | L9: =IF(R9>0,"QA_FAIL",IF(K9="","QA_INCOMPLETE",IF(K9<70,"QA_FAIL",IF(OR(K9<85,S9>0),"QA_REVISE","QA_PASS")))) | M9: SERP_ONLY | N9: 6 | O9: 6 | P9: TRUE | Q9: 1 | R9: =COUNTIFS('QA_Issues'!$B$2:$B$93,B9,'QA_Issues'!$D$2:$D$93,"CRITICAL") | S9: =COUNTIFS('QA_Issues'!$B$2:$B$93,B9,'QA_Issues'!$D$2:$D$93,"MAJOR") | T9: =COUNTIFS('QA_Issues'!$B$2:$B$93,B9,'QA_Issues'!$D$2:$D$93,"MINOR") | U9: =COUNTIFS('QA_Issues'!$B$2:$B$93,B9,'QA_Issues'!$D$2:$D$93,"LIMITATION") | V9: ISSUE-0066; ISSUE-0067; ISSUE-0068; ISSUE-0069; ISSUE-0070; ISSUE-0071; ISSUE-0072; ISSUE-0073; ISSUE-0074 | W9: evidence_batch_017_168; live_source_comparison; customizer_audit; serp_evidence
A10: 169 | B10: jeminise.com+pamnest-twin-halloween-comforter-set-with-sheets-5-pieces-design-06 | C10: https://jeminise.com/products/pamnest-twin-halloween-comforter-set-with-sheets-5-pieces-design-06 | D10: pamnest-twin-halloween-comforter-set-with-sheets-5-pieces-design-06 | E10: 8879779381447 | F10: r1 | G10: =SUMIF('QA_Criteria'!$A$2:$A$111,B10,'QA_Criteria'!$F$2:$F$111) | H10: =SUMIF('QA_Criteria'!$A$2:$A$111,B10,'QA_Criteria'!$G$2:$G$111) | I10: =G10 | J10: =G10+(100-H10) | K10: =IF(AND(H10=100,Q10=1,P10=TRUE),G10,"") | L10: =IF(R10>0,"QA_FAIL",IF(K10="","QA_INCOMPLETE",IF(K10<70,"QA_FAIL",IF(OR(K10<85,S10>0),"QA_REVISE","QA_PASS")))) | M10: SERP_ONLY | N10: 6 | O10: 6 | P10: TRUE | Q10: 1 | R10: =COUNTIFS('QA_Issues'!$B$2:$B$93,B10,'QA_Issues'!$D$2:$D$93,"CRITICAL") | S10: =COUNTIFS('QA_Issues'!$B$2:$B$93,B10,'QA_Issues'!$D$2:$D$93,"MAJOR") | T10: =COUNTIFS('QA_Issues'!$B$2:$B$93,B10,'QA_Issues'!$D$2:$D$93,"MINOR") | U10: =COUNTIFS('QA_Issues'!$B$2:$B$93,B10,'QA_Issues'!$D$2:$D$93,"LIMITATION") | V10: ISSUE-0075; ISSUE-0076; ISSUE-0077; ISSUE-0078; ISSUE-0079; ISSUE-0080; ISSUE-0081; ISSUE-0082; ISSUE-0083 | W10: evidence_batch_017_169; live_source_comparison; customizer_audit; serp_evidence
A11: 170 | B11: jeminise.com+pamnest-twin-halloween-comforter-set-with-sheets-5-pieces-design-07 | C11: https://jeminise.com/products/pamnest-twin-halloween-comforter-set-with-sheets-5-pieces-design-07 | D11: pamnest-twin-halloween-comforter-set-with-sheets-5-pieces-design-07 | E11: 8879779414215 | F11: r1 | G11: =SUMIF('QA_Criteria'!$A$2:$A$111,B11,'QA_Criteria'!$F$2:$F$111) | H11: =SUMIF('QA_Criteria'!$A$2:$A$111,B11,'QA_Criteria'!$G$2:$G$111) | I11: =G11 | J11: =G11+(100-H11) | K11: =IF(AND(H11=100,Q11=1,P11=TRUE),G11,"") | L11: =IF(R11>0,"QA_FAIL",IF(K11="","QA_INCOMPLETE",IF(K11<70,"QA_FAIL",IF(OR(K11<85,S11>0),"QA_REVISE","QA_PASS")))) | M11: SERP_ONLY | N11: 6 | O11: 6 | P11: TRUE | Q11: 1 | R11: =COUNTIFS('QA_Issues'!$B$2:$B$93,B11,'QA_Issues'!$D$2:$D$93,"CRITICAL") | S11: =COUNTIFS('QA_Issues'!$B$2:$B$93,B11,'QA_Issues'!$D$2:$D$93,"MAJOR") | T11: =COUNTIFS('QA_Issues'!$B$2:$B$93,B11,'QA_Issues'!$D$2:$D$93,"MINOR") | U11: =COUNTIFS('QA_Issues'!$B$2:$B$93,B11,'QA_Issues'!$D$2:$D$93,"LIMITATION") | V11: ISSUE-0084; ISSUE-0085; ISSUE-0086; ISSUE-0087; ISSUE-0088; ISSUE-0089; ISSUE-0090; ISSUE-0091; ISSUE-0092 | W11: evidence_batch_017_170; live_source_comparison; customizer_audit; serp_evidence

Sheet QA_Criteria
A1: product_key | B1: criterion_id | C1: weight | D1: assessment | E1: rating | F1: earned_points | G1: assessed_weight | H1: reason | I1: evidence_refs | J1: issue_refs
A2: jeminise.com+norse-mythology-raven-within-celtic-knot-frame-quilt-906ee24d68-906ee24d68 | B2: P1 | C2: 15 | D2: FULL | E2: =IF(B2="I1",AVERAGEIF('QA_Images'!$A$2:$A$63,A2,'QA_Images'!$T$2:$T$63)/100,IF(D2="FULL",1,IF(D2="PARTIAL",0.5,IF(D2="FAIL",0,"")))) | F2: =IF(E2="",0,C2*E2) | G2: =IF(B2="I1",20*AVERAGEIF('QA_Images'!$A$2:$A$63,A2,'QA_Images'!$U$2:$U$63)/100,IF(D2="NOT_CHECKED",0,C2)) | H2: Product identity, handle, product ID, URL and canonical match source/live evidence. Product key/handle/product ID/canonical checked against frozen workbook and live product evidence. | I2: evidence_batch_017_161 | J2: ISSUE-0001; ISSUE-0002; ISSUE-0003; ISSUE-0004
A3: jeminise.com+norse-mythology-raven-within-celtic-knot-frame-quilt-906ee24d68-906ee24d68 | B3: P2 | C3: 10 | D3: PARTIAL | E3: =IF(B3="I1",AVERAGEIF('QA_Images'!$A$2:$A$63,A3,'QA_Images'!$T$2:$T$63)/100,IF(D3="FULL",1,IF(D3="PARTIAL",0.5,IF(D3="FAIL",0,"")))) | F3: =IF(E3="",0,C3*E3) | G3: =IF(B3="I1",20*AVERAGEIF('QA_Images'!$A$2:$A$63,A3,'QA_Images'!$U$2:$U$63)/100,IF(D3="NOT_CHECKED",0,C3)) | H3: Source product facts, variants, specifications and personalization claims are evidence-backed. Personalization/specification claims checked against storefront product.js and static customizer config. | I3: evidence_batch_017_161 | J3: ISSUE-0001; ISSUE-0002; ISSUE-0003; ISSUE-0004
A4: jeminise.com+norse-mythology-raven-within-celtic-knot-frame-quilt-906ee24d68-906ee24d68 | B4: K1 | C4: 10 | D4: PARTIAL | E4: =IF(B4="I1",AVERAGEIF('QA_Images'!$A$2:$A$63,A4,'QA_Images'!$T$2:$T$63)/100,IF(D4="FULL",1,IF(D4="PARTIAL",0.5,IF(D4="FAIL",0,"")))) | F4: =IF(E4="",0,C4*E4) | G4: =IF(B4="I1",20*AVERAGEIF('QA_Images'!$A$2:$A$63,A4,'QA_Images'!$U$2:$U$63)/100,IF(D4="NOT_CHECKED",0,C4)) | H4: Primary keyword aligns with product-level US purchase intent. Primary keyword rechecked against US product-level SERP comparables. | I4: evidence_batch_017_161 | J4: ISSUE-0001; ISSUE-0002; ISSUE-0003; ISSUE-0004
A5: jeminise.com+norse-mythology-raven-within-celtic-knot-frame-quilt-906ee24d68-906ee24d68 | B5: K2 | C5: 5 | D5: PARTIAL | E5: =IF(B5="I1",AVERAGEIF('QA_Images'!$A$2:$A$63,A5,'QA_Images'!$T$2:$T$63)/100,IF(D5="FULL",1,IF(D5="PARTIAL",0.5,IF(D5="FAIL",0,"")))) | F5: =IF(E5="",0,C5*E5) | G5: =IF(B5="I1",20*AVERAGEIF('QA_Images'!$A$2:$A$63,A5,'QA_Images'!$U$2:$U$63)/100,IF(D5="NOT_CHECKED",0,C5)) | H5: Intent/cannibalization check distinguishes nearby products. Nearby product cluster has overlap risk, so intent distinction remains only partial. | I5: evidence_batch_017_161 | J5: ISSUE-0001; ISSUE-0002; ISSUE-0003; ISSUE-0004
A6: jeminise.com+norse-mythology-raven-within-celtic-knot-frame-quilt-906ee24d68-906ee24d68 | B6: K3 | C6: 5 | D6: PARTIAL | E6: =IF(B6="I1",AVERAGEIF('QA_Images'!$A$2:$A$63,A6,'QA_Images'!$T$2:$T$63)/100,IF(D6="FULL",1,IF(D6="PARTIAL",0.5,IF(D6="FAIL",0,"")))) | F6: =IF(E6="",0,C6*E6) | G6: =IF(B6="I1",20*AVERAGEIF('QA_Images'!$A$2:$A$63,A6,'QA_Images'!$U$2:$U$63)/100,IF(D6="NOT_CHECKED",0,C6)) | H6: Keyword evidence is supported by SERP comparables without unsupported volume claims. Evidence is public SERP only; no Search Console, keyword volume or customer-search corpus provided. | I6: evidence_batch_017_161 | J6: ISSUE-0001; ISSUE-0002; ISSUE-0003; ISSUE-0004
A7: jeminise.com+norse-mythology-raven-within-celtic-knot-frame-quilt-906ee24d68-906ee24d68 | B7: T1 | C7: 10 | D7: PARTIAL | E7: =IF(B7="I1",AVERAGEIF('QA_Images'!$A$2:$A$63,A7,'QA_Images'!$T$2:$T$63)/100,IF(D7="FULL",1,IF(D7="PARTIAL",0.5,IF(D7="FAIL",0,"")))) | F7: =IF(E7="",0,C7*E7) | G7: =IF(B7="I1",20*AVERAGEIF('QA_Images'!$A$2:$A$63,A7,'QA_Images'!$U$2:$U$63)/100,IF(D7="NOT_CHECKED",0,C7)) | H7: SEO title and H1 are relevant, specific and grounded in visible/source facts. Proposed H1 is blank, so the title/H1 pair cannot be fully verified. | I7: evidence_batch_017_161 | J7: ISSUE-0001; ISSUE-0002; ISSUE-0003; ISSUE-0004
A8: jeminise.com+norse-mythology-raven-within-celtic-knot-frame-quilt-906ee24d68-906ee24d68 | B8: T2 | C8: 5 | D8: PARTIAL | E8: =IF(B8="I1",AVERAGEIF('QA_Images'!$A$2:$A$63,A8,'QA_Images'!$T$2:$T$63)/100,IF(D8="FULL",1,IF(D8="PARTIAL",0.5,IF(D8="FAIL",0,"")))) | F8: =IF(E8="",0,C8*E8) | G8: =IF(B8="I1",20*AVERAGEIF('QA_Images'!$A$2:$A$63,A8,'QA_Images'!$U$2:$U$63)/100,IF(D8="NOT_CHECKED",0,C8)) | H8: Meta description is concise, publish-ready and avoids unsupported claims. Meta description checked for length, specificity and supportable claims. | I8: evidence_batch_017_161 | J8: ISSUE-0001; ISSUE-0002; ISSUE-0003; ISSUE-0004
A9: jeminise.com+norse-mythology-raven-within-celtic-knot-frame-quilt-906ee24d68-906ee24d68 | B9: D1 | C9: 10 | D9: FAIL | E9: =IF(B9="I1",AVERAGEIF('QA_Images'!$A$2:$A$63,A9,'QA_Images'!$T$2:$T$63)/100,IF(D9="FULL",1,IF(D9="PARTIAL",0.5,IF(D9="FAIL",0,"")))) | F9: =IF(E9="",0,C9*E9) | G9: =IF(B9="I1",20*AVERAGEIF('QA_Images'!$A$2:$A$63,A9,'QA_Images'!$U$2:$U$63)/100,IF(D9="NOT_CHECKED",0,C9)) | H9: Description HTML is publish-ready and free of internal draft/QA instructions. Description HTML still contains internal QA/import language. | I9: evidence_batch_017_161 | J9: ISSUE-0001; ISSUE-0002; ISSUE-0003; ISSUE-0004
A10: jeminise.com+norse-mythology-raven-within-celtic-knot-frame-quilt-906ee24d68-906ee24d68 | B10: D2 | C10: 5 | D10: PARTIAL | E10: =IF(B10="I1",AVERAGEIF('QA_Images'!$A$2:$A$63,A10,'QA_Images'!$T$2:$T$63)/100,IF(D10="FULL",1,IF(D10="PARTIAL",0.5,IF(D10="FAIL",0,"")))) | F10: =IF(E10="",0,C10*E10) | G10: =IF(B10="I1",20*AVERAGEIF('QA_Images'!$A$2:$A$63,A10,'QA_Images'!$U$2:$U$63)/100,IF(D10="NOT_CHECKED",0,C10)) | H10: Description content covers verified design, product type, use case and constraints. Description covers motif/product type but remains templated and does not always map every verified constraint. | I10: evidence_batch_017_161 | J10: ISSUE-0001; ISSUE-0002; ISSUE-0003; ISSUE-0004
A11: jeminise.com+norse-mythology-raven-within-celtic-knot-frame-quilt-906ee24d68-906ee24d68 | B11: I1 | C11: 20 | D11: FULL | E11: =IF(B11="I1",AVERAGEIF('QA_Images'!$A$2:$A$63,A11,'QA_Images'!$T$2:$T$63)/100,IF(D11="FULL",1,IF(D11="PARTIAL",0.5,IF(D11="FAIL",0,"")))) | F11: =IF(E11="",0,C11*E11) | G11: =IF(B11="I1",20*AVERAGEIF('QA_Images'!$A$2:$A$63,A11,'QA_Images'!$U$2:$U$63)/100,IF(D11="NOT_CHECKED",0,C11)) | H11: Image coverage, image observations and alt text quality, derived from QA_Images. Derived from average image QA score; see QA_Images. | I11: evidence_batch_017_161 | J11: ISSUE-0001; ISSUE-0002; ISSUE-0003; ISSUE-0004
A12: jeminise.com+norse-mythology-raven-within-celtic-knot-frame-quilt-906ee24d68-906ee24d68 | B12: E1 | C12: 5 | D12: PARTIAL | E12: =IF(B12="I1",AVERAGEIF('QA_Images'!$A$2:$A$63,A12,'QA_Images'!$T$2:$T$63)/100,IF(D12="FULL",1,IF(D12="PARTIAL",0.5,IF(D12="FAIL",0,"")))) | F12: =IF(E12="",0,C12*E12) | G12: =IF(B12="I1",20*AVERAGEIF('QA_Images'!$A$2:$A$63,A12,'QA_Images'!$U$2:$U$63)/100,IF(D12="NOT_CHECKED",0,C12)) | H12: Evidence chain is traceable and limitations are explicitly separated from failures. Evidence chain is traceable, with admin-export limitation explicitly separated. | I12: evidence_batch_017_161 | J12: ISSUE-0001; ISSUE-0002; ISSUE-0003; ISSUE-0004
A13: jeminise.com+norse-mythology-viking-shield-with-crossed-axes-quilt-ca630a284e-ca630a284e | B13: P1 | C13: 15 | D13: FULL | E13: =IF(B13="I1",AVERAGEIF('QA_Images'!$A$2:$A$63,A13,'QA_Images'!$T$2:$T$63)/100,IF(D13="FULL",1,IF(D13="PARTIAL",0.5,IF(D13="FAIL",0,"")))) | F13: =IF(E13="",0,C13*E13) | G13: =IF(B13="I1",20*AVERAGEIF('QA_Images'!$A$2:$A$63,A13,'QA_Images'!$U$2:$U$63)/100,IF(D13="NOT_CHECKED",0,C13)) | H13: Product identity, handle, product ID, URL and canonical match source/live evidence. Product key/handle/product ID/canonical checked against frozen workbook and live product evidence. | I13: evidence_batch_017_162 | J13: ISSUE-0011; ISSUE-0012; ISSUE-0013; ISSUE-0014; ISSUE-0015
... A111: jeminise.com+pamnest-twin-halloween-comforter-set-with-sheets-5-pieces-design-07 | B111: E1 | C111: 5 | D111: PARTIAL | E111: =IF(B111="I1",AVERAGEIF('QA_Images'!$A$2:$A$63,A111,'QA_Images'!$T$2:$T$63)/100,IF(D111="FULL",1,IF(D111="PARTIAL",0.5,IF(D111="FAIL",0,"")))) | F111: =IF(E111="",0,C111*E111) | G111: =IF(B111="I1",20*AVERAGEIF('QA_Images'!$A$2:$A$63,A111,'QA_Images'!$U$2:$U$63)/100,IF(D111="NOT_CHECKED",0,C111)) | H111: Evidence chain is traceable and limitations are explicitly separated from failures. Evidence chain is traceable, with admin-export limitation explicitly separated. | I111: evidence_batch_017_170 | J111: ISSUE-0084; ISSUE-0085; ISSUE-0086; ISSUE-0087

Sheet QA_Images
A1: product_key | B1: qa_image_key | C1: image_url_source | D1: image_url_workbook | E1: media_id | F1: workbook_image_id | G1: variant | H1: image_location | I1: check_method | J1: checked_at | K1: qa_observation | L1: submitted_observation | M1: storefront_alt_observed | N1: alt_action | O1: alt_effective | P1: IM1 | Q1: IM2 | R1: IM3 | S1: IM4 | T1: image_verified_points | U1: image_assessed_weight | V1: image_final_score | W1: image_score_lower_bound | X1: image_score_upper_bound | Y1: issue_refs | Z1: evidence_refs
A2: jeminise.com+norse-mythology-raven-within-celtic-knot-frame-quilt-906ee24d68-906ee24d68 | B2: img_4a32db49ec01b0ad | C2: https://cdn.shopify.com/s/files/1/0792/5098/1063/files/f5df6ea5afdf042e566b7af241d22bd6929357120dcb00f0bc65a8916d20bdd1.jpg?v=1785104402 | D2: https://cdn.shopify.com/s/files/1/0792/5098/1063/files/f5df6ea5afdf042e566b7af241d22bd6929357120dcb00f0bc65a8916d20bdd1.jpg?v=1785104402 | E2: 47540522516679 | F2: 47540522516679 | H2: GALLERY | I2: DIRECT_IMAGE_DOWNLOAD_AND_SOURCE_ROW_REVIEW | J2: 2026-09-07T21:30:37+07:00 | K2: Direct QA opened downloaded image 161_01; source SHA 5F2E3952F9CFEE8BFB3FA02B98D3FE9BA2F05643499C0504FF9BF49991B087D9. Submitted observation reviewed against gallery position. | L2: Main product mockup showing blue Norse raven Celtic knot quilt. | M2: UNKNOWN | N2: SET | O2: Blue Norse Raven Celtic Knot Quilt displayed in a main product mockup | P2: FULL | Q2: FULL | R2: PARTIAL | S2: FULL | T2: =IF(P2="FULL",40,IF(P2="PARTIAL",40/2,0))+IF(Q2="FULL",30,IF(Q2="PARTIAL",30/2,0))+IF(R2="FULL",20,IF(R2="PARTIAL",20/2,0))+IF(S2="FULL",10,IF(S2="PARTIAL",10/2,0)) | U2: =IF(P2="NOT_CHECKED",0,40)+IF(Q2="NOT_CHECKED",0,30)+IF(R2="NOT_CHECKED",0,20)+IF(S2="NOT_CHECKED",0,10) | V2: =IF(U2=100,T2,"") | W2: =T2 | X2: =T2+(100-U2) | Y2: ISSUE-0005 | Z2: D:\Shopify_Workspace\jeminise_seo\seo_runs\jeminise.com\20260906_234129\qa\20260907_212312\images\161_01.jpg; seo_runs\jeminise.com\20260906_234129\evidence\images\161_norse-mythology-raven-within-celtic-knot-frame-quilt-906ee24d68-906ee24d68\image_01_47540522516679.jpg; seo_runs\jeminise.com\20260906_234129\evidence\contact_sheets\161_norse-mythology-raven-within-celtic-knot-frame-quilt-906ee24d68-906ee24d68.jpg
A3: jeminise.com+norse-mythology-raven-within-celtic-knot-frame-quilt-906ee24d68-906ee24d68 | B3: img_05c15f39a6bc4f33 | C3: https://cdn.shopify.com/s/files/1/0792/5098/1063/files/bbce88f2a66fabf46529458b35db7d33399da290b604d17e49b58d179adc7c2a.jpg?v=1785104402 | D3: https://cdn.shopify.com/s/files/1/0792/5098/1063/files/bbce88f2a66fabf46529458b35db7d33399da290b604d17e49b58d179adc7c2a.jpg?v=1785104402 | E3: 47540522549447 | F3: 47540522549447 | H3: GALLERY | I3: DIRECT_IMAGE_DOWNLOAD_AND_SOURCE_ROW_REVIEW | J3: 2026-09-07T21:30:37+07:00 | K3: Direct QA opened downloaded image 161_02; source SHA 45402A7B1C4420CCA68969194E972CDDBDF716BE753B81A373687CDEF4DE4F8F. Submitted observation reviewed against gallery position. | L3: Secondary flat, close-up or bedroom mockup showing blue Norse raven Celtic knot quilt. | M3: UNKNOWN | N3: SET | O3: Close-up of the print on Blue Norse Raven Celtic Knot Quilt | P3: FULL | Q3: FULL | R3: FULL | S3: FULL | T3: =IF(P3="FULL",40,IF(P3="PARTIAL",40/2,0))+IF(Q3="FULL",30,IF(Q3="PARTIAL",30/2,0))+IF(R3="FULL",20,IF(R3="PARTIAL",20/2,0))+IF(S3="FULL",10,IF(S3="PARTIAL",10/2,0)) | U3: =IF(P3="NOT_CHECKED",0,40)+IF(Q3="NOT_CHECKED",0,30)+IF(R3="NOT_CHECKED",0,20)+IF(S3="NOT_CHECKED",0,10) | V3: =IF(U3=100,T3,"") | W3: =T3 | X3: =T3+(100-U3) | Z3: D:\Shopify_Workspace\jeminise_seo\seo_runs\jeminise.com\20260906_234129\qa\20260907_212312\images\161_02.jpg; seo_runs\jeminise.com\20260906_234129\evidence\images\161_norse-mythology-raven-within-celtic-knot-frame-quilt-906ee24d68-906ee24d68\image_02_47540522549447.jpg; seo_runs\jeminise.com\20260906_234129\evidence\contact_sheets\161_norse-mythology-raven-within-celtic-knot-frame-quilt-906ee24d68-906ee24d68.jpg
A4: jeminise.com+norse-mythology-raven-within-celtic-knot-frame-quilt-906ee24d68-906ee24d68 | B4: img_6bf8da2d85e8de01 | C4: https://cdn.shopify.com/s/files/1/0792/5098/1063/files/27dd51b6fe9a32b87ac804b19987fb134fc4570b327d844efdae0740d4303aab.jpg?v=1785104402 | D4: https://cdn.shopify.com/s/files/1/0792/5098/1063/files/27dd51b6fe9a32b87ac804b19987fb134fc4570b327d844efdae0740d4303aab.jpg?v=1785104402 | E4: 47540522582215 | F4: 47540522582215 | H4: GALLERY | I4: DIRECT_IMAGE_DOWNLOAD_AND_SOURCE_ROW_REVIEW | J4: 2026-09-07T21:30:37+07:00 | K4: Direct QA opened downloaded image 161_03; source SHA 50AFEA49D61BC29A92A4DF63F7CA1E547341FA8C7CF4D1CEB1CB69E9AA916042. Submitted observation reviewed against gallery position. | L4: Bedding type, feature, lifestyle or material image for blue Norse raven Celtic knot quilt. | M4: UNKNOWN | N4: SET | O4: Lifestyle bedroom mockup of Blue Norse Raven Celtic Knot Quilt | P4: FULL | Q4: PARTIAL | R4: FULL | S4: FULL | T4: =IF(P4="FULL",40,IF(P4="PARTIAL",40/2,0))+IF(Q4="FULL",30,IF(Q4="PARTIAL",30/2,0))+IF(R4="FULL",20,IF(R4="PARTIAL",20/2,0))+IF(S4="FULL",10,IF(S4="PARTIAL",10/2,0)) | U4: =IF(P4="NOT_CHECKED",0,40)+IF(Q4="NOT_CHECKED",0,30)+IF(R4="NOT_CHECKED",0,20)+IF(S4="NOT_CHECKED",0,10) | V4: =IF(U4=100,T4,"") | W4: =T4 | X4: =T4+(100-U4) | Y4: ISSUE-0006 | Z4: D:\Shopify_Workspace\jeminise_seo\seo_runs\jeminise.com\20260906_234129\qa\20260907_212312\images\161_03.jpg; seo_runs\jeminise.com\20260906_234129\evidence\images\161_norse-mythology-raven-within-celtic-knot-frame-quilt-906ee24d68-906ee24d68\image_03_47540522582215.jpg; seo_runs\jeminise.com\20260906_234129\evidence\contact_sheets\161_norse-mythology-raven-within-celtic-knot-frame-quilt-906ee24d68-906ee24d68.jpg
A5: jeminise.com+norse-mythology-raven-within-celtic-knot-frame-quilt-906ee24d68-906ee24d68 | B5: img_0b8db06ccd8ee1f6 | C5: https://cdn.shopify.com/s/files/1/0792/5098/1063/files/c63b8bede4de84261bd2bc195d98188fb288eba460ea7d07b0ef625dba18ed45.jpg?v=1785104402 | D5: https://cdn.shopify.com/s/files/1/0792/5098/1063/files/c63b8bede4de84261bd2bc195d98188fb288eba460ea7d07b0ef625dba18ed45.jpg?v=1785104402 | E5: 47540522614983 | F5: 47540522614983 | H5: GALLERY | I5: DIRECT_IMAGE_DOWNLOAD_AND_SOURCE_ROW_REVIEW | J5: 2026-09-07T21:30:37+07:00 | K5: Direct QA opened downloaded image 161_04; source SHA 1EBFE3B8D9025B494ACFD0CA4022F40FA6A0C8FA2F48B98C0ADA0B86EB2641DE. Submitted observation reviewed against gallery position. | L5: Detail, feature panel or lifestyle image connected to blue Norse raven Celtic knot quilt. | M5: UNKNOWN | N5: SET | O5: Front bed view of Blue Norse Raven Celtic Knot Quilt | P5: FULL | Q5: PARTIAL | R5: FULL | S5: FULL | T5: =IF(P5="FULL",40,IF(P5="PARTIAL",40/2,0))+IF(Q5="FULL",30,IF(Q5="PARTIAL",30/2,0))+IF(R5="FULL",20,IF(R5="PARTIAL",20/2,0))+IF(S5="FULL",10,IF(S5="PARTIAL",10/2,0)) | U5: =IF(P5="NOT_CHECKED",0,40)+IF(Q5="NOT_CHECKED",0,30)+IF(R5="NOT_CHECKED",0,20)+IF(S5="NOT_CHECKED",0,10) | V5: =IF(U5=100,T5,"") | W5: =T5 | X5: =T5+(100-U5) | Y5: ISSUE-0007 | Z5: D:\Shopify_Workspace\jeminise_seo\seo_runs\jeminise.com\20260906_234129\qa\20260907_212312\images\161_04.jpg; seo_runs\jeminise.com\20260906_234129\evidence\images\161_norse-mythology-raven-within-celtic-knot-frame-quilt-906ee24d68-906ee24d68\image_04_47540522614983.jpg; seo_runs\jeminise.com\20260906_234129\evidence\contact_sheets\161_norse-mythology-raven-within-celtic-knot-frame-quilt-906ee24d68-906ee24d68.jpg
A6: jeminise.com+norse-mythology-raven-within-celtic-knot-frame-quilt-906ee24d68-906ee24d68 | B6: img_bec905db5c55388b | C6: https://cdn.shopify.com/s/files/1/0792/5098/1063/files/bbe527fc7f68c31328261559b7b766ec905010bb91f9515c6d557dd1b085f14b.jpg?v=1785104402 | D6: https://cdn.shopify.com/s/files/1/0792/5098/1063/files/bbe527fc7f68c31328261559b7b766ec905010bb91f9515c6d557dd1b085f14b.jpg?v=1785104402 | E6: 47540522647751 | F6: 47540522647751 | H6: GALLERY | I6: DIRECT_IMAGE_DOWNLOAD_AND_SOURCE_ROW_REVIEW | J6: 2026-09-07T21:30:37+07:00 | K6: Direct QA opened downloaded image 161_05; source SHA 8B8AB476B72DF5DECE8B47FF68FE7F7C254464FAC6C53140000397E0CCAF3C53. Submitted observation reviewed against gallery position. | L6: Additional mockup, care or size information for blue Norse raven Celtic knot quilt. | M6: UNKNOWN | N6: SET | O6: Fitted sheet or size feature image for Blue Norse Raven Celtic Knot Quilt | P6: FULL | Q6: FULL | R6: FULL | S6: FULL | T6: =IF(P6="FULL",40,IF(P6="PARTIAL",40/2,0))+IF(Q6="FULL",30,IF(Q6="PARTIAL",30/2,0))+IF(R6="FULL",20,IF(R6="PARTIAL",20/2,0))+IF(S6="FULL",10,IF(S6="PARTIAL",10/2,0)) | U6: =IF(P6="NOT_CHECKED",0,40)+IF(Q6="NOT_CHECKED",0,30)+IF(R6="NOT_CHECKED",0,20)+IF(S6="NOT_CHECKED",0,10) | V6: =IF(U6=100,T6,"") | W6: =T6 | X6: =T6+(100-U6) | Z6: D:\Shopify_Workspace\jeminise_seo\seo_runs\jeminise.com\20260906_234129\qa\20260907_212312\images\161_05.jpg; seo_runs\jeminise.com\20260906_234129\evidence\images\161_norse-mythology-raven-within-celtic-knot-frame-quilt-906ee24d68-906ee24d68\image_05_47540522647751.jpg; seo_runs\jeminise.com\20260906_234129\evidence\contact_sheets\161_norse-mythology-raven-within-celtic-knot-frame-quilt-906ee24d68-906ee24d68.jpg
A7: jeminise.com+norse-mythology-raven-within-celtic-knot-frame-quilt-906ee24d68-906ee24d68 | B7: img_4a8ac5f2d547d70c | C7: https://cdn.shopify.com/s/files/1/0792/5098/1063/files/5cc9f4f96bdb0280d8a3c4b98775690e61d79ad5625e9f20a101536548fe3b0e.jpg?v=1785104402 | D7: https://cdn.shopify.com/s/files/1/0792/5098/1063/files/5cc9f4f96bdb0280d8a3c4b98775690e61d79ad5625e9f20a101536548fe3b0e.jpg?v=1785104402 | E7: 47540522680519 | F7: 47540522680519 | H7: GALLERY | I7: DIRECT_IMAGE_DOWNLOAD_AND_SOURCE_ROW_REVIEW | J7: 2026-09-07T21:30:37+07:00 | K7: Direct QA opened downloaded image 161_06; source SHA 6A3B322F6DA7163F9772280430DDE0229605BBF4DC984034ECA74EE7B134A75A. Submitted observation reviewed against gallery position. | L7: Easy-care, size guide or product feature image for blue Norse raven Celtic knot quilt. | M7: UNKNOWN | N7: SET | O7: Set contents and size chart image for Blue Norse Raven Celtic Knot Quilt | P7: FULL | Q7: PARTIAL | R7: PARTIAL | S7: FULL | T7: =IF(P7="FULL",40,IF(P7="PARTIAL",40/2,0))+IF(Q7="FULL",30,IF(Q7="PARTIAL",30/2,0))+IF(R7="FULL",20,IF(R7="PARTIAL",20/2,0))+IF(S7="FULL",10,IF(S7="PARTIAL",10/2,0)) | U7: =IF(P7="NOT_CHECKED",0,40)+IF(Q7="NOT_CHECKED",0,30)+IF(R7="NOT_CHECKED",0,20)+IF(S7="NOT_CHECKED",0,10) | V7: =IF(U7=100,T7,"") | W7: =T7 | X7: =T7+(100-U7) | Y7: ISSUE-0008; ISSUE-0009 | Z7: D:\Shopify_Workspace\jeminise_seo\seo_runs\jeminise.com\20260906_234129\qa\20260907_212312\images\161_06.jpg; seo_runs\jeminise.com\20260906_234129\evidence\images\161_norse-mythology-raven-within-celtic-knot-frame-quilt-906ee24d68-906ee24d68\image_06_47540522680519.jpg; seo_runs\jeminise.com\20260906_234129\evidence\contact_sheets\161_norse-mythology-raven-within-celtic-knot-frame-quilt-906ee24d68-906ee24d68.jpg
A8: jeminise.com+norse-mythology-raven-within-celtic-knot-frame-quilt-906ee24d68-906ee24d68 | B8: img_6ca30d95daecc374 | C8: https://cdn.shopify.com/s/files/1/0792/5098/1063/files/31facc27e0d676d03e5239357f2912111f3e0640688af1ac241589e99b6705fb.jpg?v=1785104402 | D8: https://cdn.shopify.com/s/files/1/0792/5098/1063/files/31facc27e0d676d03e5239357f2912111f3e0640688af1ac241589e99b6705fb.jpg?v=1785104402 | E8: 47540522713287 | F8: 47540522713287 | H8: GALLERY | I8: DIRECT_IMAGE_DOWNLOAD_AND_SOURCE_ROW_REVIEW | J8: 2026-09-07T21:30:37+07:00 | K8: Direct QA opened downloaded image 161_07; source SHA ECD93B622C766ABF2C6D708D77408DEDEB63C129220B99F56A5244F09EC16214. Submitted observation reviewed against gallery position. | L8: Additional lifestyle, feature or product detail image showing blue Norse raven Celtic knot quilt. | M8: UNKNOWN | N8: SET | O8: Additional product mockup of Blue Norse Raven Celtic Knot Quilt | P8: FULL | Q8: PARTIAL | R8: FULL | S8: FULL | T8: =IF(P8="FULL",40,IF(P8="PARTIAL",40/2,0))+IF(Q8="FULL",30,IF(Q8="PARTIAL",30/2,0))+IF(R8="FULL",20,IF(R8="PARTIAL",20/2,0))+IF(S8="FULL",10,IF(S8="PARTIAL",10/2,0)) | U8: =IF(P8="NOT_CHECKED",0,40)+IF(Q8="NOT_CHECKED",0,30)+IF(R8="NOT_CHECKED",0,20)+IF(S8="NOT_CHECKED",0,10) | V8: =IF(U8=100,T8,"") | W8: =T8 | X8: =T8+(100-U8) | Y8: ISSUE-0010 | Z8: D:\Shopify_Workspace\jeminise_seo\seo_runs\jeminise.com\20260906_234129\qa\20260907_212312\images\161_07.jpg; seo_runs\jeminise.com\20260906_234129\evidence\images\161_norse-mythology-raven-within-celtic-knot-frame-quilt-906ee24d68-906ee24d68\image_07_47540522713287.jpg; seo_runs\jeminise.com\20260906_234129\evidence\contact_sheets\161_norse-mythology-raven-within-celtic-knot-frame-quilt-906ee24d68-906ee24d68.jpg
A9: jeminise.com+norse-mythology-viking-shield-with-crossed-axes-quilt-ca630a284e-ca630a284e | B9: img_42492548a1a20fbe | C9: https://cdn.shopify.com/s/files/1/0792/5098/1063/files/a0bb7b2e86bb5a07b6f85d9046b813c1954eadf01e22807354afd66a9ebfdea6.jpg?v=1785104553 | D9: https://cdn.shopify.com/s/files/1/0792/5098/1063/files/a0bb7b2e86bb5a07b6f85d9046b813c1954eadf01e22807354afd66a9ebfdea6.jpg?v=1785104553 | E9: 47540537688263 | F9: 47540537688263 | H9: GALLERY | I9: DIRECT_IMAGE_DOWNLOAD_AND_SOURCE_ROW_REVIEW | J9: 2026-09-07T21:30:37+07:00 | K9: Direct QA opened downloaded image 162_01; source SHA 5010AD7F41130DFEFF8A19435EE269E7B39D6F6B4778A6627DD6F02631CA1448. Submitted observation reviewed against gallery position. | L9: Main product mockup showing Valhalla Viking shield crossed axes quilt. | M9: UNKNOWN | N9: SET | O9: Valhalla Viking Shield Crossed Axes Quilt displayed in a main product mockup | P9: FULL | Q9: FULL | R9: PARTIAL | S9: FULL | T9: =IF(P9="FULL",40,IF(P9="PARTIAL",40/2,0))+IF(Q9="FULL",30,IF(Q9="PARTIAL",30/2,0))+IF(R9="FULL",20,IF(R9="PARTIAL",20/2,0))+IF(S9="FULL",10,IF(S9="PARTIAL",10/2,0)) | U9: =IF(P9="NOT_CHECKED",0,40)+IF(Q9="NOT_CHECKED",0,30)+IF(R9="NOT_CHECKED",0,20)+IF(S9="NOT_CHECKED",0,10) | V9: =IF(U9=100,T9,"") | W9: =T9 | X9: =T9+(100-U9) | Y9: ISSUE-0016 | Z9: D:\Shopify_Workspace\jeminise_seo\seo_runs\jeminise.com\20260906_234129\qa\20260907_212312\images\162_01.jpg; seo_runs\jeminise.com\20260906_234129\evidence\images\162_norse-mythology-viking-shield-with-crossed-axes-quilt-ca630a284e-ca630a284e\image_01_47540537688263.jpg; seo_runs\jeminise.com\20260906_234129\evidence\contact_sheets\162_norse-mythology-viking-shield-with-crossed-axes-quilt-ca630a284e-ca630a284e.jpg
A10: jeminise.com+norse-mythology-viking-shield-with-crossed-axes-quilt-ca630a284e-ca630a284e | B10: img_95da18ab7d222f8a | C10: https://cdn.shopify.com/s/files/1/0792/5098/1063/files/cdc35c826f340b6635063d4154a0b5dfe33f71c7ea05f07fdfc6546f09c22e28.jpg?v=1785104553 | D10: https://cdn.shopify.com/s/files/1/0792/5098/1063/files/cdc35c826f340b6635063d4154a0b5dfe33f71c7ea05f07fdfc6546f09c22e28.jpg?v=1785104553 | E10: 47540537721031 | F10: 47540537721031 | H10: GALLERY | I10: DIRECT_IMAGE_DOWNLOAD_AND_SOURCE_ROW_REVIEW | J10: 2026-09-07T21:30:37+07:00 | K10: Direct QA opened downloaded image 162_02; source SHA B780F1C2A1A631706AC39C588D420C8721F546FD3FC03AB4A8CDE4017456E7C6. Submitted observation reviewed against gallery position. | L10: Secondary flat, close-up or bedroom mockup showing Valhalla Viking shield crossed axes quilt. | M10: UNKNOWN | N10: SET | O10: Close-up of the print on Valhalla Viking Shield Crossed Axes Quilt | P10: FULL | Q10: FULL | R10: FULL | S10: FULL | T10: =IF(P10="FULL",40,IF(P10="PARTIAL",40/2,0))+IF(Q10="FULL",30,IF(Q10="PARTIAL",30/2,0))+IF(R10="FULL",20,IF(R10="PARTIAL",20/2,0))+IF(S10="FULL",10,IF(S10="PARTIAL",10/2,0)) | U10: =IF(P10="NOT_CHECKED",0,40)+IF(Q10="NOT_CHECKED",0,30)+IF(R10="NOT_CHECKED",0,20)+IF(S10="NOT_CHECKED",0,10) | V10: =IF(U10=100,T10,"") | W10: =T10 | X10: =T10+(100-U10) | Z10: D:\Shopify_Workspace\jeminise_seo\seo_runs\jeminise.com\20260906_234129\qa\20260907_212312\images\162_02.jpg; seo_runs\jeminise.com\20260906_234129\evidence\images\162_norse-mythology-viking-shield-with-crossed-axes-quilt-ca630a284e-ca630a284e\image_02_47540537721031.jpg; seo_runs\jeminise.com\20260906_234129\evidence\contact_sheets\162_norse-mythology-viking-shield-with-crossed-axes-quilt-ca630a284e-ca630a284e.jpg
A11: jeminise.com+norse-mythology-viking-shield-with-crossed-axes-quilt-ca630a284e-ca630a284e | B11: img_c06b4b0b74770f0a | C11: https://cdn.shopify.com/s/files/1/0792/5098/1063/files/7127a02e884cad7c5184ce1b2946ac662960d39acad6edb3b8a21f844cc7fb83.jpg?v=1785104553 | D11: https://cdn.shopify.com/s/files/1/0792/5098/1063/files/7127a02e884cad7c5184ce1b2946ac662960d39acad6edb3b8a21f844cc7fb83.jpg?v=1785104553 | E11: 47540537753799 | F11: 47540537753799 | H11: GALLERY | I11: DIRECT_IMAGE_DOWNLOAD_AND_SOURCE_ROW_REVIEW | J11: 2026-09-07T21:30:37+07:00 | K11: Direct QA opened downloaded image 162_03; source SHA 41AFB4C92D4CF29D2AD3187CEC72EC16F2171CC7F58A62794E269C4CAE36A378. Submitted observation reviewed against gallery position. | L11: Bedding type, feature, lifestyle or material image for Valhalla Viking shield crossed axes quilt. | M11: UNKNOWN | N11: SET | O11: Lifestyle bedroom mockup of Valhalla Viking Shield Crossed Axes Quilt | P11: FULL | Q11: PARTIAL | R11: FULL | S11: FULL | T11: =IF(P11="FULL",40,IF(P11="PARTIAL",40/2,0))+IF(Q11="FULL",30,IF(Q11="PARTIAL",30/2,0))+IF(R11="FULL",20,IF(R11="PARTIAL",20/2,0))+IF(S11="FULL",10,IF(S11="PARTIAL",10/2,0)) | U11: =IF(P11="NOT_CHECKED",0,40)+IF(Q11="NOT_CHECKED",0,30)+IF(R11="NOT_CHECKED",0,20)+IF(S11="NOT_CHECKED",0,10) | V11: =IF(U11=100,T11,"") | W11: =T11 | X11: =T11+(100-U11) | Y11: ISSUE-0017 | Z11: D:\Shopify_Workspace\jeminise_seo\seo_runs\jeminise.com\20260906_234129\qa\20260907_212312\images\162_03.jpg; seo_runs\jeminise.com\20260906_234129\evidence\images\162_norse-mythology-viking-shield-with-crossed-axes-quilt-ca630a284e-ca630a284e\image_03_47540537753799.jpg; seo_runs\jeminise.com\20260906_234129\evidence\contact_sheets\162_norse-mythology-viking-shield-with-crossed-axes-quilt-ca630a284e-ca630a284e.jpg
A12: jeminise.com+norse-mythology-viking-shield-with-crossed-axes-quilt-ca630a284e-ca630a284e | B12: img_54624a6c9dde416f | C12: https://cdn.shopify.com/s/files/1/0792/5098/1063/files/e1bca6ad0b85bcfa2b85d2a0322d79680fde7448a15adec1757a81eb07c4bf6f.jpg?v=1785104553 | D12: https://cdn.shopify.com/s/files/1/0792/5098/1063/files/e1bca6ad0b85bcfa2b85d2a0322d79680fde7448a15adec1757a81eb07c4bf6f.jpg?v=1785104553 | E12: 47540537786567 | F12: 47540537786567 | H12: GALLERY | I12: DIRECT_IMAGE_DOWNLOAD_AND_SOURCE_ROW_REVIEW | J12: 2026-09-07T21:30:37+07:00 | K12: Direct QA opened downloaded image 162_04; source SHA A41A44134043C9136539F8E607535E3D11B3ACB18100BB96CEC2DA445F2ABD0F. Submitted observation reviewed against gallery position. | L12: Detail, feature panel or lifestyle image connected to Valhalla Viking shield crossed axes quilt. | M12: UNKNOWN | N12: SET | O12: Front bed view of Valhalla Viking Shield Crossed Axes Quilt | P12: FULL | Q12: PARTIAL | R12: FULL | S12: FULL | T12: =IF(P12="FULL",40,IF(P12="PARTIAL",40/2,0))+IF(Q12="FULL",30,IF(Q12="PARTIAL",30/2,0))+IF(R12="FULL",20,IF(R12="PARTIAL",20/2,0))+IF(S12="FULL",10,IF(S12="PARTIAL",10/2,0)) | U12: =IF(P12="NOT_CHECKED",0,40)+IF(Q12="NOT_CHECKED",0,30)+IF(R12="NOT_CHECKED",0,20)+IF(S12="NOT_CHECKED",0,10) | V12: =IF(U12=100,T12,"") | W12: =T12 | X12: =T12+(100-U12) | Y12: ISSUE-0018 | Z12: D:\Shopify_Workspace\jeminise_seo\seo_runs\jeminise.com\20260906_234129\qa\20260907_212312\images\162_04.jpg; seo_runs\jeminise.com\20260906_234129\evidence\images\162_norse-mythology-viking-shield-with-crossed-axes-quilt-ca630a284e-ca630a284e\image_04_47540537786567.jpg; seo_runs\jeminise.com\20260906_234129\evidence\contact_sheets\162_norse-mythology-viking-shield-with-crossed-axes-quilt-ca630a284e-ca630a284e.jpg
A13: jeminise.com+norse-mythology-viking-shield-with-crossed-axes-quilt-ca630a284e-ca630a284e | B13: img_342f31e7d8496cf1 | C13: https://cdn.shopify.com/s/files/1/0792/5098/1063/files/77fb3f8c371cf27dd16588f3cf56fb24c12deaa2922c16412de893b0e53890dd.jpg?v=1785104553 | D13: https://cdn.shopify.com/s/files/1/0792/5098/1063/files/77fb3f8c371cf27dd16588f3cf56fb24c12deaa2922c16412de893b0e53890dd.jpg?v=1785104553 | E13: 47540537819335 | F13: 47540537819335 | H13: GALLERY | I13: DIRECT_IMAGE_DOWNLOAD_AND_SOURCE_ROW_REVIEW | J13: 2026-09-07T21:30:37+07:00 | K13: Direct QA opened downloaded image 162_05; source SHA 022469EE5C53116CFE68E563776876B274B93C35FCEE1527E5772890999A92A5. Submitted observation reviewed against gallery position. | L13: Additional mockup, care or size information for Valhalla Viking shield crossed axes quilt. | M13: UNKNOWN | N13: SET | O13: Fitted sheet or size feature image for Valhalla Viking Shield Crossed Axes Quilt | P13: FULL | Q13: FULL | R13: FULL | S13: FULL | T13: =IF(P13="FULL",40,IF(P13="PARTIAL",40/2,0))+IF(Q13="FULL",30,IF(Q13="PARTIAL",30/2,0))+IF(R13="FULL",20,IF(R13="PARTIAL",20/2,0))+IF(S13="FULL",10,IF(S13="PARTIAL",10/2,0)) | U13: =IF(P13="NOT_CHECKED",0,40)+IF(Q13="NOT_CHECKED",0,30)+IF(R13="NOT_CHECKED",0,20)+IF(S13="NOT_CHECKED",0,10) | V13: =IF(U13=100,T13,"") | W13: =T13 | X13: =T13+(100-U13) | Z13: D:\Shopify_Workspace\jeminise_seo\seo_runs\jeminise.com\20260906_234129\qa\20260907_212312\images\162_05.jpg; seo_runs\jeminise.com\20260906_234129\evidence\images\162_norse-mythology-viking-shield-with-crossed-axes-quilt-ca630a284e-ca630a284e\image_05_47540537819335.jpg; seo_runs\jeminise.com\20260906_234129\evidence\contact_sheets\162_norse-mythology-viking-shield-with-crossed-axes-quilt-ca630a284e-ca630a284e.jpg
A14: jeminise.com+norse-mythology-viking-shield-with-crossed-axes-quilt-ca630a284e-ca630a284e | B14: img_038029ec09923701 | C14: https://cdn.shopify.com/s/files/1/0792/5098/1063/files/ca05f793ad1004a8bcf1b14bc5f968c4664bf701819e6903e275f14d034862a6.jpg?v=1785104553 | D14: https://cdn.shopify.com/s/files/1/0792/5098/1063/files/ca05f793ad1004a8bcf1b14bc5f968c4664bf701819e6903e275f14d034862a6.jpg?v=1785104553 | E14: 47540537852103 | F14: 47540537852103 | H14: GALLERY | I14: DIRECT_IMAGE_DOWNLOAD_AND_SOURCE_ROW_REVIEW | J14: 2026-09-07T21:30:37+07:00 | K14: Direct QA opened downloaded image 162_06; source SHA 84F9B1437ED7CF29C5BD3E8670F1DC69484C8566CD13FA309647552B8E571C6F. Submitted observation reviewed against gallery position. | L14: Easy-care, size guide or product feature image for Valhalla Viking shield crossed axes quilt. | M14: UNKNOWN | N14: SET | O14: Set contents and size chart image for Valhalla Viking Shield Crossed Axes Quilt | P14: FULL | Q14: PARTIAL | R14: PARTIAL | S14: FULL | T14: =IF(P14="FULL",40,IF(P14="PARTIAL",40/2,0))+IF(Q14="FULL",30,IF(Q14="PARTIAL",30/2,0))+IF(R14="FULL",20,IF(R14="PARTIAL",20/2,0))+IF(S14="FULL",10,IF(S14="PARTIAL",10/2,0)) | U14: =IF(P14="NOT_CHECKED",0,40)+IF(Q14="NOT_CHECKED",0,30)+IF(R14="NOT_CHECKED",0,20)+IF(S14="NOT_CHECKED",0,10) | V14: =IF(U14=100,T14,"") | W14: =T14 | X14: =T14+(100-U14) | Y14: ISSUE-0019; ISSUE-0020 | Z14: D:\Shopify_Workspace\jeminise_seo\seo_runs\jeminise.com\20260906_234129\qa\20260907_212312\images\162_06.jpg; seo_runs\jeminise.com\20260906_234129\evidence\images\162_norse-mythology-viking-shield-with-crossed-axes-quilt-ca630a284e-ca630a284e\image_06_47540537852103.jpg; seo_runs\jeminise.com\20260906_234129\evidence\contact_sheets\162_norse-mythology-viking-shield-with-crossed-axes-quilt-ca630a284e-ca630a284e.jpg
A15: jeminise.com+norse-mythology-viking-shield-with-crossed-axes-quilt-ca630a284e-ca630a284e | B15: img_02da08e65517a2bf | C15: https://cdn.shopify.com/s/files/1/0792/5098/1063/files/b002678b1b933df28fb349bc6ff5667b37b28acab3f3e263980071a114b93302.jpg?v=1785104552 | D15: https://cdn.shopify.com/s/files/1/0792/5098/1063/files/b002678b1b933df28fb349bc6ff5667b37b28acab3f3e263980071a114b93302.jpg?v=1785104552 | E15: 47540537884871 | F15: 47540537884871 | H15: GALLERY | I15: DIRECT_IMAGE_DOWNLOAD_AND_SOURCE_ROW_REVIEW | J15: 2026-09-07T21:30:37+07:00 | K15: Direct QA opened downloaded image 162_07; source SHA E00737BD21CBC4629256B07CC5E47B44B21178025F4DFB8775B2F14A88AD5809. Submitted observation reviewed against gallery position. | L15: Additional lifestyle, feature or product detail image showing Valhalla Viking shield crossed axes quilt. | M15: UNKNOWN | N15: SET | O15: Additional product mockup of Valhalla Viking Shield Crossed Axes Quilt | P15: FULL | Q15: PARTIAL | R15: FULL | S15: FULL | T15: =IF(P15="FULL",40,IF(P15="PARTIAL",40/2,0))+IF(Q15="FULL",30,IF(Q15="PARTIAL",30/2,0))+IF(R15="FULL",20,IF(R15="PARTIAL",20/2,0))+IF(S15="FULL",10,IF(S15="PARTIAL",10/2,0)) | U15: =IF(P15="NOT_CHECKED",0,40)+IF(Q15="NOT_CHECKED",0,30)+IF(R15="NOT_CHECKED",0,20)+IF(S15="NOT_CHECKED",0,10) | V15: =IF(U15=100,T15,"") | W15: =T15 | X15: =T15+(100-U15) | Y15: ISSUE-0021 | Z15: D:\Shopify_Workspace\jeminise_seo\seo_runs\jeminise.com\20260906_234129\qa\20260907_212312\images\162_07.jpg; seo_runs\jeminise.com\20260906_234129\evidence\images\162_norse-mythology-viking-shield-with-crossed-axes-quilt-ca630a284e-ca630a284e\image_07_47540537884871.jpg; seo_runs\jeminise.com\20260906_234129\evidence\contact_sheets\162_norse-mythology-viking-shield-with-crossed-axes-quilt-ca630a284e-ca630a284e.jpg
A16: jeminise.com+owl-patchwork-pattern-quilt-set-animals-quilt-set-style-owl-nights | B16: img_c8bf6eea06d88efc | C16: https://cdn.shopify.com/s/files/1/0792/5098/1063/files/b12b5b630d5361e095b70248a7029d44aa83474cedccaae8a99938e5a82aa9e5.jpg?v=1787233687 | D16: https://cdn.shopify.com/s/files/1/0792/5098/1063/files/b12b5b630d5361e095b70248a7029d44aa83474cedccaae8a99938e5a82aa9e5.jpg?v=1787233687 | E16: 47933462872263 | F16: 47933462872263 | H16: GALLERY | I16: DIRECT_IMAGE_DOWNLOAD_AND_SOURCE_ROW_REVIEW | J16: 2026-09-07T21:30:37+07:00 | K16: Direct QA opened downloaded image 163_01; source SHA 7138DFE66AFC3B8B7EEB314B221FDE7A551A1AB49A73821AC810E671B220EBB8. Submitted observation reviewed against gallery position. | L16: Main product mockup showing blue gold owl night patchwork quilt. | M16: UNKNOWN | N16: SET | O16: Blue Gold Owl Night Patchwork Quilt displayed in a main product mockup | P16: FULL | Q16: FULL | R16: PARTIAL | S16: FULL | T16: =IF(P16="FULL",40,IF(P16="PARTIAL",40/2,0))+IF(Q16="FULL",30,IF(Q16="PARTIAL",30/2,0))+IF(R16="FULL",20,IF(R16="PARTIAL",20/2,0))+IF(S16="FULL",10,IF(S16="PARTIAL",10/2,0)) | U16: =IF(P16="NOT_CHECKED",0,40)+IF(Q16="NOT_CHECKED",0,30)+IF(R16="NOT_CHECKED",0,20)+IF(S16="NOT_CHECKED",0,10) | V16: =IF(U16=100,T16,"") | W16: =T16 | X16: =T16+(100-U16) | Y16: ISSUE-0026 | Z16: D:\Shopify_Workspace\jeminise_seo\seo_runs\jeminise.com\20260906_234129\qa\20260907_212312\images\163_01.jpg; seo_runs\jeminise.com\20260906_234129\evidence\images\163_owl-patchwork-pattern-quilt-set-animals-quilt-set-style-owl-nights\image_01_47933462872263.jpg; seo_runs\jeminise.com\20260906_234129\evidence\contact_sheets\163_owl-patchwork-pattern-quilt-set-animals-quilt-set-style-owl-nights.jpg
A17: jeminise.com+owl-patchwork-pattern-quilt-set-animals-quilt-set-style-owl-nights | B17: img_2c601500ab0cd47c | C17: https://cdn.shopify.com/s/files/1/0792/5098/1063/files/41113dc58569ae2adc6d3dde435731253d18a0408ae05d7000f8517dee0c01a4.jpg?v=1787233687 | D17: https://cdn.shopify.com/s/files/1/0792/5098/1063/files/41113dc58569ae2adc6d3dde435731253d18a0408ae05d7000f8517dee0c01a4.jpg?v=1787233687 | E17: 47933462905031 | F17: 47933462905031 | H17: GALLERY | I17: DIRECT_IMAGE_DOWNLOAD_AND_SOURCE_ROW_REVIEW | J17: 2026-09-07T21:30:37+07:00 | K17: Direct QA opened downloaded image 163_02; source SHA CD31251B5B8F32DE988065F660F0353DB2C45B880C9F3620314B74DD3928E704. Submitted observation reviewed against gallery position. | L17: Secondary flat, close-up or bedroom mockup showing blue gold owl night patchwork quilt. | M17: UNKNOWN | N17: SET | O17: Close-up of the print on Blue Gold Owl Night Patchwork Quilt | P17: FULL | Q17: FULL | R17: FULL | S17: FULL | T17: =IF(P17="FULL",40,IF(P17="PARTIAL",40/2,0))+IF(Q17="FULL",30,IF(Q17="PARTIAL",30/2,0))+IF(R17="FULL",20,IF(R17="PARTIAL",20/2,0))+IF(S17="FULL",10,IF(S17="PARTIAL",10/2,0)) | U17: =IF(P17="NOT_CHECKED",0,40)+IF(Q17="NOT_CHECKED",0,30)+IF(R17="NOT_CHECKED",0,20)+IF(S17="NOT_CHECKED",0,10) | V17: =IF(U17=100,T17,"") | W17: =T17 | X17: =T17+(100-U17) | Z17: D:\Shopify_Workspace\jeminise_seo\seo_runs\jeminise.com\20260906_234129\qa\20260907_212312\images\163_02.jpg; seo_runs\jeminise.com\20260906_234129\evidence\images\163_owl-patchwork-pattern-quilt-set-animals-quilt-set-style-owl-nights\image_02_47933462905031.jpg; seo_runs\jeminise.com\20260906_234129\evidence\contact_sheets\163_owl-patchwork-pattern-quilt-set-animals-quilt-set-style-owl-nights.jpg
A18: jeminise.com+owl-patchwork-pattern-quilt-set-animals-quilt-set-style-owl-nights | B18: img_5f334955b7afbf46 | C18: https://cdn.shopify.com/s/files/1/0792/5098/1063/files/fd5e9ddd0678c2d4c24c4bd3dfda693b589b9dd151f9f214cdc48d107b8e6592.jpg?v=1787233688 | D18: https://cdn.shopify.com/s/files/1/0792/5098/1063/files/fd5e9ddd0678c2d4c24c4bd3dfda693b589b9dd151f9f214cdc48d107b8e6592.jpg?v=1787233688 | E18: 47933462937799 | F18: 47933462937799 | H18: GALLERY | I18: DIRECT_IMAGE_DOWNLOAD_AND_SOURCE_ROW_REVIEW | J18: 2026-09-07T21:30:37+07:00 | K18: Direct QA opened downloaded image 163_03; source SHA 59594C7BC02BE5BDACB92B4688B2BAB04A4D4CE43BD553322FFEE957262032E7. Submitted observation reviewed against gallery position. | L18: Bedding type, feature, lifestyle or material image for blue gold owl night patchwork quilt. | M18: UNKNOWN | N18: SET | O18: Lifestyle bedroom mockup of Blue Gold Owl Night Patchwork Quilt | P18: FULL | Q18: PARTIAL | R18: FULL | S18: FULL | T18: =IF(P18="FULL",40,IF(P18="PARTIAL",40/2,0))+IF(Q18="FULL",30,IF(Q18="PARTIAL",30/2,0))+IF(R18="FULL",20,IF(R18="PARTIAL",20/2,0))+IF(S18="FULL",10,IF(S18="PARTIAL",10/2,0)) | U18: =IF(P18="NOT_CHECKED",0,40)+IF(Q18="NOT_CHECKED",0,30)+IF(R18="NOT_CHECKED",0,20)+IF(S18="NOT_CHECKED",0,10) | V18: =IF(U18=100,T18,"") | W18: =T18 | X18: =T18+(100-U18) | Y18: ISSUE-0027 | Z18: D:\Shopify_Workspace\jeminise_seo\seo_runs\jeminise.com\20260906_234129\qa\20260907_212312\images\163_03.jpg; seo_runs\jeminise.com\20260906_234129\evidence\images\163_owl-patchwork-pattern-quilt-set-animals-quilt-set-style-owl-nights\image_03_47933462937799.jpg; seo_runs\jeminise.com\20260906_234129\evidence\contact_sheets\163_owl-patchwork-pattern-quilt-set-animals-quilt-set-style-owl-nights.jpg
A19: jeminise.com+owl-patchwork-pattern-quilt-set-animals-quilt-set-style-owl-nights | B19: img_d0eb5575d6e4be02 | C19: https://cdn.shopify.com/s/files/1/0792/5098/1063/files/ce286ca93c0b88510ca875a37e7b75b32cb61e52da352d95c54cd2628b51fbf3.jpg?v=1787233687 | D19: https://cdn.shopify.com/s/files/1/0792/5098/1063/files/ce286ca93c0b88510ca875a37e7b75b32cb61e52da352d95c54cd2628b51fbf3.jpg?v=1787233687 | E19: 47933462970567 | F19: 47933462970567 | H19: GALLERY | I19: DIRECT_IMAGE_DOWNLOAD_AND_SOURCE_ROW_REVIEW | J19: 2026-09-07T21:30:37+07:00 | K19: Direct QA opened downloaded image 163_04; source SHA B615DCC136FA994B3F17AE5605C0231562540AF45A710706609A5E7F0DECB471. Submitted observation reviewed against gallery position. | L19: Detail, feature panel or lifestyle image connected to blue gold owl night patchwork quilt. | M19: UNKNOWN | N19: SET | O19: Front bed view of Blue Gold Owl Night Patchwork Quilt | P19: FULL | Q19: PARTIAL | R19: FULL | S19: FULL | T19: =IF(P19="FULL",40,IF(P19="PARTIAL",40/2,0))+IF(Q19="FULL",30,IF(Q19="PARTIAL",30/2,0))+IF(R19="FULL",20,IF(R19="PARTIAL",20/2,0))+IF(S19="FULL",10,IF(S19="PARTIAL",10/2,0)) | U19: =IF(P19="NOT_CHECKED",0,40)+IF(Q19="NOT_CHECKED",0,30)+IF(R19="NOT_CHECKED",0,20)+IF(S19="NOT_CHECKED",0,10) | V19: =IF(U19=100,T19,"") | W19: =T19 | X19: =T19+(100-U19) | Y19: ISSUE-0028 | Z19: D:\Shopify_Workspace\jeminise_seo\seo_runs\jeminise.com\20260906_234129\qa\20260907_212312\images\163_04.jpg; seo_runs\jeminise.com\20260906_234129\evidence\images\163_owl-patchwork-pattern-quilt-set-animals-quilt-set-style-owl-nights\image_04_47933462970567.jpg; seo_runs\jeminise.com\20260906_234129\evidence\contact_sheets\163_owl-patchwork-pattern-quilt-set-animals-quilt-set-style-owl-nights.jpg
A20: jeminise.com+owl-patchwork-pattern-quilt-set-animals-quilt-set-style-owl-nights | B20: img_48f38ae67adbf28d | C20: https://cdn.shopify.com/s/files/1/0792/5098/1063/files/dac8033ccef3e1ff953003c53d9a62b59fa1e74b2ab002ec0c056348688e6569.jpg?v=1787233688 | D20: https://cdn.shopify.com/s/files/1/0792/5098/1063/files/dac8033ccef3e1ff953003c53d9a62b59fa1e74b2ab002ec0c056348688e6569.jpg?v=1787233688 | E20: 47933463003335 | F20: 47933463003335 | H20: GALLERY | I20: DIRECT_IMAGE_DOWNLOAD_AND_SOURCE_ROW_REVIEW | J20: 2026-09-07T21:30:37+07:00 | K20: Direct QA opened downloaded image 163_05; source SHA D92DACF13E1ACDF944A6CF3810C5348EAC95A8413D0B3131929B0D3FA724E40B. Submitted observation reviewed against gallery position. | L20: Additional mockup, care or size information for blue gold owl night patchwork quilt. | M20: UNKNOWN | N20: SET | O20: Fitted sheet or size feature image for Blue Gold Owl Night Patchwork Quilt | P20: FULL | Q20: FULL | R20: FULL | S20: FULL | T20: =IF(P20="FULL",40,IF(P20="PARTIAL",40/2,0))+IF(Q20="FULL",30,IF(Q20="PARTIAL",30/2,0))+IF(R20="FULL",20,IF(R20="PARTIAL",20/2,0))+IF(S20="FULL",10,IF(S20="PARTIAL",10/2,0)) | U20: =IF(P20="NOT_CHECKED",0,40)+IF(Q20="NOT_CHECKED",0,30)+IF(R20="NOT_CHECKED",0,20)+IF(S20="NOT_CHECKED",0,10) | V20: =IF(U20=100,T20,"") | W20: =T20 | X20: =T20+(100-U20) | Z20: D:\Shopify_Workspace\jeminise_seo\seo_runs\jeminise.com\20260906_234129\qa\20260907_212312\images\163_05.jpg; seo_runs\jeminise.com\20260906_234129\evidence\images\163_owl-patchwork-pattern-quilt-set-animals-quilt-set-style-owl-nights\image_05_47933463003335.jpg; seo_runs\jeminise.com\20260906_234129\evidence\contact_sheets\163_owl-patchwork-pattern-quilt-set-animals-quilt-set-style-owl-nights.jpg
A21: jeminise.com+owl-patchwork-pattern-quilt-set-animals-quilt-set-style-owl-nights | B21: img_62ecd3b014c00446 | C21: https://cdn.shopify.com/s/files/1/0792/5098/1063/files/f095089ab7e2322f9d282beb998fa6a7ca93bd23ffea553618ab9ab073cac9e5.jpg?v=1787233687 | D21: https://cdn.shopify.com/s/files/1/0792/5098/1063/files/f095089ab7e2322f9d282beb998fa6a7ca93bd23ffea553618ab9ab073cac9e5.jpg?v=1787233687 | E21: 47933463036103 | F21: 47933463036103 | H21: GALLERY | I21: DIRECT_IMAGE_DOWNLOAD_AND_SOURCE_ROW_REVIEW | J21: 2026-09-07T21:30:37+07:00 | K21: Direct QA opened downloaded image 163_06; source SHA 710952B45AC0519ADA1619AF79A25569674FB331F17F6CFD1ABA7EE5820193D9. Submitted observation reviewed against gallery position. | L21: Easy-care, size guide or product feature image for blue gold owl night patchwork quilt. | M21: UNKNOWN | N21: SET | O21: Set contents and size chart image for Blue Gold Owl Night Patchwork Quilt | P21: FULL | Q21: PARTIAL | R21: PARTIAL | S21: FULL | T21: =IF(P21="FULL",40,IF(P21="PARTIAL",40/2,0))+IF(Q21="FULL",30,IF(Q21="PARTIAL",30/2,0))+IF(R21="FULL",20,IF(R21="PARTIAL",20/2,0))+IF(S21="FULL",10,IF(S21="PARTIAL",10/2,0)) | U21: =IF(P21="NOT_CHECKED",0,40)+IF(Q21="NOT_CHECKED",0,30)+IF(R21="NOT_CHECKED",0,20)+IF(S21="NOT_CHECKED",0,10) | V21: =IF(U21=100,T21,"") | W21: =T21 | X21: =T21+(100-U21) | Y21: ISSUE-0029; ISSUE-0030 | Z21: D:\Shopify_Workspace\jeminise_seo\seo_runs\jeminise.com\20260906_234129\qa\20260907_212312\images\163_06.jpg; seo_runs\jeminise.com\20260906_234129\evidence\images\163_owl-patchwork-pattern-quilt-set-animals-quilt-set-style-owl-nights\image_06_47933463036103.jpg; seo_runs\jeminise.com\20260906_234129\evidence\contact_sheets\163_owl-patchwork-pattern-quilt-set-animals-quilt-set-style-owl-nights.jpg
A22: jeminise.com+owl-patchwork-pattern-quilt-set-animals-quilt-set-style-owl-nights | B22: img_3c9a72607271f5bb | C22: https://cdn.shopify.com/s/files/1/0792/5098/1063/files/4274176e594f473f9f9517f8df32a36888e067f66081c7c7ac33d02f839dab17.jpg?v=1787233688 | D22: https://cdn.shopify.com/s/files/1/0792/5098/1063/files/4274176e594f473f9f9517f8df32a36888e067f66081c7c7ac33d02f839dab17.jpg?v=1787233688 | E22: 47933463068871 | F22: 47933463068871 | H22: GALLERY | I22: DIRECT_IMAGE_DOWNLOAD_AND_SOURCE_ROW_REVIEW | J22: 2026-09-07T21:30:37+07:00 | K22: Direct QA opened downloaded image 163_07; source SHA 00CF78036B9E5271DD88006BF314163D333FB2E7EC5F2E0AF6EC0081FCF720C9. Submitted observation reviewed against gallery position. | L22: Additional lifestyle, feature or product detail image showing blue gold owl night patchwork quilt. | M22: UNKNOWN | N22: SET | O22: Additional product mockup of Blue Gold Owl Night Patchwork Quilt | P22: FULL | Q22: PARTIAL | R22: FULL | S22: FULL | T22: =IF(P22="FULL",40,IF(P22="PARTIAL",40/2,0))+IF(Q22="FULL",30,IF(Q22="PARTIAL",30/2,0))+IF(R22="FULL",20,IF(R22="PARTIAL",20/2,0))+IF(S22="FULL",10,IF(S22="PARTIAL",10/2,0)) | U22: =IF(P22="NOT_CHECKED",0,40)+IF(Q22="NOT_CHECKED",0,30)+IF(R22="NOT_CHECKED",0,20)+IF(S22="NOT_CHECKED",0,10) | V22: =IF(U22=100,T22,"") | W22: =T22 | X22: =T22+(100-U22) | Y22: ISSUE-0031 | Z22: D:\Shopify_Workspace\jeminise_seo\seo_runs\jeminise.com\20260906_234129\qa\20260907_212312\images\163_07.jpg; seo_runs\jeminise.com\20260906_234129\evidence\images\163_owl-patchwork-pattern-quilt-set-animals-quilt-set-style-owl-nights\image_07_47933463068871.jpg; seo_runs\jeminise.com\20260906_234129\evidence\contact_sheets\163_owl-patchwork-pattern-quilt-set-animals-quilt-set-style-owl-nights.jpg
A23: jeminise.com+pamnest-twin-halloween-comforter-set-with-sheets-5-pieces-design-01 | B23: img_a2e12ffadb482f41 | C23: https://cdn.shopify.com/s/files/1/0792/5098/1063/files/78a96e41092763591645a0417450b0227ec7a4e31e21df8a327fb2d2f9428605.jpg?v=1787936155 | D23: https://cdn.shopify.com/s/files/1/0792/5098/1063/files/78a96e41092763591645a0417450b0227ec7a4e31e21df8a327fb2d2f9428605.jpg?v=1787936155 | E23: 48066073723079 | F23: 48066073723079 | G23: 47062244032711,47062244065479,47062244098247 | H23: GALLERY | I23: DIRECT_IMAGE_DOWNLOAD_AND_SOURCE_ROW_REVIEW | J23: 2026-09-07T21:30:37+07:00 | K23: Direct QA opened downloaded image 164_01; source SHA 59F9CE932CC72779824F9ED62AF8E2E390DF8C0FBC9F6E8E485DE0B13EEB8796. Submitted observation reviewed against gallery position. | L23: Main product mockup showing white black Halloween witch comforter set. | M23: UNKNOWN | N23: SET | O23: White Black Halloween Witch Comforter Set displayed in a main product mockup | P23: FULL | Q23: FULL | R23: PARTIAL | S23: FULL | T23: =IF(P23="FULL",40,IF(P23="PARTIAL",40/2,0))+IF(Q23="FULL",30,IF(Q23="PARTIAL",30/2,0))+IF(R23="FULL",20,IF(R23="PARTIAL",20/2,0))+IF(S23="FULL",10,IF(S23="PARTIAL",10/2,0)) | U23: =IF(P23="NOT_CHECKED",0,40)+IF(Q23="NOT_CHECKED",0,30)+IF(R23="NOT_CHECKED",0,20)+IF(S23="NOT_CHECKED",0,10) | V23: =IF(U23=100,T23,"") | W23: =T23 | X23: =T23+(100-U23) | Y23: ISSUE-0036 | Z23: D:\Shopify_Workspace\jeminise_seo\seo_runs\jeminise.com\20260906_234129\qa\20260907_212312\images\164_01.jpg; seo_runs\jeminise.com\20260906_234129\evidence\images\164_pamnest-twin-halloween-comforter-set-with-sheets-5-pieces-design-01\image_01_48066073723079.jpg; seo_runs\jeminise.com\20260906_234129\evidence\contact_sheets\164_pamnest-twin-halloween-comforter-set-with-sheets-5-pieces-design-01.jpg
A24: jeminise.com+pamnest-twin-halloween-comforter-set-with-sheets-5-pieces-design-01 | B24: img_5ae88f5e35622805 | C24: https://cdn.shopify.com/s/files/1/0792/5098/1063/files/8496cc324b64f4d38b8aec3e807b5b59dc024527330b8859a4ebd9c1c43313ff.jpg?v=1787936155 | D24: https://cdn.shopify.com/s/files/1/0792/5098/1063/files/8496cc324b64f4d38b8aec3e807b5b59dc024527330b8859a4ebd9c1c43313ff.jpg?v=1787936155 | E24: 48066073886919 | F24: 48066073886919 | H24: GALLERY | I24: DIRECT_IMAGE_DOWNLOAD_AND_SOURCE_ROW_REVIEW | J24: 2026-09-07T21:30:37+07:00 | K24: Direct QA opened downloaded image 164_02; source SHA 4F803658AF079A482193712D6C061D8EAE56E43CC4F9F0235C60961ADB32BD28. Submitted observation reviewed against gallery position. | L24: Secondary flat, close-up or bedroom mockup showing white black Halloween witch comforter set. | M24: UNKNOWN | N24: SET | O24: Close-up of the print on White Black Halloween Witch Comforter Set | P24: FULL | Q24: FULL | R24: FULL | S24: FULL | T24: =IF(P24="FULL",40,IF(P24="PARTIAL",40/2,0))+IF(Q24="FULL",30,IF(Q24="PARTIAL",30/2,0))+IF(R24="FULL",20,IF(R24="PARTIAL",20/2,0))+IF(S24="FULL",10,IF(S24="PARTIAL",10/2,0)) | U24: =IF(P24="NOT_CHECKED",0,40)+IF(Q24="NOT_CHECKED",0,30)+IF(R24="NOT_CHECKED",0,20)+IF(S24="NOT_CHECKED",0,10) | V24: =IF(U24=100,T24,"") | W24: =T24 | X24: =T24+(100-U24) | Z24: D:\Shopify_Workspace\jeminise_seo\seo_runs\jeminise.com\20260906_234129\qa\20260907_212312\images\164_02.jpg; seo_runs\jeminise.com\20260906_234129\evidence\images\164_pamnest-twin-halloween-comforter-set-with-sheets-5-pieces-design-01\image_02_48066073886919.jpg; seo_runs\jeminise.com\20260906_234129\evidence\contact_sheets\164_pamnest-twin-halloween-comforter-set-with-sheets-5-pieces-design-01.jpg
A25: jeminise.com+pamnest-twin-halloween-comforter-set-with-sheets-5-pieces-design-01 | B25: img_366286e5e9757883 | C25: https://cdn.shopify.com/s/files/1/0792/5098/1063/files/3a0f47e9dcbafab9191ddf7aa843e8572e2cec872b35c6521dc7218921e61123.jpg?v=1787936155 | D25: https://cdn.shopify.com/s/files/1/0792/5098/1063/files/3a0f47e9dcbafab9191ddf7aa843e8572e2cec872b35c6521dc7218921e61123.jpg?v=1787936155 | E25: 48066073788615 | F25: 48066073788615 | H25: GALLERY | I25: DIRECT_IMAGE_DOWNLOAD_AND_SOURCE_ROW_REVIEW | J25: 2026-09-07T21:30:37+07:00 | K25: Direct QA opened downloaded image 164_03; source SHA 0A9277B9F69B3581E7209F853D84D5C9C52A99449943839CCA991C1ADCEE0220. Submitted observation reviewed against gallery position. | L25: Bedding type, feature, lifestyle or material image for white black Halloween witch comforter set. | M25: UNKNOWN | N25: SET | O25: Lifestyle bedroom mockup of White Black Halloween Witch Comforter Set | P25: FULL | Q25: PARTIAL | R25: FULL | S25: FULL | T25: =IF(P25="FULL",40,IF(P25="PARTIAL",40/2,0))+IF(Q25="FULL",30,IF(Q25="PARTIAL",30/2,0))+IF(R25="FULL",20,IF(R25="PARTIAL",20/2,0))+IF(S25="FULL",10,IF(S25="PARTIAL",10/2,0)) | U25: =IF(P25="NOT_CHECKED",0,40)+IF(Q25="NOT_CHECKED",0,30)+IF(R25="NOT_CHECKED",0,20)+IF(S25="NOT_CHECKED",0,10) | V25: =IF(U25=100,T25,"") | W25: =T25 | X25: =T25+(100-U25) | Y25: ISSUE-0037 | Z25: D:\Shopify_Workspace\jeminise_seo\seo_runs\jeminise.com\20260906_234129\qa\20260907_212312\images\164_03.jpg; seo_runs\jeminise.com\20260906_234129\evidence\images\164_pamnest-twin-halloween-comforter-set-with-sheets-5-pieces-design-01\image_03_48066073788615.jpg; seo_runs\jeminise.com\20260906_234129\evidence\contact_sheets\164_pamnest-twin-halloween-comforter-set-with-sheets-5-pieces-design-01.jpg
A26: jeminise.com+pamnest-twin-halloween-comforter-set-with-sheets-5-pieces-design-01 | B26: img_0a5c13d0294e275e | C26: https://cdn.shopify.com/s/files/1/0792/5098/1063/files/1719f23b3d46b7c6722a21c797b77ed0780f9bbd492bf1c7f1046cc658013293.jpg?v=1787936155 | D26: https://cdn.shopify.com/s/files/1/0792/5098/1063/files/1719f23b3d46b7c6722a21c797b77ed0780f9bbd492bf1c7f1046cc658013293.jpg?v=1787936155 | E26: 48066073821383 | F26: 48066073821383 | H26: GALLERY | I26: DIRECT_IMAGE_DOWNLOAD_AND_SOURCE_ROW_REVIEW | J26: 2026-09-07T21:30:37+07:00 | K26: Direct QA opened downloaded image 164_04; source SHA 4855DA93CE563247B7A11B88D83C797C2178D8BAC13FFF546CF73AC7C5B007AD. Submitted observation reviewed against gallery position. | L26: Detail, feature panel or lifestyle image connected to white black Halloween witch comforter set. | M26: UNKNOWN | N26: SET | O26: Front bed view of White Black Halloween Witch Comforter Set | P26: FULL | Q26: PARTIAL | R26: FULL | S26: FULL | T26: =IF(P26="FULL",40,IF(P26="PARTIAL",40/2,0))+IF(Q26="FULL",30,IF(Q26="PARTIAL",30/2,0))+IF(R26="FULL",20,IF(R26="PARTIAL",20/2,0))+IF(S26="FULL",10,IF(S26="PARTIAL",10/2,0)) | U26: =IF(P26="NOT_CHECKED",0,40)+IF(Q26="NOT_CHECKED",0,30)+IF(R26="NOT_CHECKED",0,20)+IF(S26="NOT_CHECKED",0,10) | V26: =IF(U26=100,T26,"") | W26: =T26 | X26: =T26+(100-U26) | Y26: ISSUE-0038 | Z26: D:\Shopify_Workspace\jeminise_seo\seo_runs\jeminise.com\20260906_234129\qa\20260907_212312\images\164_04.jpg; seo_runs\jeminise.com\20260906_234129\evidence\images\164_pamnest-twin-halloween-comforter-set-with-sheets-5-pieces-design-01\image_04_48066073821383.jpg; seo_runs\jeminise.com\20260906_234129\evidence\contact_sheets\164_pamnest-twin-halloween-comforter-set-with-sheets-5-pieces-design-01.jpg
A27: jeminise.com+pamnest-twin-halloween-comforter-set-with-sheets-5-pieces-design-01 | B27: img_b5eacd06f393dd69 | C27: https://cdn.shopify.com/s/files/1/0792/5098/1063/files/f05b5b4966cbfbf6e7138bce62a10e8d53a6554d2095ee522f5577dc8f19de13.jpg?v=1787936155 | D27: https://cdn.shopify.com/s/files/1/0792/5098/1063/files/f05b5b4966cbfbf6e7138bce62a10e8d53a6554d2095ee522f5577dc8f19de13.jpg?v=1787936155 | E27: 48066073854151 | F27: 48066073854151 | H27: GALLERY | I27: DIRECT_IMAGE_DOWNLOAD_AND_SOURCE_ROW_REVIEW | J27: 2026-09-07T21:30:37+07:00 | K27: Direct QA opened downloaded image 164_05; source SHA 809B3ECD83AED0CAA2010656FE734B5AB8D96D036358CFF86225C3D8B52BC2E3. Submitted observation reviewed against gallery position. | L27: Additional mockup, care or size information for white black Halloween witch comforter set. | M27: UNKNOWN | N27: SET | O27: Fitted sheet or size feature image for White Black Halloween Witch Comforter Set | P27: FULL | Q27: FULL | R27: FULL | S27: FULL | T27: =IF(P27="FULL",40,IF(P27="PARTIAL",40/2,0))+IF(Q27="FULL",30,IF(Q27="PARTIAL",30/2,0))+IF(R27="FULL",20,IF(R27="PARTIAL",20/2,0))+IF(S27="FULL",10,IF(S27="PARTIAL",10/2,0)) | U27: =IF(P27="NOT_CHECKED",0,40)+IF(Q27="NOT_CHECKED",0,30)+IF(R27="NOT_CHECKED",0,20)+IF(S27="NOT_CHECKED",0,10) | V27: =IF(U27=100,T27,"") | W27: =T27 | X27: =T27+(100-U27) | Z27: D:\Shopify_Workspace\jeminise_seo\seo_runs\jeminise.com\20260906_234129\qa\20260907_212312\images\164_05.jpg; seo_runs\jeminise.com\20260906_234129\evidence\images\164_pamnest-twin-halloween-comforter-set-with-sheets-5-pieces-design-01\image_05_48066073854151.jpg; seo_runs\jeminise.com\20260906_234129\evidence\contact_sheets\164_pamnest-twin-halloween-comforter-set-with-sheets-5-pieces-design-01.jpg
A28: jeminise.com+pamnest-twin-halloween-comforter-set-with-sheets-5-pieces-design-01 | B28: img_2a79032892829598 | C28: https://cdn.shopify.com/s/files/1/0792/5098/1063/files/29f57080b218682bc1f4e3c223af89a66eef5bc96e3704046ce51202cb67c670.jpg?v=1787936155 | D28: https://cdn.shopify.com/s/files/1/0792/5098/1063/files/29f57080b218682bc1f4e3c223af89a66eef5bc96e3704046ce51202cb67c670.jpg?v=1787936155 | E28: 48066073919687 | F28: 48066073919687 | H28: GALLERY | I28: DIRECT_IMAGE_DOWNLOAD_AND_SOURCE_ROW_REVIEW | J28: 2026-09-07T21:30:37+07:00 | K28: Direct QA opened downloaded image 164_06; source SHA F69C59022BC7B9805A0121C477C2FE253F7F2C3E1E1AC3CA6D8E60696962D4CB. Submitted observation reviewed against gallery position. | L28: Easy-care, size guide or product feature image for white black Halloween witch comforter set. | M28: UNKNOWN | N28: SET | O28: Set contents and size chart image for White Black Halloween Witch Comforter Set | P28: FULL | Q28: PARTIAL | R28: PARTIAL | S28: FULL | T28: =IF(P28="FULL",40,IF(P28="PARTIAL",40/2,0))+IF(Q28="FULL",30,IF(Q28="PARTIAL",30/2,0))+IF(R28="FULL",20,IF(R28="PARTIAL",20/2,0))+IF(S28="FULL",10,IF(S28="PARTIAL",10/2,0)) | U28: =IF(P28="NOT_CHECKED",0,40)+IF(Q28="NOT_CHECKED",0,30)+IF(R28="NOT_CHECKED",0,20)+IF(S28="NOT_CHECKED",0,10) | V28: =IF(U28=100,T28,"") | W28: =T28 | X28: =T28+(100-U28) | Y28: ISSUE-0039; ISSUE-0040 | Z28: D:\Shopify_Workspace\jeminise_seo\seo_runs\jeminise.com\20260906_234129\qa\20260907_212312\images\164_06.jpg; seo_runs\jeminise.com\20260906_234129\evidence\images\164_pamnest-twin-halloween-comforter-set-with-sheets-5-pieces-design-01\image_06_48066073919687.jpg; seo_runs\jeminise.com\20260906_234129\evidence\contact_sheets\164_pamnest-twin-halloween-comforter-set-with-sheets-5-pieces-design-01.jpg
A29: jeminise.com+pamnest-twin-halloween-comforter-set-with-sheets-5-pieces-design-02 | B29: img_223dbdfdbd23286e | C29: https://cdn.shopify.com/s/files/1/0792/5098/1063/files/33827958b0d3465c97d89ef8a7a7e67a7aa5b22c8c0c87d5a26f80b5c0d5fd2b.jpg?v=1787936172 | D29: https://cdn.shopify.com/s/files/1/0792/5098/1063/files/33827958b0d3465c97d89ef8a7a7e67a7aa5b22c8c0c87d5a26f80b5c0d5fd2b.jpg?v=1787936172 | E29: 48066074017991 | F29: 48066074017991 | G29: 47062244327623,47062244360391,47062244393159,47062244425927 | H29: GALLERY | I29: DIRECT_IMAGE_DOWNLOAD_AND_SOURCE_ROW_REVIEW | J29: 2026-09-07T21:30:37+07:00 | K29: Direct QA opened downloaded image 165_01; source SHA F794D64CB86CCF057A4AC42A151BE64D0F35435847AA8C1A51CD37CA683DA223. Submitted observation reviewed against gallery position. | L29: Main product mockup showing gray Halloween ghost pumpkin comforter set. | M29: UNKNOWN | N29: SET | O29: Gray Halloween Ghost Pumpkin Comforter Set displayed in a main product mockup | P29: FULL | Q29: FULL | R29: PARTIAL | S29: FULL | T29: =IF(P29="FULL",40,IF(P29="PARTIAL",40/2,0))+IF(Q29="FULL",30,IF(Q29="PARTIAL",30/2,0))+IF(R29="FULL",20,IF(R29="PARTIAL",20/2,0))+IF(S29="FULL",10,IF(S29="PARTIAL",10/2,0)) | U29: =IF(P29="NOT_CHECKED",0,40)+IF(Q29="NOT_CHECKED",0,30)+IF(R29="NOT_CHECKED",0,20)+IF(S29="NOT_CHECKED",0,10) | V29: =IF(U29=100,T29,"") | W29: =T29 | X29: =T29+(100-U29) | Y29: ISSUE-0045 | Z29: D:\Shopify_Workspace\jeminise_seo\seo_runs\jeminise.com\20260906_234129\qa\20260907_212312\images\165_01.jpg; seo_runs\jeminise.com\20260906_234129\evidence\images\165_pamnest-twin-halloween-comforter-set-with-sheets-5-pieces-design-02\image_01_48066074017991.jpg; seo_runs\jeminise.com\20260906_234129\evidence\contact_sheets\165_pamnest-twin-halloween-comforter-set-with-sheets-5-pieces-design-02.jpg
A30: jeminise.com+pamnest-twin-halloween-comforter-set-with-sheets-5-pieces-design-02 | B30: img_8db9532d6e5580c3 | C30: https://cdn.shopify.com/s/files/1/0792/5098/1063/files/fdc074927f13099e3ddba121f8393f7840633627dc879650a5a8ea085bd8febe.jpg?v=1787936172 | D30: https://cdn.shopify.com/s/files/1/0792/5098/1063/files/fdc074927f13099e3ddba121f8393f7840633627dc879650a5a8ea085bd8febe.jpg?v=1787936172 | E30: 48066074181831 | F30: 48066074181831 | H30: GALLERY | I30: DIRECT_IMAGE_DOWNLOAD_AND_SOURCE_ROW_REVIEW | J30: 2026-09-07T21:30:37+07:00 | K30: Direct QA opened downloaded image 165_02; source SHA 399C400EB9B68EA81DC264BD6E9675C2E9BA92C1DD96B8702FD3B08859FACF77. Submitted observation reviewed against gallery position. | L30: Secondary flat, close-up or bedroom mockup showing gray Halloween ghost pumpkin comforter set. | M30: UNKNOWN | N30: SET | O30: Close-up of the print on Gray Halloween Ghost Pumpkin Comforter Set | P30: FULL | Q30: FULL | R30: FULL | S30: FULL | T30: =IF(P30="FULL",40,IF(P30="PARTIAL",40/2,0))+IF(Q30="FULL",30,IF(Q30="PARTIAL",30/2,0))+IF(R30="FULL",20,IF(R30="PARTIAL",20/2,0))+IF(S30="FULL",10,IF(S30="PARTIAL",10/2,0)) | U30: =IF(P30="NOT_CHECKED",0,40)+IF(Q30="NOT_CHECKED",0,30)+IF(R30="NOT_CHECKED",0,20)+IF(S30="NOT_CHECKED",0,10) | V30: =IF(U30=100,T30,"") | W30: =T30 | X30: =T30+(100-U30) | Z30: D:\Shopify_Workspace\jeminise_seo\seo_runs\jeminise.com\20260906_234129\qa\20260907_212312\images\165_02.jpg; seo_runs\jeminise.com\20260906_234129\evidence\images\165_pamnest-twin-halloween-comforter-set-with-sheets-5-pieces-design-02\image_02_48066074181831.jpg; seo_runs\jeminise.com\20260906_234129\evidence\contact_sheets\165_pamnest-twin-halloween-comforter-set-with-sheets-5-pieces-design-02.jpg
A31: jeminise.com+pamnest-twin-halloween-comforter-set-with-sheets-5-pieces-design-02 | B31: img_abd32113247337ea | C31: https://cdn.shopify.com/s/files/1/0792/5098/1063/files/a18c5a71570f28636f9f2ca9d6b8130fc7d60bcb88cb88d9623b134efc54b9e5.jpg?v=1787936172 | D31: https://cdn.shopify.com/s/files/1/0792/5098/1063/files/a18c5a71570f28636f9f2ca9d6b8130fc7d60bcb88cb88d9623b134efc54b9e5.jpg?v=1787936172 | E31: 48066074116295 | F31: 48066074116295 | H31: GALLERY | I31: DIRECT_IMAGE_DOWNLOAD_AND_SOURCE_ROW_REVIEW | J31: 2026-09-07T21:30:37+07:00 | K31: Direct QA opened downloaded image 165_03; source SHA 32562713983326E48546CCF1788F2130777B6841FB88F605DFA279276F501BC9. Submitted observation reviewed against gallery position. | L31: Bedding type, feature, lifestyle or material image for gray Halloween ghost pumpkin comforter set. | M31: UNKNOWN | N31: SET | O31: Lifestyle bedroom mockup of Gray Halloween Ghost Pumpkin Comforter Set | P31: FULL | Q31: PARTIAL | R31: FULL | S31: FULL | T31: =IF(P31="FULL",40,IF(P31="PARTIAL",40/2,0))+IF(Q31="FULL",30,IF(Q31="PARTIAL",30/2,0))+IF(R31="FULL",20,IF(R31="PARTIAL",20/2,0))+IF(S31="FULL",10,IF(S31="PARTIAL",10/2,0)) | U31: =IF(P31="NOT_CHECKED",0,40)+IF(Q31="NOT_CHECKED",0,30)+IF(R31="NOT_CHECKED",0,20)+IF(S31="NOT_CHECKED",0,10) | V31: =IF(U31=100,T31,"") | W31: =T31 | X31: =T31+(100-U31) | Y31: ISSUE-0046 | Z31: D:\Shopify_Workspace\jeminise_seo\seo_runs\jeminise.com\20260906_234129\qa\20260907_212312\images\165_03.jpg; seo_runs\jeminise.com\20260906_234129\evidence\images\165_pamnest-twin-halloween-comforter-set-with-sheets-5-pieces-design-02\image_03_48066074116295.jpg; seo_runs\jeminise.com\20260906_234129\evidence\contact_sheets\165_pamnest-twin-halloween-comforter-set-with-sheets-5-pieces-design-02.jpg
A32: jeminise.com+pamnest-twin-halloween-comforter-set-with-sheets-5-pieces-design-02 | B32: img_157bd8ca18b1ecc8 | C32: https://cdn.shopify.com/s/files/1/0792/5098/1063/files/1a110cdeb4611bb06dc73025e19e092ef38bf550ce9870452a33b81728254f09.jpg?v=1787936172 | D32: https://cdn.shopify.com/s/files/1/0792/5098/1063/files/1a110cdeb4611bb06dc73025e19e092ef38bf550ce9870452a33b81728254f09.jpg?v=1787936172 | E32: 48066074149063 | F32: 48066074149063 | H32: GALLERY | I32: DIRECT_IMAGE_DOWNLOAD_AND_SOURCE_ROW_REVIEW | J32: 2026-09-07T21:30:37+07:00 | K32: Direct QA opened downloaded image 165_04; source SHA 525EF40045C3C9204B012715AE6253FA93D21236F6E34CA139273A29605414D9. Submitted observation reviewed against gallery position. | L32: Detail, feature panel or lifestyle image connected to gray Halloween ghost pumpkin comforter set. | M32: UNKNOWN | N32: SET | O32: Front bed view of Gray Halloween Ghost Pumpkin Comforter Set | P32: FULL | Q32: PARTIAL | R32: FULL | S32: FULL | T32: =IF(P32="FULL",40,IF(P32="PARTIAL",40/2,0))+IF(Q32="FULL",30,IF(Q32="PARTIAL",30/2,0))+IF(R32="FULL",20,IF(R32="PARTIAL",20/2,0))+IF(S32="FULL",10,IF(S32="PARTIAL",10/2,0)) | U32: =IF(P32="NOT_CHECKED",0,40)+IF(Q32="NOT_CHECKED",0,30)+IF(R32="NOT_CHECKED",0,20)+IF(S32="NOT_CHECKED",0,10) | V32: =IF(U32=100,T32,"") | W32: =T32 | X32: =T32+(100-U32) | Y32: ISSUE-0047 | Z32: D:\Shopify_Workspace\jeminise_seo\seo_runs\jeminise.com\20260906_234129\qa\20260907_212312\images\165_04.jpg; seo_runs\jeminise.com\20260906_234129\evidence\images\165_pamnest-twin-halloween-comforter-set-with-sheets-5-pieces-design-02\image_04_48066074149063.jpg; seo_runs\jeminise.com\20260906_234129\evidence\contact_sheets\165_pamnest-twin-halloween-comforter-set-with-sheets-5-pieces-design-02.jpg
A33: jeminise.com+pamnest-twin-halloween-comforter-set-with-sheets-5-pieces-design-02 | B33: img_05997f6c540c0523 | C33: https://cdn.shopify.com/s/files/1/0792/5098/1063/files/c103177b56d556545ef05a48d27d56626a4330b91a8a965b093c8a601908e1c2.jpg?v=1787936172 | D33: https://cdn.shopify.com/s/files/1/0792/5098/1063/files/c103177b56d556545ef05a48d27d56626a4330b91a8a965b093c8a601908e1c2.jpg?v=1787936172 | E33: 48066074214599 | F33: 48066074214599 | H33: GALLERY | I33: DIRECT_IMAGE_DOWNLOAD_AND_SOURCE_ROW_REVIEW | J33: 2026-09-07T21:30:37+07:00 | K33: Direct QA opened downloaded image 165_05; source SHA 36D5405E2F499C34F3814DE4E074A2C23A52DC100034CA495E4BDB9E48B03108. Submitted observation reviewed against gallery position. | L33: Additional mockup, care or size information for gray Halloween ghost pumpkin comforter set. | M33: UNKNOWN | N33: SET | O33: Fitted sheet or size feature image for Gray Halloween Ghost Pumpkin Comforter Set | P33: FULL | Q33: FULL | R33: FULL | S33: FULL | T33: =IF(P33="FULL",40,IF(P33="PARTIAL",40/2,0))+IF(Q33="FULL",30,IF(Q33="PARTIAL",30/2,0))+IF(R33="FULL",20,IF(R33="PARTIAL",20/2,0))+IF(S33="FULL",10,IF(S33="PARTIAL",10/2,0)) | U33: =IF(P33="NOT_CHECKED",0,40)+IF(Q33="NOT_CHECKED",0,30)+IF(R33="NOT_CHECKED",0,20)+IF(S33="NOT_CHECKED",0,10) | V33: =IF(U33=100,T33,"") | W33: =T33 | X33: =T33+(100-U33) | Z33: D:\Shopify_Workspace\jeminise_seo\seo_runs\jeminise.com\20260906_234129\qa\20260907_212312\images\165_05.jpg; seo_runs\jeminise.com\20260906_234129\evidence\images\165_pamnest-twin-halloween-comforter-set-with-sheets-5-pieces-design-02\image_05_48066074214599.jpg; seo_runs\jeminise.com\20260906_234129\evidence\contact_sheets\165_pamnest-twin-halloween-comforter-set-with-sheets-5-pieces-design-02.jpg
A34: jeminise.com+pamnest-twin-halloween-comforter-set-with-sheets-5-pieces-design-03 | B34: img_18e599949d42e7a6 | C34: https://cdn.shopify.com/s/files/1/0792/5098/1063/files/a04eaaab4fb68dc7448e32b7978cec1d481af7cf4430a3f72b91574bcb94ba65.jpg?v=1787936250 | D34: https://cdn.shopify.com/s/files/1/0792/5098/1063/files/a04eaaab4fb68dc7448e32b7978cec1d481af7cf4430a3f72b91574bcb94ba65.jpg?v=1787936250 | E34: 48066075492551 | F34: 48066075492551 | G34: 47062245146823,47062245179591,47062245212359,47062245245127 | H34: GALLERY | I34: DIRECT_IMAGE_DOWNLOAD_AND_SOURCE_ROW_REVIEW | J34: 2026-09-07T21:30:37+07:00 | K34: Direct QA opened downloaded image 166_01; source SHA 4CED04FD0E11AC29CA9DD346B7344F3EAA7EA015379C0FEB91753E12250ED927. Submitted observation reviewed against gallery position. | L34: Main product mockup showing black white ghost Halloween comforter set. | M34: UNKNOWN | N34: SET | O34: Black White Ghost Halloween Comforter Set displayed in a main product mockup | P34: FULL | Q34: FULL | R34: PARTIAL | S34: FULL | T34: =IF(P34="FULL",40,IF(P34="PARTIAL",40/2,0))+IF(Q34="FULL",30,IF(Q34="PARTIAL",30/2,0))+IF(R34="FULL",20,IF(R34="PARTIAL",20/2,0))+IF(S34="FULL",10,IF(S34="PARTIAL",10/2,0)) | U34: =IF(P34="NOT_CHECKED",0,40)+IF(Q34="NOT_CHECKED",0,30)+IF(R34="NOT_CHECKED",0,20)+IF(S34="NOT_CHECKED",0,10) | V34: =IF(U34=100,T34,"") | W34: =T34 | X34: =T34+(100-U34) | Y34: ISSUE-0052 | Z34: D:\Shopify_Workspace\jeminise_seo\seo_runs\jeminise.com\20260906_234129\qa\20260907_212312\images\166_01.jpg; seo_runs\jeminise.com\20260906_234129\evidence\images\166_pamnest-twin-halloween-comforter-set-with-sheets-5-pieces-design-03\image_01_48066075492551.jpg; seo_runs\jeminise.com\20260906_234129\evidence\contact_sheets\166_pamnest-twin-halloween-comforter-set-with-sheets-5-pieces-design-03.jpg
A35: jeminise.com+pamnest-twin-halloween-comforter-set-with-sheets-5-pieces-design-03 | B35: img_b5b2f4caed8f79f1 | C35: https://cdn.shopify.com/s/files/1/0792/5098/1063/files/31e8acfdca6c14ff3d16e962bde60baf0db1133fec8c67e2bf4325a3a7d561c1.jpg?v=1787936250 | D35: https://cdn.shopify.com/s/files/1/0792/5098/1063/files/31e8acfdca6c14ff3d16e962bde60baf0db1133fec8c67e2bf4325a3a7d561c1.jpg?v=1787936250 | E35: 48066075656391 | F35: 48066075656391 | H35: GALLERY | I35: DIRECT_IMAGE_DOWNLOAD_AND_SOURCE_ROW_REVIEW | J35: 2026-09-07T21:30:37+07:00 | K35: Direct QA opened downloaded image 166_02; source SHA D326C600A022B75B25256E5BD255C554285C90BE2B30268765CD824D8AED7A6C. Submitted observation reviewed against gallery position. | L35: Secondary flat, close-up or bedroom mockup showing black white ghost Halloween comforter set. | M35: UNKNOWN | N35: SET | O35: Close-up of the print on Black White Ghost Halloween Comforter Set | P35: FULL | Q35: FULL | R35: FULL | S35: FULL | T35: =IF(P35="FULL",40,IF(P35="PARTIAL",40/2,0))+IF(Q35="FULL",30,IF(Q35="PARTIAL",30/2,0))+IF(R35="FULL",20,IF(R35="PARTIAL",20/2,0))+IF(S35="FULL",10,IF(S35="PARTIAL",10/2,0)) | U35: =IF(P35="NOT_CHECKED",0,40)+IF(Q35="NOT_CHECKED",0,30)+IF(R35="NOT_CHECKED",0,20)+IF(S35="NOT_CHECKED",0,10) | V35: =IF(U35=100,T35,"") | W35: =T35 | X35: =T35+(100-U35) | Z35: D:\Shopify_Workspace\jeminise_seo\seo_runs\jeminise.com\20260906_234129\qa\20260907_212312\images\166_02.jpg; seo_runs\jeminise.com\20260906_234129\evidence\images\166_pamnest-twin-halloween-comforter-set-with-sheets-5-pieces-design-03\image_02_48066075656391.jpg; seo_runs\jeminise.com\20260906_234129\evidence\contact_sheets\166_pamnest-twin-halloween-comforter-set-with-sheets-5-pieces-design-03.jpg
A36: jeminise.com+pamnest-twin-halloween-comforter-set-with-sheets-5-pieces-design-03 | B36: img_98adb4ea2bab06c3 | C36: https://cdn.shopify.com/s/files/1/0792/5098/1063/files/e96376384911eb815950bd49399e4d932894d33483e6a2657a308a3f851871b2.jpg?v=1787936250 | D36: https://cdn.shopify.com/s/files/1/0792/5098/1063/files/e96376384911eb815950bd49399e4d932894d33483e6a2657a308a3f851871b2.jpg?v=1787936250 | E36: 48066075558087 | F36: 48066075558087 | H36: GALLERY | I36: DIRECT_IMAGE_DOWNLOAD_AND_SOURCE_ROW_REVIEW | J36: 2026-09-07T21:30:37+07:00 | K36: Direct QA opened downloaded image 166_03; source SHA 79006C482DA00C84E8F16E9C2DEF39F0D7D41F3C5193E2C40D496F8F98CE33AD. Submitted observation reviewed against gallery position. | L36: Bedding type, feature, lifestyle or material image for black white ghost Halloween comforter set. | M36: UNKNOWN | N36: SET | O36: Lifestyle bedroom mockup of Black White Ghost Halloween Comforter Set | P36: FULL | Q36: PARTIAL | R36: FULL | S36: FULL | T36: =IF(P36="FULL",40,IF(P36="PARTIAL",40/2,0))+IF(Q36="FULL",30,IF(Q36="PARTIAL",30/2,0))+IF(R36="FULL",20,IF(R36="PARTIAL",20/2,0))+IF(S36="FULL",10,IF(S36="PARTIAL",10/2,0)) | U36: =IF(P36="NOT_CHECKED",0,40)+IF(Q36="NOT_CHECKED",0,30)+IF(R36="NOT_CHECKED",0,20)+IF(S36="NOT_CHECKED",0,10) | V36: =IF(U36=100,T36,"") | W36: =T36 | X36: =T36+(100-U36) | Y36: ISSUE-0053 | Z36: D:\Shopify_Workspace\jeminise_seo\seo_runs\jeminise.com\20260906_234129\qa\20260907_212312\images\166_03.jpg; seo_runs\jeminise.com\20260906_234129\evidence\images\166_pamnest-twin-halloween-comforter-set-with-sheets-5-pieces-design-03\image_03_48066075558087.jpg; seo_runs\jeminise.com\20260906_234129\evidence\contact_sheets\166_pamnest-twin-halloween-comforter-set-with-sheets-5-pieces-design-03.jpg
A37: jeminise.com+pamnest-twin-halloween-comforter-set-with-sheets-5-pieces-design-03 | B37: img_48a696a61579ec77 | C37: https://cdn.shopify.com/s/files/1/0792/5098/1063/files/ac42bb85dc2b37a8d6b9f4d966756ea755486c3f61c156cf8759fda5147a0335.jpg?v=1787936250 | D37: https://cdn.shopify.com/s/files/1/0792/5098/1063/files/ac42bb85dc2b37a8d6b9f4d966756ea755486c3f61c156cf8759fda5147a0335.jpg?v=1787936250 | E37: 48066075590855 | F37: 48066075590855 | H37: GALLERY | I37: DIRECT_IMAGE_DOWNLOAD_AND_SOURCE_ROW_REVIEW | J37: 2026-09-07T21:30:37+07:00 | K37: Direct QA opened downloaded image 166_04; source SHA 16B7259E23D701C2508E55AB93AE1582BCB6DD56371C0DF75646C96856171D73. Submitted observation reviewed against gallery position. | L37: Detail, feature panel or lifestyle image connected to black white ghost Halloween comforter set. | M37: UNKNOWN | N37: SET | O37: Front bed view of Black White Ghost Halloween Comforter Set | P37: FULL | Q37: PARTIAL | R37: FULL | S37: FULL | T37: =IF(P37="FULL",40,IF(P37="PARTIAL",40/2,0))+IF(Q37="FULL",30,IF(Q37="PARTIAL",30/2,0))+IF(R37="FULL",20,IF(R37="PARTIAL",20/2,0))+IF(S37="FULL",10,IF(S37="PARTIAL",10/2,0)) | U37: =IF(P37="NOT_CHECKED",0,40)+IF(Q37="NOT_CHECKED",0,30)+IF(R37="NOT_CHECKED",0,20)+IF(S37="NOT_CHECKED",0,10) | V37: =IF(U37=100,T37,"") | W37: =T37 | X37: =T37+(100-U37) | Y37: ISSUE-0054 | Z37: D:\Shopify_Workspace\jeminise_seo\seo_runs\jeminise.com\20260906_234129\qa\20260907_212312\images\166_04.jpg; seo_runs\jeminise.com\20260906_234129\evidence\images\166_pamnest-twin-halloween-comforter-set-with-sheets-5-pieces-design-03\image_04_48066075590855.jpg; seo_runs\jeminise.com\20260906_234129\evidence\contact_sheets\166_pamnest-twin-halloween-comforter-set-with-sheets-5-pieces-design-03.jpg
A38: jeminise.com+pamnest-twin-halloween-comforter-set-with-sheets-5-pieces-design-03 | B38: img_ebe95a02cd43a74e | C38: https://cdn.shopify.com/s/files/1/0792/5098/1063/files/f05b5b4966cbfbf6e7138bce62a10e8d53a6554d2095ee522f5577dc8f19de13_92bf2ffb-7887-4b37-986c-9db117295eff.jpg?v=1787936250 | D38: https://cdn.shopify.com/s/files/1/0792/5098/1063/files/f05b5b4966cbfbf6e7138bce62a10e8d53a6554d2095ee522f5577dc8f19de13_92bf2ffb-7887-4b37-986c-9db117295eff.jpg?v=1787936250 | E38: 48066075623623 | F38: 48066075623623 | H38: GALLERY | I38: DIRECT_IMAGE_DOWNLOAD_AND_SOURCE_ROW_REVIEW | J38: 2026-09-07T21:30:37+07:00 | K38: Direct QA opened downloaded image 166_05; source SHA 809B3ECD83AED0CAA2010656FE734B5AB8D96D036358CFF86225C3D8B52BC2E3. Submitted observation reviewed against gallery position. | L38: Additional mockup, care or size information for black white ghost Halloween comforter set. | M38: UNKNOWN | N38: SET | O38: Fitted sheet or size feature image for Black White Ghost Halloween Comforter Set | P38: FULL | Q38: FULL | R38: FULL | S38: FULL | T38: =IF(P38="FULL",40,IF(P38="PARTIAL",40/2,0))+IF(Q38="FULL",30,IF(Q38="PARTIAL",30/2,0))+IF(R38="FULL",20,IF(R38="PARTIAL",20/2,0))+IF(S38="FULL",10,IF(S38="PARTIAL",10/2,0)) | U38: =IF(P38="NOT_CHECKED",0,40)+IF(Q38="NOT_CHECKED",0,30)+IF(R38="NOT_CHECKED",0,20)+IF(S38="NOT_CHECKED",0,10) | V38: =IF(U38=100,T38,"") | W38: =T38 | X38: =T38+(100-U38) | Z38: D:\Shopify_Workspace\jeminise_seo\seo_runs\jeminise.com\20260906_234129\qa\20260907_212312\images\166_05.jpg; seo_runs\jeminise.com\20260906_234129\evidence\images\166_pamnest-twin-halloween-comforter-set-with-sheets-5-pieces-design-03\image_05_48066075623623.jpg; seo_runs\jeminise.com\20260906_234129\evidence\contact_sheets\166_pamnest-twin-halloween-comforter-set-with-sheets-5-pieces-design-03.jpg
A39: jeminise.com+pamnest-twin-halloween-comforter-set-with-sheets-5-pieces-design-03 | B39: img_638c13032e75fb69 | C39: https://cdn.shopify.com/s/files/1/0792/5098/1063/files/bbd8b3069747599cfa3e8e8deb179b9085c81592ba19d1c6287a8363a8238662.jpg?v=1787936250 | D39: https://cdn.shopify.com/s/files/1/0792/5098/1063/files/bbd8b3069747599cfa3e8e8deb179b9085c81592ba19d1c6287a8363a8238662.jpg?v=1787936250 | E39: 48066075689159 | F39: 48066075689159 | H39: GALLERY | I39: DIRECT_IMAGE_DOWNLOAD_AND_SOURCE_ROW_REVIEW | J39: 2026-09-07T21:30:37+07:00 | K39: Direct QA opened downloaded image 166_06; source SHA 335C915E1210512BA5B9308C0CAB03B5361A07FA3380590C00E35CEEA054C7F5. Submitted observation reviewed against gallery position. | L39: Easy-care, size guide or product feature image for black white ghost Halloween comforter set. | M39: UNKNOWN | N39: SET | O39: Set contents and size chart image for Black White Ghost Halloween Comforter Set | P39: FULL | Q39: PARTIAL | R39: PARTIAL | S39: FULL | T39: =IF(P39="FULL",40,IF(P39="PARTIAL",40/2,0))+IF(Q39="FULL",30,IF(Q39="PARTIAL",30/2,0))+IF(R39="FULL",20,IF(R39="PARTIAL",20/2,0))+IF(S39="FULL",10,IF(S39="PARTIAL",10/2,0)) | U39: =IF(P39="NOT_CHECKED",0,40)+IF(Q39="NOT_CHECKED",0,30)+IF(R39="NOT_CHECKED",0,20)+IF(S39="NOT_CHECKED",0,10) | V39: =IF(U39=100,T39,"") | W39: =T39 | X39: =T39+(100-U39) | Y39: ISSUE-0055; ISSUE-0056 | Z39: D:\Shopify_Workspace\jeminise_seo\seo_runs\jeminise.com\20260906_234129\qa\20260907_212312\images\166_06.jpg; seo_runs\jeminise.com\20260906_234129\evidence\images\166_pamnest-twin-halloween-comforter-set-with-sheets-5-pieces-design-03\image_06_48066075689159.jpg; seo_runs\jeminise.com\20260906_234129\evidence\contact_sheets\166_pamnest-twin-halloween-comforter-set-with-sheets-5-pieces-design-03.jpg
A40: jeminise.com+pamnest-twin-halloween-comforter-set-with-sheets-5-pieces-design-04 | B40: img_a78f074313a5fd42 | C40: https://cdn.shopify.com/s/files/1/0792/5098/1063/files/5d0f1cae5d8fbccfd0cedc69335c2f8dae57295710f0d39ce49b9d818247b5d7.jpg?v=1787936297 | D40: https://cdn.shopify.com/s/files/1/0792/5098/1063/files/5d0f1cae5d8fbccfd0cedc69335c2f8dae57295710f0d39ce49b9d818247b5d7.jpg?v=1787936297 | E40: 48066077262023 | F40: 48066077262023 | G40: 47062245343431,47062245376199,47062245408967 | H40: GALLERY | I40: DIRECT_IMAGE_DOWNLOAD_AND_SOURCE_ROW_REVIEW | J40: 2026-09-07T21:30:37+07:00 | K40: Direct QA opened downloaded image 167_01; source SHA 663B110CFB0535042CE9EC34BC09990D1CA292A0522E53C1A7A2732E08C2286C. Submitted observation reviewed against gallery position. | L40: Main product mockup showing blue haunted pumpkin ghost comforter set. | M40: UNKNOWN | N40: SET | O40: Blue Haunted Pumpkin Ghost Comforter Set displayed in a main product mockup | P40: FULL | Q40: FULL | R40: PARTIAL | S40: FULL | T40: =IF(P40="FULL",40,IF(P40="PARTIAL",40/2,0))+IF(Q40="FULL",30,IF(Q40="PARTIAL",30/2,0))+IF(R40="FULL",20,IF(R40="PARTIAL",20/2,0))+IF(S40="FULL",10,IF(S40="PARTIAL",10/2,0)) | U40: =IF(P40="NOT_CHECKED",0,40)+IF(Q40="NOT_CHECKED",0,30)+IF(R40="NOT_CHECKED",0,20)+IF(S40="NOT_CHECKED",0,10) | V40: =IF(U40=100,T40,"") | W40: =T40 | X40: =T40+(100-U40) | Y40: ISSUE-0061 | Z40: D:\Shopify_Workspace\jeminise_seo\seo_runs\jeminise.com\20260906_234129\qa\20260907_212312\images\167_01.jpg; seo_runs\jeminise.com\20260906_234129\evidence\images\167_pamnest-twin-halloween-comforter-set-with-sheets-5-pieces-design-04\image_01_48066077262023.jpg; seo_runs\jeminise.com\20260906_234129\evidence\contact_sheets\167_pamnest-twin-halloween-comforter-set-with-sheets-5-pieces-design-04.jpg
A41: jeminise.com+pamnest-twin-halloween-comforter-set-with-sheets-5-pieces-design-04 | B41: img_692501b99f719305 | C41: https://cdn.shopify.com/s/files/1/0792/5098/1063/files/fb6bb7ca24973834ed17ffc26166f515fd3c4a1ff52545d27cd1472dafdae0b0.jpg?v=1787936297 | D41: https://cdn.shopify.com/s/files/1/0792/5098/1063/files/fb6bb7ca24973834ed17ffc26166f515fd3c4a1ff52545d27cd1472dafdae0b0.jpg?v=1787936297 | E41: 48066077425863 | F41: 48066077425863 | H41: GALLERY | I41: DIRECT_IMAGE_DOWNLOAD_AND_SOURCE_ROW_REVIEW | J41: 2026-09-07T21:30:37+07:00 | K41: Direct QA opened downloaded image 167_02; source SHA B482F3F96BB6AA4892AA8E0E84124701E1AF4AE3320EDC5A0039751B7B5C1D2E. Submitted observation reviewed against gallery position. | L41: Secondary flat, close-up or bedroom mockup showing blue haunted pumpkin ghost comforter set. | M41: UNKNOWN | N41: SET | O41: Close-up of the print on Blue Haunted Pumpkin Ghost Comforter Set | P41: FULL | Q41: FULL | R41: FULL | S41: FULL | T41: =IF(P41="FULL",40,IF(P41="PARTIAL",40/2,0))+IF(Q41="FULL",30,IF(Q41="PARTIAL",30/2,0))+IF(R41="FULL",20,IF(R41="PARTIAL",20/2,0))+IF(S41="FULL",10,IF(S41="PARTIAL",10/2,0)) | U41: =IF(P41="NOT_CHECKED",0,40)+IF(Q41="NOT_CHECKED",0,30)+IF(R41="NOT_CHECKED",0,20)+IF(S41="NOT_CHECKED",0,10) | V41: =IF(U41=100,T41,"") | W41: =T41 | X41: =T41+(100-U41) | Z41: D:\Shopify_Workspace\jeminise_seo\seo_runs\jeminise.com\20260906_234129\qa\20260907_212312\images\167_02.jpg; seo_runs\jeminise.com\20260906_234129\evidence\images\167_pamnest-twin-halloween-comforter-set-with-sheets-5-pieces-design-04\image_02_48066077425863.jpg; seo_runs\jeminise.com\20260906_234129\evidence\contact_sheets\167_pamnest-twin-halloween-comforter-set-with-sheets-5-pieces-design-04.jpg
A42: jeminise.com+pamnest-twin-halloween-comforter-set-with-sheets-5-pieces-design-04 | B42: img_78a5c394d10e22d0 | C42: https://cdn.shopify.com/s/files/1/0792/5098/1063/files/5ca4830cd71b5426ad687d0e98c5de6daada03acb8a658c0dbb56e9c1612eeb7.jpg?v=1787936297 | D42: https://cdn.shopify.com/s/files/1/0792/5098/1063/files/5ca4830cd71b5426ad687d0e98c5de6daada03acb8a658c0dbb56e9c1612eeb7.jpg?v=1787936297 | E42: 48066077327559 | F42: 48066077327559 | H42: GALLERY | I42: DIRECT_IMAGE_DOWNLOAD_AND_SOURCE_ROW_REVIEW | J42: 2026-09-07T21:30:37+07:00 | K42: Direct QA opened downloaded image 167_03; source SHA AC1CFF691B499E47327AC0026B410968611CBC718FB431EE8D5275FE5C6291F3. Submitted observation reviewed against gallery position. | L42: Bedding type, feature, lifestyle or material image for blue haunted pumpkin ghost comforter set. | M42: UNKNOWN | N42: SET | O42: Lifestyle bedroom mockup of Blue Haunted Pumpkin Ghost Comforter Set | P42: FULL | Q42: PARTIAL | R42: FULL | S42: FULL | T42: =IF(P42="FULL",40,IF(P42="PARTIAL",40/2,0))+IF(Q42="FULL",30,IF(Q42="PARTIAL",30/2,0))+IF(R42="FULL",20,IF(R42="PARTIAL",20/2,0))+IF(S42="FULL",10,IF(S42="PARTIAL",10/2,0)) | U42: =IF(P42="NOT_CHECKED",0,40)+IF(Q42="NOT_CHECKED",0,30)+IF(R42="NOT_CHECKED",0,20)+IF(S42="NOT_CHECKED",0,10) | V42: =IF(U42=100,T42,"") | W42: =T42 | X42: =T42+(100-U42) | Y42: ISSUE-0062 | Z42: D:\Shopify_Workspace\jeminise_seo\seo_runs\jeminise.com\20260906_234129\qa\20260907_212312\images\167_03.jpg; seo_runs\jeminise.com\20260906_234129\evidence\images\167_pamnest-twin-halloween-comforter-set-with-sheets-5-pieces-design-04\image_03_48066077327559.jpg; seo_runs\jeminise.com\20260906_234129\evidence\contact_sheets\167_pamnest-twin-halloween-comforter-set-with-sheets-5-pieces-design-04.jpg
A43: jeminise.com+pamnest-twin-halloween-comforter-set-with-sheets-5-pieces-design-04 | B43: img_d91839ec732041fa | C43: https://cdn.shopify.com/s/files/1/0792/5098/1063/files/3e81ffaaf0deab65c1f4a3f78b8b479936f650a3a751ef521aab7f3ff885449e.jpg?v=1787936297 | D43: https://cdn.shopify.com/s/files/1/0792/5098/1063/files/3e81ffaaf0deab65c1f4a3f78b8b479936f650a3a751ef521aab7f3ff885449e.jpg?v=1787936297 | E43: 48066077360327 | F43: 48066077360327 | H43: GALLERY | I43: DIRECT_IMAGE_DOWNLOAD_AND_SOURCE_ROW_REVIEW | J43: 2026-09-07T21:30:37+07:00 | K43: Direct QA opened downloaded image 167_04; source SHA F34ECDD9ECA0CA338EA36BD497DF7F5A40CAB4CF86C7D4D09CCFD010ED288120. Submitted observation reviewed against gallery position. | L43: Detail, feature panel or lifestyle image connected to blue haunted pumpkin ghost comforter set. | M43: UNKNOWN | N43: SET | O43: Front bed view of Blue Haunted Pumpkin Ghost Comforter Set | P43: FULL | Q43: PARTIAL | R43: FULL | S43: FULL | T43: =IF(P43="FULL",40,IF(P43="PARTIAL",40/2,0))+IF(Q43="FULL",30,IF(Q43="PARTIAL",30/2,0))+IF(R43="FULL",20,IF(R43="PARTIAL",20/2,0))+IF(S43="FULL",10,IF(S43="PARTIAL",10/2,0)) | U43: =IF(P43="NOT_CHECKED",0,40)+IF(Q43="NOT_CHECKED",0,30)+IF(R43="NOT_CHECKED",0,20)+IF(S43="NOT_CHECKED",0,10) | V43: =IF(U43=100,T43,"") | W43: =T43 | X43: =T43+(100-U43) | Y43: ISSUE-0063 | Z43: D:\Shopify_Workspace\jeminise_seo\seo_runs\jeminise.com\20260906_234129\qa\20260907_212312\images\167_04.jpg; seo_runs\jeminise.com\20260906_234129\evidence\images\167_pamnest-twin-halloween-comforter-set-with-sheets-5-pieces-design-04\image_04_48066077360327.jpg; seo_runs\jeminise.com\20260906_234129\evidence\contact_sheets\167_pamnest-twin-halloween-comforter-set-with-sheets-5-pieces-design-04.jpg
A44: jeminise.com+pamnest-twin-halloween-comforter-set-with-sheets-5-pieces-design-04 | B44: img_300acd87cf701d9d | C44: https://cdn.shopify.com/s/files/1/0792/5098/1063/files/f05b5b4966cbfbf6e7138bce62a10e8d53a6554d2095ee522f5577dc8f19de13_dd05aaf9-5cce-4b0d-acf1-02de91c3b744.jpg?v=1787936297 | D44: https://cdn.shopify.com/s/files/1/0792/5098/1063/files/f05b5b4966cbfbf6e7138bce62a10e8d53a6554d2095ee522f5577dc8f19de13_dd05aaf9-5cce-4b0d-acf1-02de91c3b744.jpg?v=1787936297 | E44: 48066077393095 | F44: 48066077393095 | H44: GALLERY | I44: DIRECT_IMAGE_DOWNLOAD_AND_SOURCE_ROW_REVIEW | J44: 2026-09-07T21:30:37+07:00 | K44: Direct QA opened downloaded image 167_05; source SHA 809B3ECD83AED0CAA2010656FE734B5AB8D96D036358CFF86225C3D8B52BC2E3. Submitted observation reviewed against gallery position. | L44: Additional mockup, care or size information for blue haunted pumpkin ghost comforter set. | M44: UNKNOWN | N44: SET | O44: Fitted sheet or size feature image for Blue Haunted Pumpkin Ghost Comforter Set | P44: FULL | Q44: FULL | R44: FULL | S44: FULL | T44: =IF(P44="FULL",40,IF(P44="PARTIAL",40/2,0))+IF(Q44="FULL",30,IF(Q44="PARTIAL",30/2,0))+IF(R44="FULL",20,IF(R44="PARTIAL",20/2,0))+IF(S44="FULL",10,IF(S44="PARTIAL",10/2,0)) | U44: =IF(P44="NOT_CHECKED",0,40)+IF(Q44="NOT_CHECKED",0,30)+IF(R44="NOT_CHECKED",0,20)+IF(S44="NOT_CHECKED",0,10) | V44: =IF(U44=100,T44,"") | W44: =T44 | X44: =T44+(100-U44) | Z44: D:\Shopify_Workspace\jeminise_seo\seo_runs\jeminise.com\20260906_234129\qa\20260907_212312\images\167_05.jpg; seo_runs\jeminise.com\20260906_234129\evidence\images\167_pamnest-twin-halloween-comforter-set-with-sheets-5-pieces-design-04\image_05_48066077393095.jpg; seo_runs\jeminise.com\20260906_234129\evidence\contact_sheets\167_pamnest-twin-halloween-comforter-set-with-sheets-5-pieces-design-04.jpg
A45: jeminise.com+pamnest-twin-halloween-comforter-set-with-sheets-5-pieces-design-04 | B45: img_d2c9d6272b82396c | C45: https://cdn.shopify.com/s/files/1/0792/5098/1063/files/b0d1da8d8060da04652dfbd8ac59558b6bb3e731d6cda0161cad77ec3b3c8fe2.jpg?v=1787936297 | D45: https://cdn.shopify.com/s/files/1/0792/5098/1063/files/b0d1da8d8060da04652dfbd8ac59558b6bb3e731d6cda0161cad77ec3b3c8fe2.jpg?v=1787936297 | E45: 48066077458631 | F45: 48066077458631 | H45: GALLERY | I45: DIRECT_IMAGE_DOWNLOAD_AND_SOURCE_ROW_REVIEW | J45: 2026-09-07T21:30:37+07:00 | K45: Direct QA opened downloaded image 167_06; source SHA 013B9F04BDDE36E1E705C4611EDDDEE6158093D88AA96C65C919E85A8D790623. Submitted observation reviewed against gallery position. | L45: Easy-care, size guide or product feature image for blue haunted pumpkin ghost comforter set. | M45: UNKNOWN | N45: SET | O45: Set contents and size chart image for Blue Haunted Pumpkin Ghost Comforter Set | P45: FULL | Q45: PARTIAL | R45: PARTIAL | S45: FULL | T45: =IF(P45="FULL",40,IF(P45="PARTIAL",40/2,0))+IF(Q45="FULL",30,IF(Q45="PARTIAL",30/2,0))+IF(R45="FULL",20,IF(R45="PARTIAL",20/2,0))+IF(S45="FULL",10,IF(S45="PARTIAL",10/2,0)) | U45: =IF(P45="NOT_CHECKED",0,40)+IF(Q45="NOT_CHECKED",0,30)+IF(R45="NOT_CHECKED",0,20)+IF(S45="NOT_CHECKED",0,10) | V45: =IF(U45=100,T45,"") | W45: =T45 | X45: =T45+(100-U45) | Y45: ISSUE-0064; ISSUE-0065 | Z45: D:\Shopify_Workspace\jeminise_seo\seo_runs\jeminise.com\20260906_234129\qa\20260907_212312\images\167_06.jpg; seo_runs\jeminise.com\20260906_234129\evidence\images\167_pamnest-twin-halloween-comforter-set-with-sheets-5-pieces-design-04\image_06_48066077458631.jpg; seo_runs\jeminise.com\20260906_234129\evidence\contact_sheets\167_pamnest-twin-halloween-comforter-set-with-sheets-5-pieces-design-04.jpg
A46: jeminise.com+pamnest-twin-halloween-comforter-set-with-sheets-5-pieces-design-05 | B46: img_f63b91c48fb4a74a | C46: https://cdn.shopify.com/s/files/1/0792/5098/1063/files/0378abcf551bb373bc058a8d932a075b2e7062138286ccd5675aab241cbc2aa8.jpg?v=1787936303 | D46: https://cdn.shopify.com/s/files/1/0792/5098/1063/files/0378abcf551bb373bc058a8d932a075b2e7062138286ccd5675aab241cbc2aa8.jpg?v=1787936303 | E46: 48066077524167 | F46: 48066077524167 | G46: 47062245507271,47062245540039,47062245572807,47062245605575 | H46: GALLERY | I46: DIRECT_IMAGE_DOWNLOAD_AND_SOURCE_ROW_REVIEW | J46: 2026-09-07T21:30:37+07:00 | K46: Direct QA opened downloaded image 168_01; source SHA 792C3D39DAA30943086B80DBB428049D7214624F317B5EF220EAA58FC2EADE01. Submitted observation reviewed against gallery position. | L46: Main product mockup showing pink cute ghost Halloween comforter set. | M46: UNKNOWN | N46: SET | O46: Pink Cute Ghost Halloween Comforter Set displayed in a main product mockup | P46: FULL | Q46: FULL | R46: PARTIAL | S46: FULL | T46: =IF(P46="FULL",40,IF(P46="PARTIAL",40/2,0))+IF(Q46="FULL",30,IF(Q46="PARTIAL",30/2,0))+IF(R46="FULL",20,IF(R46="PARTIAL",20/2,0))+IF(S46="FULL",10,IF(S46="PARTIAL",10/2,0)) | U46: =IF(P46="NOT_CHECKED",0,40)+IF(Q46="NOT_CHECKED",0,30)+IF(R46="NOT_CHECKED",0,20)+IF(S46="NOT_CHECKED",0,10) | V46: =IF(U46=100,T46,"") | W46: =T46 | X46: =T46+(100-U46) | Y46: ISSUE-0070 | Z46: D:\Shopify_Workspace\jeminise_seo\seo_runs\jeminise.com\20260906_234129\qa\20260907_212312\images\168_01.jpg; seo_runs\jeminise.com\20260906_234129\evidence\images\168_pamnest-twin-halloween-comforter-set-with-sheets-5-pieces-design-05\image_01_48066077524167.jpg; seo_runs\jeminise.com\20260906_234129\evidence\contact_sheets\168_pamnest-twin-halloween-comforter-set-with-sheets-5-pieces-design-05.jpg
A47: jeminise.com+pamnest-twin-halloween-comforter-set-with-sheets-5-pieces-design-05 | B47: img_2a0ea2b05ff8df4d | C47: https://cdn.shopify.com/s/files/1/0792/5098/1063/files/d443d634870cf5702ce02c12be0e9199f6c0ef35f8992890f2ee49e88fd55e59.jpg?v=1787936303 | D47: https://cdn.shopify.com/s/files/1/0792/5098/1063/files/d443d634870cf5702ce02c12be0e9199f6c0ef35f8992890f2ee49e88fd55e59.jpg?v=1787936303 | E47: 48066077688007 | F47: 48066077688007 | H47: GALLERY | I47: DIRECT_IMAGE_DOWNLOAD_AND_SOURCE_ROW_REVIEW | J47: 2026-09-07T21:30:37+07:00 | K47: Direct QA opened downloaded image 168_02; source SHA 3BAB3B23A1F5E172619070C85D30CD9029B7436976CD8DB07E0FAAEB275A4388. Submitted observation reviewed against gallery position. | L47: Secondary flat, close-up or bedroom mockup showing pink cute ghost Halloween comforter set. | M47: UNKNOWN | N47: SET | O47: Close-up of the print on Pink Cute Ghost Halloween Comforter Set | P47: FULL | Q47: FULL | R47: FULL | S47: FULL | T47: =IF(P47="FULL",40,IF(P47="PARTIAL",40/2,0))+IF(Q47="FULL",30,IF(Q47="PARTIAL",30/2,0))+IF(R47="FULL",20,IF(R47="PARTIAL",20/2,0))+IF(S47="FULL",10,IF(S47="PARTIAL",10/2,0)) | U47: =IF(P47="NOT_CHECKED",0,40)+IF(Q47="NOT_CHECKED",0,30)+IF(R47="NOT_CHECKED",0,20)+IF(S47="NOT_CHECKED",0,10) | V47: =IF(U47=100,T47,"") | W47: =T47 | X47: =T47+(100-U47) | Z47: D:\Shopify_Workspace\jeminise_seo\seo_runs\jeminise.com\20260906_234129\qa\20260907_212312\images\168_02.jpg; seo_runs\jeminise.com\20260906_234129\evidence\images\168_pamnest-twin-halloween-comforter-set-with-sheets-5-pieces-design-05\image_02_48066077688007.jpg; seo_runs\jeminise.com\20260906_234129\evidence\contact_sheets\168_pamnest-twin-halloween-comforter-set-with-sheets-5-pieces-design-05.jpg
A48: jeminise.com+pamnest-twin-halloween-comforter-set-with-sheets-5-pieces-design-05 | B48: img_fed1eb059469f4be | C48: https://cdn.shopify.com/s/files/1/0792/5098/1063/files/3c149552706148b88d709b4170ededcaf07b0afcd786b0fc80da64aee42ef97a.jpg?v=1787936303 | D48: https://cdn.shopify.com/s/files/1/0792/5098/1063/files/3c149552706148b88d709b4170ededcaf07b0afcd786b0fc80da64aee42ef97a.jpg?v=1787936303 | E48: 48066077589703 | F48: 48066077589703 | H48: GALLERY | I48: DIRECT_IMAGE_DOWNLOAD_AND_SOURCE_ROW_REVIEW | J48: 2026-09-07T21:30:37+07:00 | K48: Direct QA opened downloaded image 168_03; source SHA 9501D3E747E63982B98B5EB0D33917C9C4AB8BF48B7B8A6AC789C555BFE18C19. Submitted observation reviewed against gallery position. | L48: Bedding type, feature, lifestyle or material image for pink cute ghost Halloween comforter set. | M48: UNKNOWN | N48: SET | O48: Lifestyle bedroom mockup of Pink Cute Ghost Halloween Comforter Set | P48: FULL | Q48: PARTIAL | R48: FULL | S48: FULL | T48: =IF(P48="FULL",40,IF(P48="PARTIAL",40/2,0))+IF(Q48="FULL",30,IF(Q48="PARTIAL",30/2,0))+IF(R48="FULL",20,IF(R48="PARTIAL",20/2,0))+IF(S48="FULL",10,IF(S48="PARTIAL",10/2,0)) | U48: =IF(P48="NOT_CHECKED",0,40)+IF(Q48="NOT_CHECKED",0,30)+IF(R48="NOT_CHECKED",0,20)+IF(S48="NOT_CHECKED",0,10) | V48: =IF(U48=100,T48,"") | W48: =T48 | X48: =T48+(100-U48) | Y48: ISSUE-0071 | Z48: D:\Shopify_Workspace\jeminise_seo\seo_runs\jeminise.com\20260906_234129\qa\20260907_212312\images\168_03.jpg; seo_runs\jeminise.com\20260906_234129\evidence\images\168_pamnest-twin-halloween-comforter-set-with-sheets-5-pieces-design-05\image_03_48066077589703.jpg; seo_runs\jeminise.com\20260906_234129\evidence\contact_sheets\168_pamnest-twin-halloween-comforter-set-with-sheets-5-pieces-design-05.jpg
A49: jeminise.com+pamnest-twin-halloween-comforter-set-with-sheets-5-pieces-design-05 | B49: img_f878b183cc88d066 | C49: https://cdn.shopify.com/s/files/1/0792/5098/1063/files/27b0e98d00c806f90ce26194ac5961ee72b1843f7ded8b1cdc58421da8ff1af5.jpg?v=1787936303 | D49: https://cdn.shopify.com/s/files/1/0792/5098/1063/files/27b0e98d00c806f90ce26194ac5961ee72b1843f7ded8b1cdc58421da8ff1af5.jpg?v=1787936303 | E49: 48066077622471 | F49: 48066077622471 | H49: GALLERY | I49: DIRECT_IMAGE_DOWNLOAD_AND_SOURCE_ROW_REVIEW | J49: 2026-09-07T21:30:37+07:00 | K49: Direct QA opened downloaded image 168_04; source SHA 8BF5F7B758F3C10A29420A7D3AAA8BFEDAD2519C7F67745E5A891C6135D9F312. Submitted observation reviewed against gallery position. | L49: Detail, feature panel or lifestyle image connected to pink cute ghost Halloween comforter set. | M49: UNKNOWN | N49: SET | O49: Front bed view of Pink Cute Ghost Halloween Comforter Set | P49: FULL | Q49: PARTIAL | R49: FULL | S49: FULL | T49: =IF(P49="FULL",40,IF(P49="PARTIAL",40/2,0))+IF(Q49="FULL",30,IF(Q49="PARTIAL",30/2,0))+IF(R49="FULL",20,IF(R49="PARTIAL",20/2,0))+IF(S49="FULL",10,IF(S49="PARTIAL",10/2,0)) | U49: =IF(P49="NOT_CHECKED",0,40)+IF(Q49="NOT_CHECKED",0,30)+IF(R49="NOT_CHECKED",0,20)+IF(S49="NOT_CHECKED",0,10) | V49: =IF(U49=100,T49,"") | W49: =T49 | X49: =T49+(100-U49) | Y49: ISSUE-0072 | Z49: D:\Shopify_Workspace\jeminise_seo\seo_runs\jeminise.com\20260906_234129\qa\20260907_212312\images\168_04.jpg; seo_runs\jeminise.com\20260906_234129\evidence\images\168_pamnest-twin-halloween-comforter-set-with-sheets-5-pieces-design-05\image_04_48066077622471.jpg; seo_runs\jeminise.com\20260906_234129\evidence\contact_sheets\168_pamnest-twin-halloween-comforter-set-with-sheets-5-pieces-design-05.jpg
A50: jeminise.com+pamnest-twin-halloween-comforter-set-with-sheets-5-pieces-design-05 | B50: img_39e55cd54f05717f | C50: https://cdn.shopify.com/s/files/1/0792/5098/1063/files/4b609c485183f596d7a7cde020b39e4bda79acee2753d3dc2aded93519980ecf.jpg?v=1787936303 | D50: https://cdn.shopify.com/s/files/1/0792/5098/1063/files/4b609c485183f596d7a7cde020b39e4bda79acee2753d3dc2aded93519980ecf.jpg?v=1787936303 | E50: 48066077655239 | F50: 48066077655239 | H50: GALLERY | I50: DIRECT_IMAGE_DOWNLOAD_AND_SOURCE_ROW_REVIEW | J50: 2026-09-07T21:30:37+07:00 | K50: Direct QA opened downloaded image 168_05; source SHA C510398ACD0ED1C6D0A10E047886E7F9E6628D21DD3DE2C34D08CF404BC1B4C1. Submitted observation reviewed against gallery position. | L50: Additional mockup, care or size information for pink cute ghost Halloween comforter set. | M50: UNKNOWN | N50: SET | O50: Fitted sheet or size feature image for Pink Cute Ghost Halloween Comforter Set | P50: FULL | Q50: FULL | R50: FULL | S50: FULL | T50: =IF(P50="FULL",40,IF(P50="PARTIAL",40/2,0))+IF(Q50="FULL",30,IF(Q50="PARTIAL",30/2,0))+IF(R50="FULL",20,IF(R50="PARTIAL",20/2,0))+IF(S50="FULL",10,IF(S50="PARTIAL",10/2,0)) | U50: =IF(P50="NOT_CHECKED",0,40)+IF(Q50="NOT_CHECKED",0,30)+IF(R50="NOT_CHECKED",0,20)+IF(S50="NOT_CHECKED",0,10) | V50: =IF(U50=100,T50,"") | W50: =T50 | X50: =T50+(100-U50) | Z50: D:\Shopify_Workspace\jeminise_seo\seo_runs\jeminise.com\20260906_234129\qa\20260907_212312\images\168_05.jpg; seo_runs\jeminise.com\20260906_234129\evidence\images\168_pamnest-twin-halloween-comforter-set-with-sheets-5-pieces-design-05\image_05_48066077655239.jpg; seo_runs\jeminise.com\20260906_234129\evidence\contact_sheets\168_pamnest-twin-halloween-comforter-set-with-sheets-5-pieces-design-05.jpg
A51: jeminise.com+pamnest-twin-halloween-comforter-set-with-sheets-5-pieces-design-05 | B51: img_df8a12275b529e15 | C51: https://cdn.shopify.com/s/files/1/0792/5098/1063/files/7e2ec7c0c42511286cd153cc90aaaa3c14a07010ca3b6583e65c64cf25c53aa4.jpg?v=1787936303 | D51: https://cdn.shopify.com/s/files/1/0792/5098/1063/files/7e2ec7c0c42511286cd153cc90aaaa3c14a07010ca3b6583e65c64cf25c53aa4.jpg?v=1787936303 | E51: 48066077720775 | F51: 48066077720775 | H51: GALLERY | I51: DIRECT_IMAGE_DOWNLOAD_AND_SOURCE_ROW_REVIEW | J51: 2026-09-07T21:30:37+07:00 | K51: Direct QA opened downloaded image 168_06; source SHA 28022D80B06D4FDB9B706DED0ABB6C148226E0C505072A52CE71F0F89CEE18A2. Submitted observation reviewed against gallery position. | L51: Easy-care, size guide or product feature image for pink cute ghost Halloween comforter set. | M51: UNKNOWN | N51: SET | O51: Set contents and size chart image for Pink Cute Ghost Halloween Comforter Set | P51: FULL | Q51: PARTIAL | R51: PARTIAL | S51: FULL | T51: =IF(P51="FULL",40,IF(P51="PARTIAL",40/2,0))+IF(Q51="FULL",30,IF(Q51="PARTIAL",30/2,0))+IF(R51="FULL",20,IF(R51="PARTIAL",20/2,0))+IF(S51="FULL",10,IF(S51="PARTIAL",10/2,0)) | U51: =IF(P51="NOT_CHECKED",0,40)+IF(Q51="NOT_CHECKED",0,30)+IF(R51="NOT_CHECKED",0,20)+IF(S51="NOT_CHECKED",0,10) | V51: =IF(U51=100,T51,"") | W51: =T51 | X51: =T51+(100-U51) | Y51: ISSUE-0073; ISSUE-0074 | Z51: D:\Shopify_Workspace\jeminise_seo\seo_runs\jeminise.com\20260906_234129\qa\20260907_212312\images\168_06.jpg; seo_runs\jeminise.com\20260906_234129\evidence\images\168_pamnest-twin-halloween-comforter-set-with-sheets-5-pieces-design-05\image_06_48066077720775.jpg; seo_runs\jeminise.com\20260906_234129\evidence\contact_sheets\168_pamnest-twin-halloween-comforter-set-with-sheets-5-pieces-design-05.jpg
A52: jeminise.com+pamnest-twin-halloween-comforter-set-with-sheets-5-pieces-design-06 | B52: img_35d94528acc39338 | C52: https://cdn.shopify.com/s/files/1/0792/5098/1063/files/56881a19a51c01cc553fffe6fc20529fd559dd35981c52ef5bde9f745e19e0c6.jpg?v=1787936307 | D52: https://cdn.shopify.com/s/files/1/0792/5098/1063/files/56881a19a51c01cc553fffe6fc20529fd559dd35981c52ef5bde9f745e19e0c6.jpg?v=1787936307 | E52: 48066077786311 | F52: 48066077786311 | G52: 47062245671111,47062245703879,47062245736647,47062245769415 | H52: GALLERY | I52: DIRECT_IMAGE_DOWNLOAD_AND_SOURCE_ROW_REVIEW | J52: 2026-09-07T21:30:37+07:00 | K52: Direct QA opened downloaded image 169_01; source SHA E964E8AAA7624312D07F32347BAC59AB44875C54891FCD51E4FFC6B4F73433BE. Submitted observation reviewed against gallery position. | L52: Main product mockup showing red bloody handprint Halloween comforter set. | M52: UNKNOWN | N52: SET | O52: Red Bloody Handprint Halloween Comforter Set displayed in a main product mockup | P52: FULL | Q52: FULL | R52: PARTIAL | S52: FULL | T52: =IF(P52="FULL",40,IF(P52="PARTIAL",40/2,0))+IF(Q52="FULL",30,IF(Q52="PARTIAL",30/2,0))+IF(R52="FULL",20,IF(R52="PARTIAL",20/2,0))+IF(S52="FULL",10,IF(S52="PARTIAL",10/2,0)) | U52: =IF(P52="NOT_CHECKED",0,40)+IF(Q52="NOT_CHECKED",0,30)+IF(R52="NOT_CHECKED",0,20)+IF(S52="NOT_CHECKED",0,10) | V52: =IF(U52=100,T52,"") | W52: =T52 | X52: =T52+(100-U52) | Y52: ISSUE-0079 | Z52: D:\Shopify_Workspace\jeminise_seo\seo_runs\jeminise.com\20260906_234129\qa\20260907_212312\images\169_01.jpg; seo_runs\jeminise.com\20260906_234129\evidence\images\169_pamnest-twin-halloween-comforter-set-with-sheets-5-pieces-design-06\image_01_48066077786311.jpg; seo_runs\jeminise.com\20260906_234129\evidence\contact_sheets\169_pamnest-twin-halloween-comforter-set-with-sheets-5-pieces-design-06.jpg
A53: jeminise.com+pamnest-twin-halloween-comforter-set-with-sheets-5-pieces-design-06 | B53: img_5a3afe72b97f1a60 | C53: https://cdn.shopify.com/s/files/1/0792/5098/1063/files/1a90986a710d8ec7e3fd994a8c712b5b6adf1486722d0ac1005cdfab2898c774.jpg?v=1787936307 | D53: https://cdn.shopify.com/s/files/1/0792/5098/1063/files/1a90986a710d8ec7e3fd994a8c712b5b6adf1486722d0ac1005cdfab2898c774.jpg?v=1787936307 | E53: 48066077950151 | F53: 48066077950151 | H53: GALLERY | I53: DIRECT_IMAGE_DOWNLOAD_AND_SOURCE_ROW_REVIEW | J53: 2026-09-07T21:30:37+07:00 | K53: Direct QA opened downloaded image 169_02; source SHA 69A8CD56B65FE0CB8980E81403709739D071A21E26D7284819850783CD7295B7. Submitted observation reviewed against gallery position. | L53: Secondary flat, close-up or bedroom mockup showing red bloody handprint Halloween comforter set. | M53: UNKNOWN | N53: SET | O53: Close-up of the print on Red Bloody Handprint Halloween Comforter Set | P53: FULL | Q53: FULL | R53: FULL | S53: FULL | T53: =IF(P53="FULL",40,IF(P53="PARTIAL",40/2,0))+IF(Q53="FULL",30,IF(Q53="PARTIAL",30/2,0))+IF(R53="FULL",20,IF(R53="PARTIAL",20/2,0))+IF(S53="FULL",10,IF(S53="PARTIAL",10/2,0)) | U53: =IF(P53="NOT_CHECKED",0,40)+IF(Q53="NOT_CHECKED",0,30)+IF(R53="NOT_CHECKED",0,20)+IF(S53="NOT_CHECKED",0,10) | V53: =IF(U53=100,T53,"") | W53: =T53 | X53: =T53+(100-U53) | Z53: D:\Shopify_Workspace\jeminise_seo\seo_runs\jeminise.com\20260906_234129\qa\20260907_212312\images\169_02.jpg; seo_runs\jeminise.com\20260906_234129\evidence\images\169_pamnest-twin-halloween-comforter-set-with-sheets-5-pieces-design-06\image_02_48066077950151.jpg; seo_runs\jeminise.com\20260906_234129\evidence\contact_sheets\169_pamnest-twin-halloween-comforter-set-with-sheets-5-pieces-design-06.jpg
A54: jeminise.com+pamnest-twin-halloween-comforter-set-with-sheets-5-pieces-design-06 | B54: img_a5acbfa809d8c02a | C54: https://cdn.shopify.com/s/files/1/0792/5098/1063/files/14e0c414dcf8f732a3efcb85f1038b86f760c8561254aa5ccba8af1194c7a4b9.jpg?v=1787936307 | D54: https://cdn.shopify.com/s/files/1/0792/5098/1063/files/14e0c414dcf8f732a3efcb85f1038b86f760c8561254aa5ccba8af1194c7a4b9.jpg?v=1787936307 | E54: 48066077851847 | F54: 48066077851847 | H54: GALLERY | I54: DIRECT_IMAGE_DOWNLOAD_AND_SOURCE_ROW_REVIEW | J54: 2026-09-07T21:30:37+07:00 | K54: Direct QA opened downloaded image 169_03; source SHA 22BB4B1B9F8B8855E4D7C03562E26D974B19B8FCBA4C45BF252AB431880538C7. Submitted observation reviewed against gallery position. | L54: Bedding type, feature, lifestyle or material image for red bloody handprint Halloween comforter set. | M54: UNKNOWN | N54: SET | O54: Lifestyle bedroom mockup of Red Bloody Handprint Halloween Comforter Set | P54: FULL | Q54: PARTIAL | R54: FULL | S54: FULL | T54: =IF(P54="FULL",40,IF(P54="PARTIAL",40/2,0))+IF(Q54="FULL",30,IF(Q54="PARTIAL",30/2,0))+IF(R54="FULL",20,IF(R54="PARTIAL",20/2,0))+IF(S54="FULL",10,IF(S54="PARTIAL",10/2,0)) | U54: =IF(P54="NOT_CHECKED",0,40)+IF(Q54="NOT_CHECKED",0,30)+IF(R54="NOT_CHECKED",0,20)+IF(S54="NOT_CHECKED",0,10) | V54: =IF(U54=100,T54,"") | W54: =T54 | X54: =T54+(100-U54) | Y54: ISSUE-0080 | Z54: D:\Shopify_Workspace\jeminise_seo\seo_runs\jeminise.com\20260906_234129\qa\20260907_212312\images\169_03.jpg; seo_runs\jeminise.com\20260906_234129\evidence\images\169_pamnest-twin-halloween-comforter-set-with-sheets-5-pieces-design-06\image_03_48066077851847.jpg; seo_runs\jeminise.com\20260906_234129\evidence\contact_sheets\169_pamnest-twin-halloween-comforter-set-with-sheets-5-pieces-design-06.jpg
A55: jeminise.com+pamnest-twin-halloween-comforter-set-with-sheets-5-pieces-design-06 | B55: img_c0d5bc796a75d91f | C55: https://cdn.shopify.com/s/files/1/0792/5098/1063/files/60955256316c3a7bdd4e572c3f1101f8d5511e78a1d363f9d70104b52b193f71.jpg?v=1787936307 | D55: https://cdn.shopify.com/s/files/1/0792/5098/1063/files/60955256316c3a7bdd4e572c3f1101f8d5511e78a1d363f9d70104b52b193f71.jpg?v=1787936307 | E55: 48066077884615 | F55: 48066077884615 | H55: GALLERY | I55: DIRECT_IMAGE_DOWNLOAD_AND_SOURCE_ROW_REVIEW | J55: 2026-09-07T21:30:37+07:00 | K55: Direct QA opened downloaded image 169_04; source SHA 5B9513593D429990383B1A963BB8593EA384190AA4057EF325920B05D071D9A4. Submitted observation reviewed against gallery position. | L55: Detail, feature panel or lifestyle image connected to red bloody handprint Halloween comforter set. | M55: UNKNOWN | N55: SET | O55: Front bed view of Red Bloody Handprint Halloween Comforter Set | P55: FULL | Q55: PARTIAL | R55: FULL | S55: FULL | T55: =IF(P55="FULL",40,IF(P55="PARTIAL",40/2,0))+IF(Q55="FULL",30,IF(Q55="PARTIAL",30/2,0))+IF(R55="FULL",20,IF(R55="PARTIAL",20/2,0))+IF(S55="FULL",10,IF(S55="PARTIAL",10/2,0)) | U55: =IF(P55="NOT_CHECKED",0,40)+IF(Q55="NOT_CHECKED",0,30)+IF(R55="NOT_CHECKED",0,20)+IF(S55="NOT_CHECKED",0,10) | V55: =IF(U55=100,T55,"") | W55: =T55 | X55: =T55+(100-U55) | Y55: ISSUE-0081 | Z55: D:\Shopify_Workspace\jeminise_seo\seo_runs\jeminise.com\20260906_234129\qa\20260907_212312\images\169_04.jpg; seo_runs\jeminise.com\20260906_234129\evidence\images\169_pamnest-twin-halloween-comforter-set-with-sheets-5-pieces-design-06\image_04_48066077884615.jpg; seo_runs\jeminise.com\20260906_234129\evidence\contact_sheets\169_pamnest-twin-halloween-comforter-set-with-sheets-5-pieces-design-06.jpg
A56: jeminise.com+pamnest-twin-halloween-comforter-set-with-sheets-5-pieces-design-06 | B56: img_b4868955b5019029 | C56: https://cdn.shopify.com/s/files/1/0792/5098/1063/files/e1fbf76f0a4f56333e589145881221e54d4d698d00057714af3d90bfcfcbcde8.jpg?v=1787936307 | D56: https://cdn.shopify.com/s/files/1/0792/5098/1063/files/e1fbf76f0a4f56333e589145881221e54d4d698d00057714af3d90bfcfcbcde8.jpg?v=1787936307 | E56: 48066077917383 | F56: 48066077917383 | H56: GALLERY | I56: DIRECT_IMAGE_DOWNLOAD_AND_SOURCE_ROW_REVIEW | J56: 2026-09-07T21:30:37+07:00 | K56: Direct QA opened downloaded image 169_05; source SHA 4D201391BE774177043ED58A8C8A59FD3D3317BF1DD8A3BEAA0BA1E45B0D2002. Submitted observation reviewed against gallery position. | L56: Additional mockup, care or size information for red bloody handprint Halloween comforter set. | M56: UNKNOWN | N56: SET | O56: Fitted sheet or size feature image for Red Bloody Handprint Halloween Comforter Set | P56: FULL | Q56: FULL | R56: FULL | S56: FULL | T56: =IF(P56="FULL",40,IF(P56="PARTIAL",40/2,0))+IF(Q56="FULL",30,IF(Q56="PARTIAL",30/2,0))+IF(R56="FULL",20,IF(R56="PARTIAL",20/2,0))+IF(S56="FULL",10,IF(S56="PARTIAL",10/2,0)) | U56: =IF(P56="NOT_CHECKED",0,40)+IF(Q56="NOT_CHECKED",0,30)+IF(R56="NOT_CHECKED",0,20)+IF(S56="NOT_CHECKED",0,10) | V56: =IF(U56=100,T56,"") | W56: =T56 | X56: =T56+(100-U56) | Z56: D:\Shopify_Workspace\jeminise_seo\seo_runs\jeminise.com\20260906_234129\qa\20260907_212312\images\169_05.jpg; seo_runs\jeminise.com\20260906_234129\evidence\images\169_pamnest-twin-halloween-comforter-set-with-sheets-5-pieces-design-06\image_05_48066077917383.jpg; seo_runs\jeminise.com\20260906_234129\evidence\contact_sheets\169_pamnest-twin-halloween-comforter-set-with-sheets-5-pieces-design-06.jpg
A57: jeminise.com+pamnest-twin-halloween-comforter-set-with-sheets-5-pieces-design-06 | B57: img_65ea55de03874828 | C57: https://cdn.shopify.com/s/files/1/0792/5098/1063/files/c704e78fea6b0af8659e3bb6318e69c7a083dd569ad0e78c293e9f2bb37a0b50.jpg?v=1787936307 | D57: https://cdn.shopify.com/s/files/1/0792/5098/1063/files/c704e78fea6b0af8659e3bb6318e69c7a083dd569ad0e78c293e9f2bb37a0b50.jpg?v=1787936307 | E57: 48066077982919 | F57: 48066077982919 | H57: GALLERY | I57: DIRECT_IMAGE_DOWNLOAD_AND_SOURCE_ROW_REVIEW | J57: 2026-09-07T21:30:37+07:00 | K57: Direct QA opened downloaded image 169_06; source SHA 0D340F0CCBE47B91ADC8FC5D788570BF6003134C071147E8BFFEA8FEEC31A061. Submitted observation reviewed against gallery position. | L57: Easy-care, size guide or product feature image for red bloody handprint Halloween comforter set. | M57: UNKNOWN | N57: SET | O57: Set contents and size chart image for Red Bloody Handprint Halloween Comforter Set | P57: FULL | Q57: PARTIAL | R57: PARTIAL | S57: FULL | T57: =IF(P57="FULL",40,IF(P57="PARTIAL",40/2,0))+IF(Q57="FULL",30,IF(Q57="PARTIAL",30/2,0))+IF(R57="FULL",20,IF(R57="PARTIAL",20/2,0))+IF(S57="FULL",10,IF(S57="PARTIAL",10/2,0)) | U57: =IF(P57="NOT_CHECKED",0,40)+IF(Q57="NOT_CHECKED",0,30)+IF(R57="NOT_CHECKED",0,20)+IF(S57="NOT_CHECKED",0,10) | V57: =IF(U57=100,T57,"") | W57: =T57 | X57: =T57+(100-U57) | Y57: ISSUE-0082; ISSUE-0083 | Z57: D:\Shopify_Workspace\jeminise_seo\seo_runs\jeminise.com\20260906_234129\qa\20260907_212312\images\169_06.jpg; seo_runs\jeminise.com\20260906_234129\evidence\images\169_pamnest-twin-halloween-comforter-set-with-sheets-5-pieces-design-06\image_06_48066077982919.jpg; seo_runs\jeminise.com\20260906_234129\evidence\contact_sheets\169_pamnest-twin-halloween-comforter-set-with-sheets-5-pieces-design-06.jpg
A58: jeminise.com+pamnest-twin-halloween-comforter-set-with-sheets-5-pieces-design-07 | B58: img_9356d2ce7bad1793 | C58: https://cdn.shopify.com/s/files/1/0792/5098/1063/files/feceab1269e0c41029cfcb73e8317439de8337d84336b09e87d52e7744326f5e.jpg?v=1787936313 | D58: https://cdn.shopify.com/s/files/1/0792/5098/1063/files/feceab1269e0c41029cfcb73e8317439de8337d84336b09e87d52e7744326f5e.jpg?v=1787936313 | E58: 48066078015687 | F58: 48066078015687 | G58: 47062245834951 | H58: GALLERY | I58: DIRECT_IMAGE_DOWNLOAD_AND_SOURCE_ROW_REVIEW | J58: 2026-09-07T21:30:37+07:00 | K58: Direct QA opened downloaded image 170_01; source SHA 57D73FC8EB4465E4DF4ADEB1067D733EE69662C19632A07ADC29D74430551BC4. Submitted observation reviewed against gallery position. | L58: Main product mockup showing white haunted house pumpkin Halloween comforter set. | M58: UNKNOWN | N58: SET | O58: White Haunted House Pumpkin Comforter Set displayed in a main product mockup | P58: FULL | Q58: FULL | R58: PARTIAL | S58: FULL | T58: =IF(P58="FULL",40,IF(P58="PARTIAL",40/2,0))+IF(Q58="FULL",30,IF(Q58="PARTIAL",30/2,0))+IF(R58="FULL",20,IF(R58="PARTIAL",20/2,0))+IF(S58="FULL",10,IF(S58="PARTIAL",10/2,0)) | U58: =IF(P58="NOT_CHECKED",0,40)+IF(Q58="NOT_CHECKED",0,30)+IF(R58="NOT_CHECKED",0,20)+IF(S58="NOT_CHECKED",0,10) | V58: =IF(U58=100,T58,"") | W58: =T58 | X58: =T58+(100-U58) | Y58: ISSUE-0088 | Z58: D:\Shopify_Workspace\jeminise_seo\seo_runs\jeminise.com\20260906_234129\qa\20260907_212312\images\170_01.jpg; seo_runs\jeminise.com\20260906_234129\evidence\images\170_pamnest-twin-halloween-comforter-set-with-sheets-5-pieces-design-07\image_01_48066078015687.jpg; seo_runs\jeminise.com\20260906_234129\evidence\contact_sheets\170_pamnest-twin-halloween-comforter-set-with-sheets-5-pieces-design-07.jpg
A59: jeminise.com+pamnest-twin-halloween-comforter-set-with-sheets-5-pieces-design-07 | B59: img_353358cf9766d96f | C59: https://cdn.shopify.com/s/files/1/0792/5098/1063/files/7683974b7a31c9cf865fb550d243761f446de029999d81b730d1be1d4bffd71a.jpg?v=1787936313 | D59: https://cdn.shopify.com/s/files/1/0792/5098/1063/files/7683974b7a31c9cf865fb550d243761f446de029999d81b730d1be1d4bffd71a.jpg?v=1787936313 | E59: 48066078179527 | F59: 48066078179527 | H59: GALLERY | I59: DIRECT_IMAGE_DOWNLOAD_AND_SOURCE_ROW_REVIEW | J59: 2026-09-07T21:30:37+07:00 | K59: Direct QA opened downloaded image 170_02; source SHA 66FDE1A3115F6924FDE8938B3219FF6325F4FDC4FB847653496217070CF4485D. Submitted observation reviewed against gallery position. | L59: Secondary flat, close-up or bedroom mockup showing white haunted house pumpkin Halloween comforter set. | M59: UNKNOWN | N59: SET | O59: Close-up of the print on White Haunted House Pumpkin Comforter Set | P59: FULL | Q59: FULL | R59: FULL | S59: FULL | T59: =IF(P59="FULL",40,IF(P59="PARTIAL",40/2,0))+IF(Q59="FULL",30,IF(Q59="PARTIAL",30/2,0))+IF(R59="FULL",20,IF(R59="PARTIAL",20/2,0))+IF(S59="FULL",10,IF(S59="PARTIAL",10/2,0)) | U59: =IF(P59="NOT_CHECKED",0,40)+IF(Q59="NOT_CHECKED",0,30)+IF(R59="NOT_CHECKED",0,20)+IF(S59="NOT_CHECKED",0,10) | V59: =IF(U59=100,T59,"") | W59: =T59 | X59: =T59+(100-U59) | Z59: D:\Shopify_Workspace\jeminise_seo\seo_runs\jeminise.com\20260906_234129\qa\20260907_212312\images\170_02.jpg; seo_runs\jeminise.com\20260906_234129\evidence\images\170_pamnest-twin-halloween-comforter-set-with-sheets-5-pieces-design-07\image_02_48066078179527.jpg; seo_runs\jeminise.com\20260906_234129\evidence\contact_sheets\170_pamnest-twin-halloween-comforter-set-with-sheets-5-pieces-design-07.jpg
A60: jeminise.com+pamnest-twin-halloween-comforter-set-with-sheets-5-pieces-design-07 | B60: img_0bf2807db76246ec | C60: https://cdn.shopify.com/s/files/1/0792/5098/1063/files/d15de982cf49c61d63dcb3e70a085c7480d7757447c46dfe1f4e360681c9f501.jpg?v=1787936313 | D60: https://cdn.shopify.com/s/files/1/0792/5098/1063/files/d15de982cf49c61d63dcb3e70a085c7480d7757447c46dfe1f4e360681c9f501.jpg?v=1787936313 | E60: 48066078081223 | F60: 48066078081223 | H60: GALLERY | I60: DIRECT_IMAGE_DOWNLOAD_AND_SOURCE_ROW_REVIEW | J60: 2026-09-07T21:30:37+07:00 | K60: Direct QA opened downloaded image 170_03; source SHA 77A837B38C393E3BBFFF0B491A90B5199FFA79DA2E940C5D9FD28A35CB83813C. Submitted observation reviewed against gallery position. | L60: Bedding type, feature, lifestyle or material image for white haunted house pumpkin Halloween comforter set. | M60: UNKNOWN | N60: SET | O60: Lifestyle bedroom mockup of White Haunted House Pumpkin Comforter Set | P60: FULL | Q60: PARTIAL | R60: FULL | S60: FULL | T60: =IF(P60="FULL",40,IF(P60="PARTIAL",40/2,0))+IF(Q60="FULL",30,IF(Q60="PARTIAL",30/2,0))+IF(R60="FULL",20,IF(R60="PARTIAL",20/2,0))+IF(S60="FULL",10,IF(S60="PARTIAL",10/2,0)) | U60: =IF(P60="NOT_CHECKED",0,40)+IF(Q60="NOT_CHECKED",0,30)+IF(R60="NOT_CHECKED",0,20)+IF(S60="NOT_CHECKED",0,10) | V60: =IF(U60=100,T60,"") | W60: =T60 | X60: =T60+(100-U60) | Y60: ISSUE-0089 | Z60: D:\Shopify_Workspace\jeminise_seo\seo_runs\jeminise.com\20260906_234129\qa\20260907_212312\images\170_03.jpg; seo_runs\jeminise.com\20260906_234129\evidence\images\170_pamnest-twin-halloween-comforter-set-with-sheets-5-pieces-design-07\image_03_48066078081223.jpg; seo_runs\jeminise.com\20260906_234129\evidence\contact_sheets\170_pamnest-twin-halloween-comforter-set-with-sheets-5-pieces-design-07.jpg
A61: jeminise.com+pamnest-twin-halloween-comforter-set-with-sheets-5-pieces-design-07 | B61: img_44dde367352679f8 | C61: https://cdn.shopify.com/s/files/1/0792/5098/1063/files/30ac2af2067079c32aee59f6826a158fdef74dbd36e4a379b1f3dad211c0c404.jpg?v=1787936313 | D61: https://cdn.shopify.com/s/files/1/0792/5098/1063/files/30ac2af2067079c32aee59f6826a158fdef74dbd36e4a379b1f3dad211c0c404.jpg?v=1787936313 | E61: 48066078113991 | F61: 48066078113991 | H61: GALLERY | I61: DIRECT_IMAGE_DOWNLOAD_AND_SOURCE_ROW_REVIEW | J61: 2026-09-07T21:30:37+07:00 | K61: Direct QA opened downloaded image 170_04; source SHA E63D6137B382A807721880429E4A206624E7F6703B7A880C40EA9A7613BDAA88. Submitted observation reviewed against gallery position. | L61: Detail, feature panel or lifestyle image connected to white haunted house pumpkin Halloween comforter set. | M61: UNKNOWN | N61: SET | O61: Front bed view of White Haunted House Pumpkin Comforter Set | P61: FULL | Q61: PARTIAL | R61: FULL | S61: FULL | T61: =IF(P61="FULL",40,IF(P61="PARTIAL",40/2,0))+IF(Q61="FULL",30,IF(Q61="PARTIAL",30/2,0))+IF(R61="FULL",20,IF(R61="PARTIAL",20/2,0))+IF(S61="FULL",10,IF(S61="PARTIAL",10/2,0)) | U61: =IF(P61="NOT_CHECKED",0,40)+IF(Q61="NOT_CHECKED",0,30)+IF(R61="NOT_CHECKED",0,20)+IF(S61="NOT_CHECKED",0,10) | V61: =IF(U61=100,T61,"") | W61: =T61 | X61: =T61+(100-U61) | Y61: ISSUE-0090 | Z61: D:\Shopify_Workspace\jeminise_seo\seo_runs\jeminise.com\20260906_234129\qa\20260907_212312\images\170_04.jpg; seo_runs\jeminise.com\20260906_234129\evidence\images\170_pamnest-twin-halloween-comforter-set-with-sheets-5-pieces-design-07\image_04_48066078113991.jpg; seo_runs\jeminise.com\20260906_234129\evidence\contact_sheets\170_pamnest-twin-halloween-comforter-set-with-sheets-5-pieces-design-07.jpg
A62: jeminise.com+pamnest-twin-halloween-comforter-set-with-sheets-5-pieces-design-07 | B62: img_7690e5fb61cb212f | C62: https://cdn.shopify.com/s/files/1/0792/5098/1063/files/9d916a0bc9f840d4bf410947c3497d6a50cfc268bce2c2020b74a8951bbd4f62.jpg?v=1787936313 | D62: https://cdn.shopify.com/s/files/1/0792/5098/1063/files/9d916a0bc9f840d4bf410947c3497d6a50cfc268bce2c2020b74a8951bbd4f62.jpg?v=1787936313 | E62: 48066078146759 | F62: 48066078146759 | H62: GALLERY | I62: DIRECT_IMAGE_DOWNLOAD_AND_SOURCE_ROW_REVIEW | J62: 2026-09-07T21:30:37+07:00 | K62: Direct QA opened downloaded image 170_05; source SHA 0EC80DB49E04E1EC38CFA5B81F1ABDFB15D8DE98EB5E76F86EBA4AF1F9C7BE01. Submitted observation reviewed against gallery position. | L62: Additional mockup, care or size information for white haunted house pumpkin Halloween comforter set. | M62: UNKNOWN | N62: SET | O62: Fitted sheet or size feature image for White Haunted House Pumpkin Comforter Set | P62: FULL | Q62: FULL | R62: FULL | S62: FULL | T62: =IF(P62="FULL",40,IF(P62="PARTIAL",40/2,0))+IF(Q62="FULL",30,IF(Q62="PARTIAL",30/2,0))+IF(R62="FULL",20,IF(R62="PARTIAL",20/2,0))+IF(S62="FULL",10,IF(S62="PARTIAL",10/2,0)) | U62: =IF(P62="NOT_CHECKED",0,40)+IF(Q62="NOT_CHECKED",0,30)+IF(R62="NOT_CHECKED",0,20)+IF(S62="NOT_CHECKED",0,10) | V62: =IF(U62=100,T62,"") | W62: =T62 | X62: =T62+(100-U62) | Z62: D:\Shopify_Workspace\jeminise_seo\seo_runs\jeminise.com\20260906_234129\qa\20260907_212312\images\170_05.jpg; seo_runs\jeminise.com\20260906_234129\evidence\images\170_pamnest-twin-halloween-comforter-set-with-sheets-5-pieces-design-07\image_05_48066078146759.jpg; seo_runs\jeminise.com\20260906_234129\evidence\contact_sheets\170_pamnest-twin-halloween-comforter-set-with-sheets-5-pieces-design-07.jpg
A63: jeminise.com+pamnest-twin-halloween-comforter-set-with-sheets-5-pieces-design-07 | B63: img_ef6bb6e803199e76 | C63: https://cdn.shopify.com/s/files/1/0792/5098/1063/files/3e227101e2e9c24d641f1ea4dd5f5e1cb8ef75e8fe6c70b298e93002e2905f25.jpg?v=1787936313 | D63: https://cdn.shopify.com/s/files/1/0792/5098/1063/files/3e227101e2e9c24d641f1ea4dd5f5e1cb8ef75e8fe6c70b298e93002e2905f25.jpg?v=1787936313 | E63: 48066078212295 | F63: 48066078212295 | H63: GALLERY | I63: DIRECT_IMAGE_DOWNLOAD_AND_SOURCE_ROW_REVIEW | J63: 2026-09-07T21:30:37+07:00 | K63: Direct QA opened downloaded image 170_06; source SHA 6BB214F32E9AE6A6941D5862382F509A1DC19A42D9E7E2D9338CA4543C399593. Submitted observation reviewed against gallery position. | L63: Easy-care, size guide or product feature image for white haunted house pumpkin Halloween comforter set. | M63: UNKNOWN | N63: SET | O63: Set contents and size chart image for White Haunted House Pumpkin Comforter Set | P63: FULL | Q63: PARTIAL | R63: PARTIAL | S63: FULL | T63: =IF(P63="FULL",40,IF(P63="PARTIAL",40/2,0))+IF(Q63="FULL",30,IF(Q63="PARTIAL",30/2,0))+IF(R63="FULL",20,IF(R63="PARTIAL",20/2,0))+IF(S63="FULL",10,IF(S63="PARTIAL",10/2,0)) | U63: =IF(P63="NOT_CHECKED",0,40)+IF(Q63="NOT_CHECKED",0,30)+IF(R63="NOT_CHECKED",0,20)+IF(S63="NOT_CHECKED",0,10) | V63: =IF(U63=100,T63,"") | W63: =T63 | X63: =T63+(100-U63) | Y63: ISSUE-0091; ISSUE-0092 | Z63: D:\Shopify_Workspace\jeminise_seo\seo_runs\jeminise.com\20260906_234129\qa\20260907_212312\images\170_06.jpg; seo_runs\jeminise.com\20260906_234129\evidence\images\170_pamnest-twin-halloween-comforter-set-with-sheets-5-pieces-design-07\image_06_48066078212295.jpg; seo_runs\jeminise.com\20260906_234129\evidence\contact_sheets\170_pamnest-twin-halloween-comforter-set-with-sheets-5-pieces-design-07.jpg

Sheet QA_Issues
A1: issue_id | B1: product_key | C1: qa_image_key | D1: severity | E1: field | F1: submitted_value | G1: source_observation | H1: reason | I1: recommended_fix | J1: supporting_evidence | K1: recheck_condition
A2: ISSUE-0001 | B2: jeminise.com+norse-mythology-raven-within-celtic-knot-frame-quilt-906ee24d68-906ee24d68 | D2: MAJOR | E2: description_proposed_html | F2: <p>This Jeminise quilt set features blue patchwork Norse raven artwork within a Celtic knot frame with moon, raven and Tree of Life panels, making it suited for Viking-themed bedroom decor, mythology gifts or personalized Norse bedding.</p><h3>Design Details</h3><ul><li>Visible artwork: blue patchwork Norse raven artwork within a Celtic knot frame with moon, raven and Tree of Life panels.</li><li>Source product details include: Brand: Jeminise;… | G2: Draft contains SEO Use / QA approval wording. | H2: Internal workflow language is not publish-ready storefront copy. | I2: Remove internal QA/import block and replace with customer-facing verified copy. | J2: Draft contains SEO Use / QA approval wording. | K2: Description HTML no longer contains SEO Use, QA, approval, import or draft language.
A3: ISSUE-0002 | B3: jeminise.com+norse-mythology-raven-within-celtic-knot-frame-quilt-906ee24d68-906ee24d68 | D3: MAJOR | E3: h1_proposed | G3: The submitted workbook row has no proposed H1. | H3: A publishable SEO title/H1 pair is incomplete when the H1 field is blank. | I3: Write one English H1 that matches the verified product type and visible design; do not copy unsupported claims. | J3: The submitted workbook row has no proposed H1. | K3: Workbook contains a non-empty H1 and it is consistent with title, primary keyword and live product evidence.
A4: ISSUE-0003 | B4: jeminise.com+norse-mythology-raven-within-celtic-knot-frame-quilt-906ee24d68-906ee24d68 | D4: MINOR | E4: meta_description_seo | F4: Shop a quilt set featuring blue patchwork Norse raven artwork within a Celtic knot frame with moon, raven and Tree of Life panels. Review available sizes and set options before checkout. | G4: Meta description length is 186 characters. | H4: Likely to truncate in search results and repeats review/personality wording in several rows. | I4: Rewrite to roughly 145-155 characters while preserving verified design and product type. | J4: Meta description length is 186 characters. | K4: Length check <=160 characters and no unsupported claim remains.
A5: ISSUE-0004 | B5: jeminise.com+norse-mythology-raven-within-celtic-knot-frame-quilt-906ee24d68-906ee24d68 | D5: LIMITATION | E5: keyword_evidence_level | F5: SERP_ONLY | G5: Only public SERP comparables are available. | H5: No Search Console, paid keyword volume or internal site search export was supplied. | I5: Keep demand statements qualitative; do not claim volume or ranking potential. | J5: Only public SERP comparables are available. | K5: Additional first-party or paid keyword evidence is attached, or limitation remains documented.
A6: ISSUE-0005 | B6: jeminise.com+norse-mythology-raven-within-celtic-knot-frame-quilt-906ee24d68-906ee24d68 | C6: img_4a32db49ec01b0ad | D6: MINOR | E6: alt text | F6: Blue Norse Raven Celtic Knot Quilt displayed in a main product mockup | G6: Fresh image file: D:\Shopify_Workspace\jeminise_seo\seo_runs\jeminise.com\20260906_234129\qa\20260907_212312\images\161_01.jpg; source URL: https://cdn.shopify.com/s/files/1/0792/5098/1063/files/f5df6ea5afdf042e566b7af241d22bd6929357120dcb00f0bc65a8916d20bdd1.jpg?v=1785104402 | H6: Alt text is too generic or describes placement more than visible content. | I6: Rewrite observation/alt from the directly opened image, naming the visible motif and use context. | J6: Fresh image file: D:\Shopify_Workspace\jeminise_seo\seo_runs\jeminise.com\20260906_234129\qa\20260907_212312\images\161_01.jpg; source URL: https://cdn.shopify.com/s/files/1/0792/5098/1063/files/f5df6ea5afdf042e566b7af241d22bd6929357120dcb00f0bc65a8916d20bdd1.jpg?v=1785104402 | K6: The image row accurately describes the actual media at this gallery position.
A7: ISSUE-0006 | B7: jeminise.com+norse-mythology-raven-within-celtic-knot-frame-quilt-906ee24d68-906ee24d68 | C7: img_6bf8da2d85e8de01 | D7: MINOR | E7: image observation | F7: Bedding type, feature, lifestyle or material image for blue Norse raven Celtic knot quilt. | G7: Fresh image file: D:\Shopify_Workspace\jeminise_seo\seo_runs\jeminise.com\20260906_234129\qa\20260907_212312\images\161_03.jpg; source URL: https://cdn.shopify.com/s/files/1/0792/5098/1063/files/27dd51b6fe9a32b87ac804b19987fb134fc4570b327d844efdae0740d4303aab.jpg?v=1785104402 | H7: Observation is generic or position-based; rewrite from the actual image content. | I7: Rewrite observation/alt from the directly opened image, naming the visible motif and use context. | J7: Fresh image file: D:\Shopify_Workspace\jeminise_seo\seo_runs\jeminise.com\20260906_234129\qa\20260907_212312\images\161_03.jpg; source URL: https://cdn.shopify.com/s/files/1/0792/5098/1063/files/27dd51b6fe9a32b87ac804b19987fb134fc4570b327d844efdae0740d4303aab.jpg?v=1785104402 | K7: The image row accurately describes the actual media at this gallery position.
A8: ISSUE-0007 | B8: jeminise.com+norse-mythology-raven-within-celtic-knot-frame-quilt-906ee24d68-906ee24d68 | C8: img_0b8db06ccd8ee1f6 | D8: MINOR | E8: image observation | F8: Detail, feature panel or lifestyle image connected to blue Norse raven Celtic knot quilt. | G8: Fresh image file: D:\Shopify_Workspace\jeminise_seo\seo_runs\jeminise.com\20260906_234129\qa\20260907_212312\images\161_04.jpg; source URL: https://cdn.shopify.com/s/files/1/0792/5098/1063/files/c63b8bede4de84261bd2bc195d98188fb288eba460ea7d07b0ef625dba18ed45.jpg?v=1785104402 | H8: Observation is generic or position-based; rewrite from the actual image content. | I8: Rewrite observation/alt from the directly opened image, naming the visible motif and use context. | J8: Fresh image file: D:\Shopify_Workspace\jeminise_seo\seo_runs\jeminise.com\20260906_234129\qa\20260907_212312\images\161_04.jpg; source URL: https://cdn.shopify.com/s/files/1/0792/5098/1063/files/c63b8bede4de84261bd2bc195d98188fb288eba460ea7d07b0ef625dba18ed45.jpg?v=1785104402 | K8: The image row accurately describes the actual media at this gallery position.
A9: ISSUE-0008 | B9: jeminise.com+norse-mythology-raven-within-celtic-knot-frame-quilt-906ee24d68-906ee24d68 | C9: img_4a8ac5f2d547d70c | D9: MINOR | E9: image observation | F9: Easy-care, size guide or product feature image for blue Norse raven Celtic knot quilt. | G9: Fresh image file: D:\Shopify_Workspace\jeminise_seo\seo_runs\jeminise.com\20260906_234129\qa\20260907_212312\images\161_06.jpg; source URL: https://cdn.shopify.com/s/files/1/0792/5098/1063/files/5cc9f4f96bdb0280d8a3c4b98775690e61d79ad5625e9f20a101536548fe3b0e.jpg?v=1785104402 | H9: Observation is generic or position-based; rewrite from the actual image content. | I9: Rewrite observation/alt from the directly opened image, naming the visible motif and use context. | J9: Fresh image file: D:\Shopify_Workspace\jeminise_seo\seo_runs\jeminise.com\20260906_234129\qa\20260907_212312\images\161_06.jpg; source URL: https://cdn.shopify.com/s/files/1/0792/5098/1063/files/5cc9f4f96bdb0280d8a3c4b98775690e61d79ad5625e9f20a101536548fe3b0e.jpg?v=1785104402 | K9: The image row accurately describes the actual media at this gallery position.
A10: ISSUE-0009 | B10: jeminise.com+norse-mythology-raven-within-celtic-knot-frame-quilt-906ee24d68-906ee24d68 | C10: img_4a8ac5f2d547d70c | D10: MINOR | E10: alt text | F10: Set contents and size chart image for Blue Norse Raven Celtic Knot Quilt | G10: Fresh image file: D:\Shopify_Workspace\jeminise_seo\seo_runs\jeminise.com\20260906_234129\qa\20260907_212312\images\161_06.jpg; source URL: https://cdn.shopify.com/s/files/1/0792/5098/1063/files/5cc9f4f96bdb0280d8a3c4b98775690e61d79ad5625e9f20a101536548fe3b0e.jpg?v=1785104402 | H10: Alt text is too generic or describes placement more than visible content. | I10: Rewrite observation/alt from the directly opened image, naming the visible motif and use context. | J10: Fresh image file: D:\Shopify_Workspace\jeminise_seo\seo_runs\jeminise.com\20260906_234129\qa\20260907_212312\images\161_06.jpg; source URL: https://cdn.shopify.com/s/files/1/0792/5098/1063/files/5cc9f4f96bdb0280d8a3c4b98775690e61d79ad5625e9f20a101536548fe3b0e.jpg?v=1785104402 | K10: The image row accurately describes the actual media at this gallery position.
A11: ISSUE-0010 | B11: jeminise.com+norse-mythology-raven-within-celtic-knot-frame-quilt-906ee24d68-906ee24d68 | C11: img_6ca30d95daecc374 | D11: MINOR | E11: image observation | F11: Additional lifestyle, feature or product detail image showing blue Norse raven Celtic knot quilt. | G11: Fresh image file: D:\Shopify_Workspace\jeminise_seo\seo_runs\jeminise.com\20260906_234129\qa\20260907_212312\images\161_07.jpg; source URL: https://cdn.shopify.com/s/files/1/0792/5098/1063/files/31facc27e0d676d03e5239357f2912111f3e0640688af1ac241589e99b6705fb.jpg?v=1785104402 | H11: Observation is generic or position-based; rewrite from the actual image content. | I11: Rewrite observation/alt from the directly opened image, naming the visible motif and use context. | J11: Fresh image file: D:\Shopify_Workspace\jeminise_seo\seo_runs\jeminise.com\20260906_234129\qa\20260907_212312\images\161_07.jpg; source URL: https://cdn.shopify.com/s/files/1/0792/5098/1063/files/31facc27e0d676d03e5239357f2912111f3e0640688af1ac241589e99b6705fb.jpg?v=1785104402 | K11: The image row accurately describes the actual media at this gallery position.
A12: ISSUE-0011 | B12: jeminise.com+norse-mythology-viking-shield-with-crossed-axes-quilt-ca630a284e-ca630a284e | D12: MAJOR | E12: description_proposed_html | F12: <p>This Jeminise quilt set features black Norse Valhalla design with a Viking shield, crossed axes and dark runic-style background, making it suited for Viking-themed bedroom decor, mythology gifts or personalized Norse bedding.</p><h3>Design Details</h3><ul><li>Visible artwork: black Norse Valhalla design with a Viking shield, crossed axes and dark runic-style background.</li><li>Source product details include: Brand: Jeminise; Product Type: Qu… | G12: Draft contains SEO Use / QA approval wording. | H12: Internal workflow language is not publish-ready storefront copy. | I12: Remove internal QA/import block and replace with customer-facing verified copy. | J12: Draft contains SEO Use / QA approval wording. | K12: Description HTML no longer contains SEO Use, QA, approval, import or draft language.
A13: ISSUE-0012 | B13: jeminise.com+norse-mythology-viking-shield-with-crossed-axes-quilt-ca630a284e-ca630a284e | D13: MAJOR | E13: h1_proposed | G13: The submitted workbook row has no proposed H1. | H13: A publishable SEO title/H1 pair is incomplete when the H1 field is blank. | I13: Write one English H1 that matches the verified product type and visible design; do not copy unsupported claims. | J13: The submitted workbook row has no proposed H1. | K13: Workbook contains a non-empty H1 and it is consistent with title, primary keyword and live product evidence.
A14: ISSUE-0013 | B14: jeminise.com+norse-mythology-viking-shield-with-crossed-axes-quilt-ca630a284e-ca630a284e | D14: MINOR | E14: meta_description_seo | F14: Shop a quilt set featuring black Norse Valhalla design with a Viking shield, crossed axes and dark runic-style background. Review available sizes and set options before checkout. | G14: Meta description length is 178 characters. | H14: Likely to truncate in search results and repeats review/personality wording in several rows. | I14: Rewrite to roughly 145-155 characters while preserving verified design and product type. | J14: Meta description length is 178 characters. | K14: Length check <=160 characters and no unsupported claim remains.
A15: ISSUE-0014 | B15: jeminise.com+norse-mythology-viking-shield-with-crossed-axes-quilt-ca630a284e-ca630a284e | D15: MAJOR | E15: keyword_map | F15: Viking shield quilt | G15: https://www.amazon.ca/YCYR-Bedding-Pillowcase-Bedchamber-Comforter/dp/B09LQD91XZ; https://retail.blackpoolpleasurebeach.com/product/valhalla-duvet-set/; https://www.etsy.com/listing/4431801249/viking-axes-and-shield-woven-blanket; https://www.amazon.ca/YCYR-Bedding-Pillowcase-Bedchamber-Comforter/dp/B09LQD91XZ; https://retail.blackpoolpleasurebeach.com/product/valhalla-duvet-set/; https://www.etsy.com/listing/4431801249/viking-axes-and-shield-wo… | H15: Batch cluster contains several very similar products, so keyword/intent differentiation must be sharper. | I15: Add unique visible motif modifiers and avoid assigning the same generic product keyword to multiple URLs. | J15: https://www.amazon.ca/YCYR-Bedding-Pillowcase-Bedchamber-Comforter/dp/B09LQD91XZ; https://retail.blackpoolpleasurebeach.com/product/valhalla-duvet-set/; https://www.etsy.com/listing/4431801249/viking-axes-and-shield-woven-blanket; https://www.amazon.ca/YCYR-Bedding-Pillowcase-Bedchamber-Comforter/dp/B09LQD91XZ; https://retail.blackpoolpleasurebeach.com/product/valhalla-duvet-set/; https://www.etsy.com/listing/4431801249/viking-axes-and-shield-wo… | K15: SERP notes and title/meta show a distinct product-level query for this exact design.
A16: ISSUE-0015 | B16: jeminise.com+norse-mythology-viking-shield-with-crossed-axes-quilt-ca630a284e-ca630a284e | D16: LIMITATION | E16: keyword_evidence_level | F16: SERP_ONLY | G16: Only public SERP comparables are available. | H16: No Search Console, paid keyword volume or internal site search export was supplied. | I16: Keep demand statements qualitative; do not claim volume or ranking potential. | J16: Only public SERP comparables are available. | K16: Additional first-party or paid keyword evidence is attached, or limitation remains documented.
A17: ISSUE-0016 | B17: jeminise.com+norse-mythology-viking-shield-with-crossed-axes-quilt-ca630a284e-ca630a284e | C17: img_42492548a1a20fbe | D17: MINOR | E17: alt text | F17: Valhalla Viking Shield Crossed Axes Quilt displayed in a main product mockup | G17: Fresh image file: D:\Shopify_Workspace\jeminise_seo\seo_runs\jeminise.com\20260906_234129\qa\20260907_212312\images\162_01.jpg; source URL: https://cdn.shopify.com/s/files/1/0792/5098/1063/files/a0bb7b2e86bb5a07b6f85d9046b813c1954eadf01e22807354afd66a9ebfdea6.jpg?v=1785104553 | H17: Alt text is too generic or describes placement more than visible content. | I17: Rewrite observation/alt from the directly opened image, naming the visible motif and use context. | J17: Fresh image file: D:\Shopify_Workspace\jeminise_seo\seo_runs\jeminise.com\20260906_234129\qa\20260907_212312\images\162_01.jpg; source URL: https://cdn.shopify.com/s/files/1/0792/5098/1063/files/a0bb7b2e86bb5a07b6f85d9046b813c1954eadf01e22807354afd66a9ebfdea6.jpg?v=1785104553 | K17: The image row accurately describes the actual media at this gallery position.
A18: ISSUE-0017 | B18: jeminise.com+norse-mythology-viking-shield-with-crossed-axes-quilt-ca630a284e-ca630a284e | C18: img_c06b4b0b74770f0a | D18: MINOR | E18: image observation | F18: Bedding type, feature, lifestyle or material image for Valhalla Viking shield crossed axes quilt. | G18: Fresh image file: D:\Shopify_Workspace\jeminise_seo\seo_runs\jeminise.com\20260906_234129\qa\20260907_212312\images\162_03.jpg; source URL: https://cdn.shopify.com/s/files/1/0792/5098/1063/files/7127a02e884cad7c5184ce1b2946ac662960d39acad6edb3b8a21f844cc7fb83.jpg?v=1785104553 | H18: Observation is generic or position-based; rewrite from the actual image content. | I18: Rewrite observation/alt from the directly opened image, naming the visible motif and use context. | J18: Fresh image file: D:\Shopify_Workspace\jeminise_seo\seo_runs\jeminise.com\20260906_234129\qa\20260907_212312\images\162_03.jpg; source URL: https://cdn.shopify.com/s/files/1/0792/5098/1063/files/7127a02e884cad7c5184ce1b2946ac662960d39acad6edb3b8a21f844cc7fb83.jpg?v=1785104553 | K18: The image row accurately describes the actual media at this gallery position.
A19: ISSUE-0018 | B19: jeminise.com+norse-mythology-viking-shield-with-crossed-axes-quilt-ca630a284e-ca630a284e | C19: img_54624a6c9dde416f | D19: MINOR | E19: image observation | F19: Detail, feature panel or lifestyle image connected to Valhalla Viking shield crossed axes quilt. | G19: Fresh image file: D:\Shopify_Workspace\jeminise_seo\seo_runs\jeminise.com\20260906_234129\qa\20260907_212312\images\162_04.jpg; source URL: https://cdn.shopify.com/s/files/1/0792/5098/1063/files/e1bca6ad0b85bcfa2b85d2a0322d79680fde7448a15adec1757a81eb07c4bf6f.jpg?v=1785104553 | H19: Observation is generic or position-based; rewrite from the actual image content. | I19: Rewrite observation/alt from the directly opened image, naming the visible motif and use context. | J19: Fresh image file: D:\Shopify_Workspace\jeminise_seo\seo_runs\jeminise.com\20260906_234129\qa\20260907_212312\images\162_04.jpg; source URL: https://cdn.shopify.com/s/files/1/0792/5098/1063/files/e1bca6ad0b85bcfa2b85d2a0322d79680fde7448a15adec1757a81eb07c4bf6f.jpg?v=1785104553 | K19: The image row accurately describes the actual media at this gallery position.
A20: ISSUE-0019 | B20: jeminise.com+norse-mythology-viking-shield-with-crossed-axes-quilt-ca630a284e-ca630a284e | C20: img_038029ec09923701 | D20: MINOR | E20: image observation | F20: Easy-care, size guide or product feature image for Valhalla Viking shield crossed axes quilt. | G20: Fresh image file: D:\Shopify_Workspace\jeminise_seo\seo_runs\jeminise.com\20260906_234129\qa\20260907_212312\images\162_06.jpg; source URL: https://cdn.shopify.com/s/files/1/0792/5098/1063/files/ca05f793ad1004a8bcf1b14bc5f968c4664bf701819e6903e275f14d034862a6.jpg?v=1785104553 | H20: Observation is generic or position-based; rewrite from the actual image content. | I20: Rewrite observation/alt from the directly opened image, naming the visible motif and use context. | J20: Fresh image file: D:\Shopify_Workspace\jeminise_seo\seo_runs\jeminise.com\20260906_234129\qa\20260907_212312\images\162_06.jpg; source URL: https://cdn.shopify.com/s/files/1/0792/5098/1063/files/ca05f793ad1004a8bcf1b14bc5f968c4664bf701819e6903e275f14d034862a6.jpg?v=1785104553 | K20: The image row accurately describes the actual media at this gallery position.
A21: ISSUE-0020 | B21: jeminise.com+norse-mythology-viking-shield-with-crossed-axes-quilt-ca630a284e-ca630a284e | C21: img_038029ec09923701 | D21: MINOR | E21: alt text | F21: Set contents and size chart image for Valhalla Viking Shield Crossed Axes Quilt | G21: Fresh image file: D:\Shopify_Workspace\jeminise_seo\seo_runs\jeminise.com\20260906_234129\qa\20260907_212312\images\162_06.jpg; source URL: https://cdn.shopify.com/s/files/1/0792/5098/1063/files/ca05f793ad1004a8bcf1b14bc5f968c4664bf701819e6903e275f14d034862a6.jpg?v=1785104553 | H21: Alt text is too generic or describes placement more than visible content. | I21: Rewrite observation/alt from the directly opened image, naming the visible motif and use context. | J21: Fresh image file: D:\Shopify_Workspace\jeminise_seo\seo_runs\jeminise.com\20260906_234129\qa\20260907_212312\images\162_06.jpg; source URL: https://cdn.shopify.com/s/files/1/0792/5098/1063/files/ca05f793ad1004a8bcf1b14bc5f968c4664bf701819e6903e275f14d034862a6.jpg?v=1785104553 | K21: The image row accurately describes the actual media at this gallery position.
A22: ISSUE-0021 | B22: jeminise.com+norse-mythology-viking-shield-with-crossed-axes-quilt-ca630a284e-ca630a284e | C22: img_02da08e65517a2bf | D22: MINOR | E22: image observation | F22: Additional lifestyle, feature or product detail image showing Valhalla Viking shield crossed axes quilt. | G22: Fresh image file: D:\Shopify_Workspace\jeminise_seo\seo_runs\jeminise.com\20260906_234129\qa\20260907_212312\images\162_07.jpg; source URL: https://cdn.shopify.com/s/files/1/0792/5098/1063/files/b002678b1b933df28fb349bc6ff5667b37b28acab3f3e263980071a114b93302.jpg?v=1785104552 | H22: Observation is generic or position-based; rewrite from the actual image content. | I22: Rewrite observation/alt from the directly opened image, naming the visible motif and use context. | J22: Fresh image file: D:\Shopify_Workspace\jeminise_seo\seo_runs\jeminise.com\20260906_234129\qa\20260907_212312\images\162_07.jpg; source URL: https://cdn.shopify.com/s/files/1/0792/5098/1063/files/b002678b1b933df28fb349bc6ff5667b37b28acab3f3e263980071a114b93302.jpg?v=1785104552 | K22: The image row accurately describes the actual media at this gallery position.
A23: ISSUE-0022 | B23: jeminise.com+owl-patchwork-pattern-quilt-set-animals-quilt-set-style-owl-nights | D23: MAJOR | E23: description_proposed_html | F23: <p>This Jeminise quilt set features owl perched on a branch inside a moonlit blue circle with gold patchwork triangle border, making it suited for animal-themed rooms, rustic bedrooms or owl gift shoppers.</p><h3>Design Details</h3><ul><li>Visible artwork: owl perched on a branch inside a moonlit blue circle with gold patchwork triangle border.</li><li>Source product details include: Brand: Jeminise; Product Type: Quilt Sets; Material: Polycotto… | G23: Draft contains SEO Use / QA approval wording. | H23: Internal workflow language is not publish-ready storefront copy. | I23: Remove internal QA/import block and replace with customer-facing verified copy. | J23: Draft contains SEO Use / QA approval wording. | K23: Description HTML no longer contains SEO Use, QA, approval, import or draft language.
A24: ISSUE-0023 | B24: jeminise.com+owl-patchwork-pattern-quilt-set-animals-quilt-set-style-owl-nights | D24: MAJOR | E24: h1_proposed | G24: The submitted workbook row has no proposed H1. | H24: A publishable SEO title/H1 pair is incomplete when the H1 field is blank. | I24: Write one English H1 that matches the verified product type and visible design; do not copy unsupported claims. | J24: The submitted workbook row has no proposed H1. | K24: Workbook contains a non-empty H1 and it is consistent with title, primary keyword and live product evidence.
A25: ISSUE-0024 | B25: jeminise.com+owl-patchwork-pattern-quilt-set-animals-quilt-set-style-owl-nights | D25: MINOR | E25: meta_description_seo | F25: Shop a quilt set featuring owl perched on a branch inside a moonlit blue circle with gold patchwork triangle border. Review available sizes and set options before checkout. | G25: Meta description length is 172 characters. | H25: Likely to truncate in search results and repeats review/personality wording in several rows. | I25: Rewrite to roughly 145-155 characters while preserving verified design and product type. | J25: Meta description length is 172 characters. | K25: Length check <=160 characters and no unsupported claim remains.
A26: ISSUE-0025 | B26: jeminise.com+owl-patchwork-pattern-quilt-set-animals-quilt-set-style-owl-nights | D26: LIMITATION | E26: keyword_evidence_level | F26: SERP_ONLY | G26: Only public SERP comparables are available. | H26: No Search Console, paid keyword volume or internal site search export was supplied. | I26: Keep demand statements qualitative; do not claim volume or ranking potential. | J26: Only public SERP comparables are available. | K26: Additional first-party or paid keyword evidence is attached, or limitation remains documented.
A27: ISSUE-0026 | B27: jeminise.com+owl-patchwork-pattern-quilt-set-animals-quilt-set-style-owl-nights | C27: img_c8bf6eea06d88efc | D27: MINOR | E27: alt text | F27: Blue Gold Owl Night Patchwork Quilt displayed in a main product mockup | G27: Fresh image file: D:\Shopify_Workspace\jeminise_seo\seo_runs\jeminise.com\20260906_234129\qa\20260907_212312\images\163_01.jpg; source URL: https://cdn.shopify.com/s/files/1/0792/5098/1063/files/b12b5b630d5361e095b70248a7029d44aa83474cedccaae8a99938e5a82aa9e5.jpg?v=1787233687 | H27: Alt text is too generic or describes placement more than visible content. | I27: Rewrite observation/alt from the directly opened image, naming the visible motif and use context. | J27: Fresh image file: D:\Shopify_Workspace\jeminise_seo\seo_runs\jeminise.com\20260906_234129\qa\20260907_212312\images\163_01.jpg; source URL: https://cdn.shopify.com/s/files/1/0792/5098/1063/files/b12b5b630d5361e095b70248a7029d44aa83474cedccaae8a99938e5a82aa9e5.jpg?v=1787233687 | K27: The image row accurately describes the actual media at this gallery position.
A28: ISSUE-0027 | B28: jeminise.com+owl-patchwork-pattern-quilt-set-animals-quilt-set-style-owl-nights | C28: img_5f334955b7afbf46 | D28: MINOR | E28: image observation | F28: Bedding type, feature, lifestyle or material image for blue gold owl night patchwork quilt. | G28: Fresh image file: D:\Shopify_Workspace\jeminise_seo\seo_runs\jeminise.com\20260906_234129\qa\20260907_212312\images\163_03.jpg; source URL: https://cdn.shopify.com/s/files/1/0792/5098/1063/files/fd5e9ddd0678c2d4c24c4bd3dfda693b589b9dd151f9f214cdc48d107b8e6592.jpg?v=1787233688 | H28: Observation is generic or position-based; rewrite from the actual image content. | I28: Rewrite observation/alt from the directly opened image, naming the visible motif and use context. | J28: Fresh image file: D:\Shopify_Workspace\jeminise_seo\seo_runs\jeminise.com\20260906_234129\qa\20260907_212312\images\163_03.jpg; source URL: https://cdn.shopify.com/s/files/1/0792/5098/1063/files/fd5e9ddd0678c2d4c24c4bd3dfda693b589b9dd151f9f214cdc48d107b8e6592.jpg?v=1787233688 | K28: The image row accurately describes the actual media at this gallery position.
A29: ISSUE-0028 | B29: jeminise.com+owl-patchwork-pattern-quilt-set-animals-quilt-set-style-owl-nights | C29: img_d0eb5575d6e4be02 | D29: MINOR | E29: image observation | F29: Detail, feature panel or lifestyle image connected to blue gold owl night patchwork quilt. | G29: Fresh image file: D:\Shopify_Workspace\jeminise_seo\seo_runs\jeminise.com\20260906_234129\qa\20260907_212312\images\163_04.jpg; source URL: https://cdn.shopify.com/s/files/1/0792/5098/1063/files/ce286ca93c0b88510ca875a37e7b75b32cb61e52da352d95c54cd2628b51fbf3.jpg?v=1787233687 | H29: Observation is generic or position-based; rewrite from the actual image content. | I29: Rewrite observation/alt from the directly opened image, naming the visible motif and use context. | J29: Fresh image file: D:\Shopify_Workspace\jeminise_seo\seo_runs\jeminise.com\20260906_234129\qa\20260907_212312\images\163_04.jpg; source URL: https://cdn.shopify.com/s/files/1/0792/5098/1063/files/ce286ca93c0b88510ca875a37e7b75b32cb61e52da352d95c54cd2628b51fbf3.jpg?v=1787233687 | K29: The image row accurately describes the actual media at this gallery position.
A30: ISSUE-0029 | B30: jeminise.com+owl-patchwork-pattern-quilt-set-animals-quilt-set-style-owl-nights | C30: img_62ecd3b014c00446 | D30: MINOR | E30: image observation | F30: Easy-care, size guide or product feature image for blue gold owl night patchwork quilt. | G30: Fresh image file: D:\Shopify_Workspace\jeminise_seo\seo_runs\jeminise.com\20260906_234129\qa\20260907_212312\images\163_06.jpg; source URL: https://cdn.shopify.com/s/files/1/0792/5098/1063/files/f095089ab7e2322f9d282beb998fa6a7ca93bd23ffea553618ab9ab073cac9e5.jpg?v=1787233687 | H30: Observation is generic or position-based; rewrite from the actual image content. | I30: Rewrite observation/alt from the directly opened image, naming the visible motif and use context. | J30: Fresh image file: D:\Shopify_Workspace\jeminise_seo\seo_runs\jeminise.com\20260906_234129\qa\20260907_212312\images\163_06.jpg; source URL: https://cdn.shopify.com/s/files/1/0792/5098/1063/files/f095089ab7e2322f9d282beb998fa6a7ca93bd23ffea553618ab9ab073cac9e5.jpg?v=1787233687 | K30: The image row accurately describes the actual media at this gallery position.
A31: ISSUE-0030 | B31: jeminise.com+owl-patchwork-pattern-quilt-set-animals-quilt-set-style-owl-nights | C31: img_62ecd3b014c00446 | D31: MINOR | E31: alt text | F31: Set contents and size chart image for Blue Gold Owl Night Patchwork Quilt | G31: Fresh image file: D:\Shopify_Workspace\jeminise_seo\seo_runs\jeminise.com\20260906_234129\qa\20260907_212312\images\163_06.jpg; source URL: https://cdn.shopify.com/s/files/1/0792/5098/1063/files/f095089ab7e2322f9d282beb998fa6a7ca93bd23ffea553618ab9ab073cac9e5.jpg?v=1787233687 | H31: Alt text is too generic or describes placement more than visible content. | I31: Rewrite observation/alt from the directly opened image, naming the visible motif and use context. | J31: Fresh image file: D:\Shopify_Workspace\jeminise_seo\seo_runs\jeminise.com\20260906_234129\qa\20260907_212312\images\163_06.jpg; source URL: https://cdn.shopify.com/s/files/1/0792/5098/1063/files/f095089ab7e2322f9d282beb998fa6a7ca93bd23ffea553618ab9ab073cac9e5.jpg?v=1787233687 | K31: The image row accurately describes the actual media at this gallery position.
A32: ISSUE-0031 | B32: jeminise.com+owl-patchwork-pattern-quilt-set-animals-quilt-set-style-owl-nights | C32: img_3c9a72607271f5bb | D32: MINOR | E32: image observation | F32: Additional lifestyle, feature or product detail image showing blue gold owl night patchwork quilt. | G32: Fresh image file: D:\Shopify_Workspace\jeminise_seo\seo_runs\jeminise.com\20260906_234129\qa\20260907_212312\images\163_07.jpg; source URL: https://cdn.shopify.com/s/files/1/0792/5098/1063/files/4274176e594f473f9f9517f8df32a36888e067f66081c7c7ac33d02f839dab17.jpg?v=1787233688 | H32: Observation is generic or position-based; rewrite from the actual image content. | I32: Rewrite observation/alt from the directly opened image, naming the visible motif and use context. | J32: Fresh image file: D:\Shopify_Workspace\jeminise_seo\seo_runs\jeminise.com\20260906_234129\qa\20260907_212312\images\163_07.jpg; source URL: https://cdn.shopify.com/s/files/1/0792/5098/1063/files/4274176e594f473f9f9517f8df32a36888e067f66081c7c7ac33d02f839dab17.jpg?v=1787233688 | K32: The image row accurately describes the actual media at this gallery position.
A33: ISSUE-0032 | B33: jeminise.com+pamnest-twin-halloween-comforter-set-with-sheets-5-pieces-design-01 | D33: MAJOR | E33: description_proposed_html | F33: <p>This Jeminise comforter set features white and black Halloween bedding with witch silhouette, bats, ghost shapes, pumpkins and Halloween text, making it suited for seasonal Halloween rooms, guest beds, kids rooms or themed fall decor.</p><h3>Design Details</h3><ul><li>Visible artwork: white and black Halloween bedding with witch silhouette, bats, ghost shapes, pumpkins and Halloween text.</li><li>Source product details include: Brand: Jeminis… | G33: Draft contains SEO Use / QA approval wording. | H33: Internal workflow language is not publish-ready storefront copy. | I33: Remove internal QA/import block and replace with customer-facing verified copy. | J33: Draft contains SEO Use / QA approval wording. | K33: Description HTML no longer contains SEO Use, QA, approval, import or draft language.
A34: ISSUE-0033 | B34: jeminise.com+pamnest-twin-halloween-comforter-set-with-sheets-5-pieces-design-01 | D34: MAJOR | E34: h1_proposed | G34: The submitted workbook row has no proposed H1. | H34: A publishable SEO title/H1 pair is incomplete when the H1 field is blank. | I34: Write one English H1 that matches the verified product type and visible design; do not copy unsupported claims. | J34: The submitted workbook row has no proposed H1. | K34: Workbook contains a non-empty H1 and it is consistent with title, primary keyword and live product evidence.
A35: ISSUE-0034 | B35: jeminise.com+pamnest-twin-halloween-comforter-set-with-sheets-5-pieces-design-01 | D35: MINOR | E35: meta_description_seo | F35: Shop a comforter set featuring white and black Halloween bedding with witch silhouette, bats, ghost shapes, pumpkins and Halloween text. Review available sizes and set options before checkout. | G35: Meta description length is 192 characters. | H35: Likely to truncate in search results and repeats review/personality wording in several rows. | I35: Rewrite to roughly 145-155 characters while preserving verified design and product type. | J35: Meta description length is 192 characters. | K35: Length check <=160 characters and no unsupported claim remains.
A36: ISSUE-0035 | B36: jeminise.com+pamnest-twin-halloween-comforter-set-with-sheets-5-pieces-design-01 | D36: LIMITATION | E36: keyword_evidence_level | F36: SERP_ONLY | G36: Only public SERP comparables are available. | H36: No Search Console, paid keyword volume or internal site search export was supplied. | I36: Keep demand statements qualitative; do not claim volume or ranking potential. | J36: Only public SERP comparables are available. | K36: Additional first-party or paid keyword evidence is attached, or limitation remains documented.
A37: ISSUE-0036 | B37: jeminise.com+pamnest-twin-halloween-comforter-set-with-sheets-5-pieces-design-01 | C37: img_a2e12ffadb482f41 | D37: MINOR | E37: alt text | F37: White Black Halloween Witch Comforter Set displayed in a main product mockup | G37: Fresh image file: D:\Shopify_Workspace\jeminise_seo\seo_runs\jeminise.com\20260906_234129\qa\20260907_212312\images\164_01.jpg; source URL: https://cdn.shopify.com/s/files/1/0792/5098/1063/files/78a96e41092763591645a0417450b0227ec7a4e31e21df8a327fb2d2f9428605.jpg?v=1787936155 | H37: Alt text is too generic or describes placement more than visible content. | I37: Rewrite observation/alt from the directly opened image, naming the visible motif and use context. | J37: Fresh image file: D:\Shopify_Workspace\jeminise_seo\seo_runs\jeminise.com\20260906_234129\qa\20260907_212312\images\164_01.jpg; source URL: https://cdn.shopify.com/s/files/1/0792/5098/1063/files/78a96e41092763591645a0417450b0227ec7a4e31e21df8a327fb2d2f9428605.jpg?v=1787936155 | K37: The image row accurately describes the actual media at this gallery position.
A38: ISSUE-0037 | B38: jeminise.com+pamnest-twin-halloween-comforter-set-with-sheets-5-pieces-design-01 | C38: img_366286e5e9757883 | D38: MINOR | E38: image observation | F38: Bedding type, feature, lifestyle or material image for white black Halloween witch comforter set. | G38: Fresh image file: D:\Shopify_Workspace\jeminise_seo\seo_runs\jeminise.com\20260906_234129\qa\20260907_212312\images\164_03.jpg; source URL: https://cdn.shopify.com/s/files/1/0792/5098/1063/files/3a0f47e9dcbafab9191ddf7aa843e8572e2cec872b35c6521dc7218921e61123.jpg?v=1787936155 | H38: Observation is generic or position-based; rewrite from the actual image content. | I38: Rewrite observation/alt from the directly opened image, naming the visible motif and use context. | J38: Fresh image file: D:\Shopify_Workspace\jeminise_seo\seo_runs\jeminise.com\20260906_234129\qa\20260907_212312\images\164_03.jpg; source URL: https://cdn.shopify.com/s/files/1/0792/5098/1063/files/3a0f47e9dcbafab9191ddf7aa843e8572e2cec872b35c6521dc7218921e61123.jpg?v=1787936155 | K38: The image row accurately describes the actual media at this gallery position.
A39: ISSUE-0038 | B39: jeminise.com+pamnest-twin-halloween-comforter-set-with-sheets-5-pieces-design-01 | C39: img_0a5c13d0294e275e | D39: MINOR | E39: image observation | F39: Detail, feature panel or lifestyle image connected to white black Halloween witch comforter set. | G39: Fresh image file: D:\Shopify_Workspace\jeminise_seo\seo_runs\jeminise.com\20260906_234129\qa\20260907_212312\images\164_04.jpg; source URL: https://cdn.shopify.com/s/files/1/0792/5098/1063/files/1719f23b3d46b7c6722a21c797b77ed0780f9bbd492bf1c7f1046cc658013293.jpg?v=1787936155 | H39: Observation is generic or position-based; rewrite from the actual image content. | I39: Rewrite observation/alt from the directly opened image, naming the visible motif and use context. | J39: Fresh image file: D:\Shopify_Workspace\jeminise_seo\seo_runs\jeminise.com\20260906_234129\qa\20260907_212312\images\164_04.jpg; source URL: https://cdn.shopify.com/s/files/1/0792/5098/1063/files/1719f23b3d46b7c6722a21c797b77ed0780f9bbd492bf1c7f1046cc658013293.jpg?v=1787936155 | K39: The image row accurately describes the actual media at this gallery position.
A40: ISSUE-0039 | B40: jeminise.com+pamnest-twin-halloween-comforter-set-with-sheets-5-pieces-design-01 | C40: img_2a79032892829598 | D40: MINOR | E40: image observation | F40: Easy-care, size guide or product feature image for white black Halloween witch comforter set. | G40: Fresh image file: D:\Shopify_Workspace\jeminise_seo\seo_runs\jeminise.com\20260906_234129\qa\20260907_212312\images\164_06.jpg; source URL: https://cdn.shopify.com/s/files/1/0792/5098/1063/files/29f57080b218682bc1f4e3c223af89a66eef5bc96e3704046ce51202cb67c670.jpg?v=1787936155 | H40: Observation is generic or position-based; rewrite from the actual image content. | I40: Rewrite observation/alt from the directly opened image, naming the visible motif and use context. | J40: Fresh image file: D:\Shopify_Workspace\jeminise_seo\seo_runs\jeminise.com\20260906_234129\qa\20260907_212312\images\164_06.jpg; source URL: https://cdn.shopify.com/s/files/1/0792/5098/1063/files/29f57080b218682bc1f4e3c223af89a66eef5bc96e3704046ce51202cb67c670.jpg?v=1787936155 | K40: The image row accurately describes the actual media at this gallery position.
A41: ISSUE-0040 | B41: jeminise.com+pamnest-twin-halloween-comforter-set-with-sheets-5-pieces-design-01 | C41: img_2a79032892829598 | D41: MINOR | E41: alt text | F41: Set contents and size chart image for White Black Halloween Witch Comforter Set | G41: Fresh image file: D:\Shopify_Workspace\jeminise_seo\seo_runs\jeminise.com\20260906_234129\qa\20260907_212312\images\164_06.jpg; source URL: https://cdn.shopify.com/s/files/1/0792/5098/1063/files/29f57080b218682bc1f4e3c223af89a66eef5bc96e3704046ce51202cb67c670.jpg?v=1787936155 | H41: Alt text is too generic or describes placement more than visible content. | I41: Rewrite observation/alt from the directly opened image, naming the visible motif and use context. | J41: Fresh image file: D:\Shopify_Workspace\jeminise_seo\seo_runs\jeminise.com\20260906_234129\qa\20260907_212312\images\164_06.jpg; source URL: https://cdn.shopify.com/s/files/1/0792/5098/1063/files/29f57080b218682bc1f4e3c223af89a66eef5bc96e3704046ce51202cb67c670.jpg?v=1787936155 | K41: The image row accurately describes the actual media at this gallery position.
A42: ISSUE-0041 | B42: jeminise.com+pamnest-twin-halloween-comforter-set-with-sheets-5-pieces-design-02 | D42: MAJOR | E42: description_proposed_html | F42: <p>This Jeminise comforter set features dark gray Halloween bedding with smiling ghosts, jack-o-lantern pumpkins, bats, stars and spiderwebs, making it suited for seasonal Halloween rooms, guest beds, kids rooms or themed fall decor.</p><h3>Design Details</h3><ul><li>Visible artwork: dark gray Halloween bedding with smiling ghosts, jack-o-lantern pumpkins, bats, stars and spiderwebs.</li><li>Source product details include: Brand: Jeminise; Produ… | G42: Draft contains SEO Use / QA approval wording. | H42: Internal workflow language is not publish-ready storefront copy. | I42: Remove internal QA/import block and replace with customer-facing verified copy. | J42: Draft contains SEO Use / QA approval wording. | K42: Description HTML no longer contains SEO Use, QA, approval, import or draft language.
A43: ISSUE-0042 | B43: jeminise.com+pamnest-twin-halloween-comforter-set-with-sheets-5-pieces-design-02 | D43: MAJOR | E43: h1_proposed | G43: The submitted workbook row has no proposed H1. | H43: A publishable SEO title/H1 pair is incomplete when the H1 field is blank. | I43: Write one English H1 that matches the verified product type and visible design; do not copy unsupported claims. | J43: The submitted workbook row has no proposed H1. | K43: Workbook contains a non-empty H1 and it is consistent with title, primary keyword and live product evidence.
A44: ISSUE-0043 | B44: jeminise.com+pamnest-twin-halloween-comforter-set-with-sheets-5-pieces-design-02 | D44: MINOR | E44: meta_description_seo | F44: Shop a comforter set featuring dark gray Halloween bedding with smiling ghosts, jack-o-lantern pumpkins, bats, stars and spiderwebs. Review available sizes and set options before checkout. | G44: Meta description length is 188 characters. | H44: Likely to truncate in search results and repeats review/personality wording in several rows. | I44: Rewrite to roughly 145-155 characters while preserving verified design and product type. | J44: Meta description length is 188 characters. | K44: Length check <=160 characters and no unsupported claim remains.
A45: ISSUE-0044 | B45: jeminise.com+pamnest-twin-halloween-comforter-set-with-sheets-5-pieces-design-02 | D45: LIMITATION | E45: keyword_evidence_level | F45: SERP_ONLY | G45: Only public SERP comparables are available. | H45: No Search Console, paid keyword volume or internal site search export was supplied. | I45: Keep demand statements qualitative; do not claim volume or ranking potential. | J45: Only public SERP comparables are available. | K45: Additional first-party or paid keyword evidence is attached, or limitation remains documented.
A46: ISSUE-0045 | B46: jeminise.com+pamnest-twin-halloween-comforter-set-with-sheets-5-pieces-design-02 | C46: img_223dbdfdbd23286e | D46: MINOR | E46: alt text | F46: Gray Halloween Ghost Pumpkin Comforter Set displayed in a main product mockup | G46: Fresh image file: D:\Shopify_Workspace\jeminise_seo\seo_runs\jeminise.com\20260906_234129\qa\20260907_212312\images\165_01.jpg; source URL: https://cdn.shopify.com/s/files/1/0792/5098/1063/files/33827958b0d3465c97d89ef8a7a7e67a7aa5b22c8c0c87d5a26f80b5c0d5fd2b.jpg?v=1787936172 | H46: Alt text is too generic or describes placement more than visible content. | I46: Rewrite observation/alt from the directly opened image, naming the visible motif and use context. | J46: Fresh image file: D:\Shopify_Workspace\jeminise_seo\seo_runs\jeminise.com\20260906_234129\qa\20260907_212312\images\165_01.jpg; source URL: https://cdn.shopify.com/s/files/1/0792/5098/1063/files/33827958b0d3465c97d89ef8a7a7e67a7aa5b22c8c0c87d5a26f80b5c0d5fd2b.jpg?v=1787936172 | K46: The image row accurately describes the actual media at this gallery position.
A47: ISSUE-0046 | B47: jeminise.com+pamnest-twin-halloween-comforter-set-with-sheets-5-pieces-design-02 | C47: img_abd32113247337ea | D47: MINOR | E47: image observation | F47: Bedding type, feature, lifestyle or material image for gray Halloween ghost pumpkin comforter set. | G47: Fresh image file: D:\Shopify_Workspace\jeminise_seo\seo_runs\jeminise.com\20260906_234129\qa\20260907_212312\images\165_03.jpg; source URL: https://cdn.shopify.com/s/files/1/0792/5098/1063/files/a18c5a71570f28636f9f2ca9d6b8130fc7d60bcb88cb88d9623b134efc54b9e5.jpg?v=1787936172 | H47: Observation is generic or position-based; rewrite from the actual image content. | I47: Rewrite observation/alt from the directly opened image, naming the visible motif and use context. | J47: Fresh image file: D:\Shopify_Workspace\jeminise_seo\seo_runs\jeminise.com\20260906_234129\qa\20260907_212312\images\165_03.jpg; source URL: https://cdn.shopify.com/s/files/1/0792/5098/1063/files/a18c5a71570f28636f9f2ca9d6b8130fc7d60bcb88cb88d9623b134efc54b9e5.jpg?v=1787936172 | K47: The image row accurately describes the actual media at this gallery position.
A48: ISSUE-0047 | B48: jeminise.com+pamnest-twin-halloween-comforter-set-with-sheets-5-pieces-design-02 | C48: img_157bd8ca18b1ecc8 | D48: MINOR | E48: image observation | F48: Detail, feature panel or lifestyle image connected to gray Halloween ghost pumpkin comforter set. | G48: Fresh image file: D:\Shopify_Workspace\jeminise_seo\seo_runs\jeminise.com\20260906_234129\qa\20260907_212312\images\165_04.jpg; source URL: https://cdn.shopify.com/s/files/1/0792/5098/1063/files/1a110cdeb4611bb06dc73025e19e092ef38bf550ce9870452a33b81728254f09.jpg?v=1787936172 | H48: Observation is generic or position-based; rewrite from the actual image content. | I48: Rewrite observation/alt from the directly opened image, naming the visible motif and use context. | J48: Fresh image file: D:\Shopify_Workspace\jeminise_seo\seo_runs\jeminise.com\20260906_234129\qa\20260907_212312\images\165_04.jpg; source URL: https://cdn.shopify.com/s/files/1/0792/5098/1063/files/1a110cdeb4611bb06dc73025e19e092ef38bf550ce9870452a33b81728254f09.jpg?v=1787936172 | K48: The image row accurately describes the actual media at this gallery position.
A49: ISSUE-0048 | B49: jeminise.com+pamnest-twin-halloween-comforter-set-with-sheets-5-pieces-design-03 | D49: MAJOR | E49: description_proposed_html | F49: <p>This Jeminise comforter set features black comforter set covered with white cartoon ghost shapes and matching ghost pillow shams, making it suited for seasonal Halloween rooms, guest beds, kids rooms or themed fall decor.</p><h3>Design Details</h3><ul><li>Visible artwork: black comforter set covered with white cartoon ghost shapes and matching ghost pillow shams.</li><li>Source product details include: Brand: Jeminise; Product Type: Comforter… | G49: Draft contains SEO Use / QA approval wording. | H49: Internal workflow language is not publish-ready storefront copy. | I49: Remove internal QA/import block and replace with customer-facing verified copy. | J49: Draft contains SEO Use / QA approval wording. | K49: Description HTML no longer contains SEO Use, QA, approval, import or draft language.
A50: ISSUE-0049 | B50: jeminise.com+pamnest-twin-halloween-comforter-set-with-sheets-5-pieces-design-03 | D50: MAJOR | E50: h1_proposed | G50: The submitted workbook row has no proposed H1. | H50: A publishable SEO title/H1 pair is incomplete when the H1 field is blank. | I50: Write one English H1 that matches the verified product type and visible design; do not copy unsupported claims. | J50: The submitted workbook row has no proposed H1. | K50: Workbook contains a non-empty H1 and it is consistent with title, primary keyword and live product evidence.
A51: ISSUE-0050 | B51: jeminise.com+pamnest-twin-halloween-comforter-set-with-sheets-5-pieces-design-03 | D51: MINOR | E51: meta_description_seo | F51: Shop a comforter set featuring black comforter set covered with white cartoon ghost shapes and matching ghost pillow shams. Review available sizes and set options before checkout. | G51: Meta description length is 179 characters. | H51: Likely to truncate in search results and repeats review/personality wording in several rows. | I51: Rewrite to roughly 145-155 characters while preserving verified design and product type. | J51: Meta description length is 179 characters. | K51: Length check <=160 characters and no unsupported claim remains.
A52: ISSUE-0051 | B52: jeminise.com+pamnest-twin-halloween-comforter-set-with-sheets-5-pieces-design-03 | D52: LIMITATION | E52: keyword_evidence_level | F52: SERP_ONLY | G52: Only public SERP comparables are available. | H52: No Search Console, paid keyword volume or internal site search export was supplied. | I52: Keep demand statements qualitative; do not claim volume or ranking potential. | J52: Only public SERP comparables are available. | K52: Additional first-party or paid keyword evidence is attached, or limitation remains documented.
A53: ISSUE-0052 | B53: jeminise.com+pamnest-twin-halloween-comforter-set-with-sheets-5-pieces-design-03 | C53: img_18e599949d42e7a6 | D53: MINOR | E53: alt text | F53: Black White Ghost Halloween Comforter Set displayed in a main product mockup | G53: Fresh image file: D:\Shopify_Workspace\jeminise_seo\seo_runs\jeminise.com\20260906_234129\qa\20260907_212312\images\166_01.jpg; source URL: https://cdn.shopify.com/s/files/1/0792/5098/1063/files/a04eaaab4fb68dc7448e32b7978cec1d481af7cf4430a3f72b91574bcb94ba65.jpg?v=1787936250 | H53: Alt text is too generic or describes placement more than visible content. | I53: Rewrite observation/alt from the directly opened image, naming the visible motif and use context. | J53: Fresh image file: D:\Shopify_Workspace\jeminise_seo\seo_runs\jeminise.com\20260906_234129\qa\20260907_212312\images\166_01.jpg; source URL: https://cdn.shopify.com/s/files/1/0792/5098/1063/files/a04eaaab4fb68dc7448e32b7978cec1d481af7cf4430a3f72b91574bcb94ba65.jpg?v=1787936250 | K53: The image row accurately describes the actual media at this gallery position.
A54: ISSUE-0053 | B54: jeminise.com+pamnest-twin-halloween-comforter-set-with-sheets-5-pieces-design-03 | C54: img_98adb4ea2bab06c3 | D54: MINOR | E54: image observation | F54: Bedding type, feature, lifestyle or material image for black white ghost Halloween comforter set. | G54: Fresh image file: D:\Shopify_Workspace\jeminise_seo\seo_runs\jeminise.com\20260906_234129\qa\20260907_212312\images\166_03.jpg; source URL: https://cdn.shopify.com/s/files/1/0792/5098/1063/files/e96376384911eb815950bd49399e4d932894d33483e6a2657a308a3f851871b2.jpg?v=1787936250 | H54: Observation is generic or position-based; rewrite from the actual image content. | I54: Rewrite observation/alt from the directly opened image, naming the visible motif and use context. | J54: Fresh image file: D:\Shopify_Workspace\jeminise_seo\seo_runs\jeminise.com\20260906_234129\qa\20260907_212312\images\166_03.jpg; source URL: https://cdn.shopify.com/s/files/1/0792/5098/1063/files/e96376384911eb815950bd49399e4d932894d33483e6a2657a308a3f851871b2.jpg?v=1787936250 | K54: The image row accurately describes the actual media at this gallery position.
A55: ISSUE-0054 | B55: jeminise.com+pamnest-twin-halloween-comforter-set-with-sheets-5-pieces-design-03 | C55: img_48a696a61579ec77 | D55: MINOR | E55: image observation | F55: Detail, feature panel or lifestyle image connected to black white ghost Halloween comforter set. | G55: Fresh image file: D:\Shopify_Workspace\jeminise_seo\seo_runs\jeminise.com\20260906_234129\qa\20260907_212312\images\166_04.jpg; source URL: https://cdn.shopify.com/s/files/1/0792/5098/1063/files/ac42bb85dc2b37a8d6b9f4d966756ea755486c3f61c156cf8759fda5147a0335.jpg?v=1787936250 | H55: Observation is generic or position-based; rewrite from the actual image content. | I55: Rewrite observation/alt from the directly opened image, naming the visible motif and use context. | J55: Fresh image file: D:\Shopify_Workspace\jeminise_seo\seo_runs\jeminise.com\20260906_234129\qa\20260907_212312\images\166_04.jpg; source URL: https://cdn.shopify.com/s/files/1/0792/5098/1063/files/ac42bb85dc2b37a8d6b9f4d966756ea755486c3f61c156cf8759fda5147a0335.jpg?v=1787936250 | K55: The image row accurately describes the actual media at this gallery position.
A56: ISSUE-0055 | B56: jeminise.com+pamnest-twin-halloween-comforter-set-with-sheets-5-pieces-design-03 | C56: img_638c13032e75fb69 | D56: MINOR | E56: image observation | F56: Easy-care, size guide or product feature image for black white ghost Halloween comforter set. | G56: Fresh image file: D:\Shopify_Workspace\jeminise_seo\seo_runs\jeminise.com\20260906_234129\qa\20260907_212312\images\166_06.jpg; source URL: https://cdn.shopify.com/s/files/1/0792/5098/1063/files/bbd8b3069747599cfa3e8e8deb179b9085c81592ba19d1c6287a8363a8238662.jpg?v=1787936250 | H56: Observation is generic or position-based; rewrite from the actual image content. | I56: Rewrite observation/alt from the directly opened image, naming the visible motif and use context. | J56: Fresh image file: D:\Shopify_Workspace\jeminise_seo\seo_runs\jeminise.com\20260906_234129\qa\20260907_212312\images\166_06.jpg; source URL: https://cdn.shopify.com/s/files/1/0792/5098/1063/files/bbd8b3069747599cfa3e8e8deb179b9085c81592ba19d1c6287a8363a8238662.jpg?v=1787936250 | K56: The image row accurately describes the actual media at this gallery position.
A57: ISSUE-0056 | B57: jeminise.com+pamnest-twin-halloween-comforter-set-with-sheets-5-pieces-design-03 | C57: img_638c13032e75fb69 | D57: MINOR | E57: alt text | F57: Set contents and size chart image for Black White Ghost Halloween Comforter Set | G57: Fresh image file: D:\Shopify_Workspace\jeminise_seo\seo_runs\jeminise.com\20260906_234129\qa\20260907_212312\images\166_06.jpg; source URL: https://cdn.shopify.com/s/files/1/0792/5098/1063/files/bbd8b3069747599cfa3e8e8deb179b9085c81592ba19d1c6287a8363a8238662.jpg?v=1787936250 | H57: Alt text is too generic or describes placement more than visible content. | I57: Rewrite observation/alt from the directly opened image, naming the visible motif and use context. | J57: Fresh image file: D:\Shopify_Workspace\jeminise_seo\seo_runs\jeminise.com\20260906_234129\qa\20260907_212312\images\166_06.jpg; source URL: https://cdn.shopify.com/s/files/1/0792/5098/1063/files/bbd8b3069747599cfa3e8e8deb179b9085c81592ba19d1c6287a8363a8238662.jpg?v=1787936250 | K57: The image row accurately describes the actual media at this gallery position.
A58: ISSUE-0057 | B58: jeminise.com+pamnest-twin-halloween-comforter-set-with-sheets-5-pieces-design-04 | D58: MAJOR | E58: description_proposed_html | F58: <p>This Jeminise comforter set features blue Halloween scene with large pumpkins, sheet ghosts, haunted trees, bats and moon artwork, making it suited for seasonal Halloween rooms, guest beds, kids rooms or themed fall decor.</p><h3>Design Details</h3><ul><li>Visible artwork: blue Halloween scene with large pumpkins, sheet ghosts, haunted trees, bats and moon artwork.</li><li>Source product details include: Brand: Jeminise; Product Type: Comfort… | G58: Draft contains SEO Use / QA approval wording. | H58: Internal workflow language is not publish-ready storefront copy. | I58: Remove internal QA/import block and replace with customer-facing verified copy. | J58: Draft contains SEO Use / QA approval wording. | K58: Description HTML no longer contains SEO Use, QA, approval, import or draft language.
A59: ISSUE-0058 | B59: jeminise.com+pamnest-twin-halloween-comforter-set-with-sheets-5-pieces-design-04 | D59: MAJOR | E59: h1_proposed | G59: The submitted workbook row has no proposed H1. | H59: A publishable SEO title/H1 pair is incomplete when the H1 field is blank. | I59: Write one English H1 that matches the verified product type and visible design; do not copy unsupported claims. | J59: The submitted workbook row has no proposed H1. | K59: Workbook contains a non-empty H1 and it is consistent with title, primary keyword and live product evidence.
A60: ISSUE-0059 | B60: jeminise.com+pamnest-twin-halloween-comforter-set-with-sheets-5-pieces-design-04 | D60: MINOR | E60: meta_description_seo | F60: Shop a comforter set featuring blue Halloween scene with large pumpkins, sheet ghosts, haunted trees, bats and moon artwork. Review available sizes and set options before checkout. | G60: Meta description length is 180 characters. | H60: Likely to truncate in search results and repeats review/personality wording in several rows. | I60: Rewrite to roughly 145-155 characters while preserving verified design and product type. | J60: Meta description length is 180 characters. | K60: Length check <=160 characters and no unsupported claim remains.
A61: ISSUE-0060 | B61: jeminise.com+pamnest-twin-halloween-comforter-set-with-sheets-5-pieces-design-04 | D61: LIMITATION | E61: keyword_evidence_level | F61: SERP_ONLY | G61: Only public SERP comparables are available. | H61: No Search Console, paid keyword volume or internal site search export was supplied. | I61: Keep demand statements qualitative; do not claim volume or ranking potential. | J61: Only public SERP comparables are available. | K61: Additional first-party or paid keyword evidence is attached, or limitation remains documented.
A62: ISSUE-0061 | B62: jeminise.com+pamnest-twin-halloween-comforter-set-with-sheets-5-pieces-design-04 | C62: img_a78f074313a5fd42 | D62: MINOR | E62: alt text | F62: Blue Haunted Pumpkin Ghost Comforter Set displayed in a main product mockup | G62: Fresh image file: D:\Shopify_Workspace\jeminise_seo\seo_runs\jeminise.com\20260906_234129\qa\20260907_212312\images\167_01.jpg; source URL: https://cdn.shopify.com/s/files/1/0792/5098/1063/files/5d0f1cae5d8fbccfd0cedc69335c2f8dae57295710f0d39ce49b9d818247b5d7.jpg?v=1787936297 | H62: Alt text is too generic or describes placement more than visible content. | I62: Rewrite observation/alt from the directly opened image, naming the visible motif and use context. | J62: Fresh image file: D:\Shopify_Workspace\jeminise_seo\seo_runs\jeminise.com\20260906_234129\qa\20260907_212312\images\167_01.jpg; source URL: https://cdn.shopify.com/s/files/1/0792/5098/1063/files/5d0f1cae5d8fbccfd0cedc69335c2f8dae57295710f0d39ce49b9d818247b5d7.jpg?v=1787936297 | K62: The image row accurately describes the actual media at this gallery position.
A63: ISSUE-0062 | B63: jeminise.com+pamnest-twin-halloween-comforter-set-with-sheets-5-pieces-design-04 | C63: img_78a5c394d10e22d0 | D63: MINOR | E63: image observation | F63: Bedding type, feature, lifestyle or material image for blue haunted pumpkin ghost comforter set. | G63: Fresh image file: D:\Shopify_Workspace\jeminise_seo\seo_runs\jeminise.com\20260906_234129\qa\20260907_212312\images\167_03.jpg; source URL: https://cdn.shopify.com/s/files/1/0792/5098/1063/files/5ca4830cd71b5426ad687d0e98c5de6daada03acb8a658c0dbb56e9c1612eeb7.jpg?v=1787936297 | H63: Observation is generic or position-based; rewrite from the actual image content. | I63: Rewrite observation/alt from the directly opened image, naming the visible motif and use context. | J63: Fresh image file: D:\Shopify_Workspace\jeminise_seo\seo_runs\jeminise.com\20260906_234129\qa\20260907_212312\images\167_03.jpg; source URL: https://cdn.shopify.com/s/files/1/0792/5098/1063/files/5ca4830cd71b5426ad687d0e98c5de6daada03acb8a658c0dbb56e9c1612eeb7.jpg?v=1787936297 | K63: The image row accurately describes the actual media at this gallery position.
A64: ISSUE-0063 | B64: jeminise.com+pamnest-twin-halloween-comforter-set-with-sheets-5-pieces-design-04 | C64: img_d91839ec732041fa | D64: MINOR | E64: image observation | F64: Detail, feature panel or lifestyle image connected to blue haunted pumpkin ghost comforter set. | G64: Fresh image file: D:\Shopify_Workspace\jeminise_seo\seo_runs\jeminise.com\20260906_234129\qa\20260907_212312\images\167_04.jpg; source URL: https://cdn.shopify.com/s/files/1/0792/5098/1063/files/3e81ffaaf0deab65c1f4a3f78b8b479936f650a3a751ef521aab7f3ff885449e.jpg?v=1787936297 | H64: Observation is generic or position-based; rewrite from the actual image content. | I64: Rewrite observation/alt from the directly opened image, naming the visible motif and use context. | J64: Fresh image file: D:\Shopify_Workspace\jeminise_seo\seo_runs\jeminise.com\20260906_234129\qa\20260907_212312\images\167_04.jpg; source URL: https://cdn.shopify.com/s/files/1/0792/5098/1063/files/3e81ffaaf0deab65c1f4a3f78b8b479936f650a3a751ef521aab7f3ff885449e.jpg?v=1787936297 | K64: The image row accurately describes the actual media at this gallery position.
A65: ISSUE-0064 | B65: jeminise.com+pamnest-twin-halloween-comforter-set-with-sheets-5-pieces-design-04 | C65: img_d2c9d6272b82396c | D65: MINOR | E65: image observation | F65: Easy-care, size guide or product feature image for blue haunted pumpkin ghost comforter set. | G65: Fresh image file: D:\Shopify_Workspace\jeminise_seo\seo_runs\jeminise.com\20260906_234129\qa\20260907_212312\images\167_06.jpg; source URL: https://cdn.shopify.com/s/files/1/0792/5098/1063/files/b0d1da8d8060da04652dfbd8ac59558b6bb3e731d6cda0161cad77ec3b3c8fe2.jpg?v=1787936297 | H65: Observation is generic or position-based; rewrite from the actual image content. | I65: Rewrite observation/alt from the directly opened image, naming the visible motif and use context. | J65: Fresh image file: D:\Shopify_Workspace\jeminise_seo\seo_runs\jeminise.com\20260906_234129\qa\20260907_212312\images\167_06.jpg; source URL: https://cdn.shopify.com/s/files/1/0792/5098/1063/files/b0d1da8d8060da04652dfbd8ac59558b6bb3e731d6cda0161cad77ec3b3c8fe2.jpg?v=1787936297 | K65: The image row accurately describes the actual media at this gallery position.
A66: ISSUE-0065 | B66: jeminise.com+pamnest-twin-halloween-comforter-set-with-sheets-5-pieces-design-04 | C66: img_d2c9d6272b82396c | D66: MINOR | E66: alt text | F66: Set contents and size chart image for Blue Haunted Pumpkin Ghost Comforter Set | G66: Fresh image file: D:\Shopify_Workspace\jeminise_seo\seo_runs\jeminise.com\20260906_234129\qa\20260907_212312\images\167_06.jpg; source URL: https://cdn.shopify.com/s/files/1/0792/5098/1063/files/b0d1da8d8060da04652dfbd8ac59558b6bb3e731d6cda0161cad77ec3b3c8fe2.jpg?v=1787936297 | H66: Alt text is too generic or describes placement more than visible content. | I66: Rewrite observation/alt from the directly opened image, naming the visible motif and use context. | J66: Fresh image file: D:\Shopify_Workspace\jeminise_seo\seo_runs\jeminise.com\20260906_234129\qa\20260907_212312\images\167_06.jpg; source URL: https://cdn.shopify.com/s/files/1/0792/5098/1063/files/b0d1da8d8060da04652dfbd8ac59558b6bb3e731d6cda0161cad77ec3b3c8fe2.jpg?v=1787936297 | K66: The image row accurately describes the actual media at this gallery position.
A67: ISSUE-0066 | B67: jeminise.com+pamnest-twin-halloween-comforter-set-with-sheets-5-pieces-design-05 | D67: MAJOR | E67: description_proposed_html | F67: <p>This Jeminise comforter set features pink Halloween bedding with cute ghosts, witch hats, candy, stars and soft pink sheets, making it suited for seasonal Halloween rooms, guest beds, kids rooms or themed fall decor.</p><h3>Design Details</h3><ul><li>Visible artwork: pink Halloween bedding with cute ghosts, witch hats, candy, stars and soft pink sheets.</li><li>Source product details include: Brand: Jeminise; Product Type: Comforter Set; Mate… | G67: Draft contains SEO Use / QA approval wording. | H67: Internal workflow language is not publish-ready storefront copy. | I67: Remove internal QA/import block and replace with customer-facing verified copy. | J67: Draft contains SEO Use / QA approval wording. | K67: Description HTML no longer contains SEO Use, QA, approval, import or draft language.
A68: ISSUE-0067 | B68: jeminise.com+pamnest-twin-halloween-comforter-set-with-sheets-5-pieces-design-05 | D68: MAJOR | E68: h1_proposed | G68: The submitted workbook row has no proposed H1. | H68: A publishable SEO title/H1 pair is incomplete when the H1 field is blank. | I68: Write one English H1 that matches the verified product type and visible design; do not copy unsupported claims. | J68: The submitted workbook row has no proposed H1. | K68: Workbook contains a non-empty H1 and it is consistent with title, primary keyword and live product evidence.
A69: ISSUE-0068 | B69: jeminise.com+pamnest-twin-halloween-comforter-set-with-sheets-5-pieces-design-05 | D69: MINOR | E69: meta_description_seo | F69: Shop a comforter set featuring pink Halloween bedding with cute ghosts, witch hats, candy, stars and soft pink sheets. Review available sizes and set options before checkout. | G69: Meta description length is 174 characters. | H69: Likely to truncate in search results and repeats review/personality wording in several rows. | I69: Rewrite to roughly 145-155 characters while preserving verified design and product type. | J69: Meta description length is 174 characters. | K69: Length check <=160 characters and no unsupported claim remains.
A70: ISSUE-0069 | B70: jeminise.com+pamnest-twin-halloween-comforter-set-with-sheets-5-pieces-design-05 | D70: LIMITATION | E70: keyword_evidence_level | F70: SERP_ONLY | G70: Only public SERP comparables are available. | H70: No Search Console, paid keyword volume or internal site search export was supplied. | I70: Keep demand statements qualitative; do not claim volume or ranking potential. | J70: Only public SERP comparables are available. | K70: Additional first-party or paid keyword evidence is attached, or limitation remains documented.
A71: ISSUE-0070 | B71: jeminise.com+pamnest-twin-halloween-comforter-set-with-sheets-5-pieces-design-05 | C71: img_f63b91c48fb4a74a | D71: MINOR | E71: alt text | F71: Pink Cute Ghost Halloween Comforter Set displayed in a main product mockup | G71: Fresh image file: D:\Shopify_Workspace\jeminise_seo\seo_runs\jeminise.com\20260906_234129\qa\20260907_212312\images\168_01.jpg; source URL: https://cdn.shopify.com/s/files/1/0792/5098/1063/files/0378abcf551bb373bc058a8d932a075b2e7062138286ccd5675aab241cbc2aa8.jpg?v=1787936303 | H71: Alt text is too generic or describes placement more than visible content. | I71: Rewrite observation/alt from the directly opened image, naming the visible motif and use context. | J71: Fresh image file: D:\Shopify_Workspace\jeminise_seo\seo_runs\jeminise.com\20260906_234129\qa\20260907_212312\images\168_01.jpg; source URL: https://cdn.shopify.com/s/files/1/0792/5098/1063/files/0378abcf551bb373bc058a8d932a075b2e7062138286ccd5675aab241cbc2aa8.jpg?v=1787936303 | K71: The image row accurately describes the actual media at this gallery position.
A72: ISSUE-0071 | B72: jeminise.com+pamnest-twin-halloween-comforter-set-with-sheets-5-pieces-design-05 | C72: img_fed1eb059469f4be | D72: MINOR | E72: image observation | F72: Bedding type, feature, lifestyle or material image for pink cute ghost Halloween comforter set. | G72: Fresh image file: D:\Shopify_Workspace\jeminise_seo\seo_runs\jeminise.com\20260906_234129\qa\20260907_212312\images\168_03.jpg; source URL: https://cdn.shopify.com/s/files/1/0792/5098/1063/files/3c149552706148b88d709b4170ededcaf07b0afcd786b0fc80da64aee42ef97a.jpg?v=1787936303 | H72: Observation is generic or position-based; rewrite from the actual image content. | I72: Rewrite observation/alt from the directly opened image, naming the visible motif and use context. | J72: Fresh image file: D:\Shopify_Workspace\jeminise_seo\seo_runs\jeminise.com\20260906_234129\qa\20260907_212312\images\168_03.jpg; source URL: https://cdn.shopify.com/s/files/1/0792/5098/1063/files/3c149552706148b88d709b4170ededcaf07b0afcd786b0fc80da64aee42ef97a.jpg?v=1787936303 | K72: The image row accurately describes the actual media at this gallery position.
