Workbook

Sheet QA_Summary
A1: metric | B1: value | C1: definition
A2: rubric_version | B2: prompt_qa.md v1.0; meta description 145-165 is editorial guidance only | C2: Rubric used.
A3: source_workbook | B3: D:\Shopify_Workspace\jeminise_seo\resutls\jeminise.com\20260906_234129\revisions\qa_batch_022_r4\SEO_Product_Optimization_qa_batch_022_r4.xlsx | C3: Frozen source; not edited.
A4: source_sha256_at_freeze_and_handoff | B4: 6F88917A2C2245F62E7CBA61E74EE5D1F2CE69E23A134B90E529E08C77BDB5A2 | C4: Hash before/after QA; snapshot matched.
A5: qa_run_id | B5: 20260909_131954 | C5: New independent QA run.
A6: batch_id | B6: qa_batch_022_r4 | C6: Inventory positions 211-220 only.
A7: products_checked | B7: 10 | C7: Locked by product_key.
A8: images_checked | B8: 73/73 | C8: Full image coverage.
A9: keyword_rows_checked | B9: 40 | C9: Scoped Keyword_Map rows.
A10: buyer_rows_checked | B10: 10 | C10: Scoped buyer rows.
A11: batch_final_score | B11: =AVERAGE('QA_Products'!$I$2:$I$11) | C11: Average final score.
A12: batch_result | B12: =IF(COUNTIF('QA_Products'!$J$2:$J$11,"QA_PASS")=ROWS('QA_Products'!$J$2:$J$11),"PASSED","NOT_PASSED") | C12: All products must pass.
A13: status_counts | B13: ="PASS="&COUNTIF('QA_Products'!$J$2:$J$11,"QA_PASS")&"; REVISE="&COUNTIF('QA_Products'!$J$2:$J$11,"QA_REVISE")&"; FAIL="&COUNTIF('QA_Products'!$J$2:$J$11,"QA_FAIL")&"; INCOMPLETE="&COUNTIF('QA_Products'!$J$2:$J$11,"QA_INCOMPLETE") | C13: Status counts.
A14: issue_counts | B14: {"LIMITATION": 1} | C14: Severity counts.
A15: historical_admin_export | B15: 729CBD9B3E0248F5D9196D999A49222DBDACA85C2F3CF8524BEEC549B57D738C | C15: Restored from git f3e38d54.
A16: current_admin_export | B16: 97AA8DC283CFC927BF3B6F41A3EA8926C96C0723B6942CF7C1D147CD854FBA83 | C16: Current export kept separate.
A17: xlsx_status | B17: COMPLETE | C17: Five-sheet workbook.

Sheet QA_Products
A1: inventory_position | B1: product_key | C1: url | D1: revision | E1: verified_points | F1: assessed_weight | G1: score_lower_bound | H1: score_upper_bound | I1: final_score | J1: qa_status | K1: keyword_evidence_level | L1: images_expected | M1: images_checked | N1: image_inventory_complete | O1: image_coverage | P1: critical_count | Q1: major_count | R1: minor_count | S1: limitation_count | T1: issue_refs | U1: evidence_refs
A2: 211 | B2: jeminise.com+personalized-basketball-close-up-with-number-blanket-with-name-and-number-f16f46abef-f16f46abef | C2: https://jeminise.com/products/personalized-basketball-close-up-with-number-blanket-with-name-and-number-f16f46abef-f16f46abef | D2: r4 | E2: =SUMIF('QA_Criteria'!$A$2:$A$111,B2,'QA_Criteria'!$F$2:$F$111) | F2: =SUMIF('QA_Criteria'!$A$2:$A$111,B2,'QA_Criteria'!$G$2:$G$111) | G2: =E2 | H2: =E2+(100-F2) | I2: =IF(AND(F2=100,O2=1,N2=TRUE),E2,"") | J2: =IF(P2>0,"QA_FAIL",IF(I2="","QA_INCOMPLETE",IF(I2<70,"QA_FAIL",IF(OR(I2<85,Q2>0),"QA_REVISE","QA_PASS")))) | K2: SERP_ONLY | L2: 9 | M2: 9 | N2: TRUE | O2: 1 | P2: =COUNTIFS('QA_Issues'!$B$2:$B$2,B2,'QA_Issues'!$D$2:$D$2,"CRITICAL") | Q2: =COUNTIFS('QA_Issues'!$B$2:$B$2,B2,'QA_Issues'!$D$2:$D$2,"MAJOR") | R2: =COUNTIFS('QA_Issues'!$B$2:$B$2,B2,'QA_Issues'!$D$2:$D$2,"MINOR") | S2: =COUNTIFS('QA_Issues'!$B$2:$B$2,B2,'QA_Issues'!$D$2:$D$2,"LIMITATION") | T2: [] | U2: ["evidence_batch_022_211", "https://jeminise.com/products/personalized-basketball-close-up-with-number-blanket-with-name-and-number-f16f46abef-f16f46abef", "serp_qa_batch_022_r4_211_1", "live_pages", "customizer_fields_audit.json"]
A3: 212 | B3: jeminise.com+personalized-basketball-court-perspective-comforter-with-name-and-number-5545af9fa4-5545af9fa4 | C3: https://jeminise.com/products/personalized-basketball-court-perspective-comforter-with-name-and-number-5545af9fa4-5545af9fa4 | D3: r4 | E3: =SUMIF('QA_Criteria'!$A$2:$A$111,B3,'QA_Criteria'!$F$2:$F$111) | F3: =SUMIF('QA_Criteria'!$A$2:$A$111,B3,'QA_Criteria'!$G$2:$G$111) | G3: =E3 | H3: =E3+(100-F3) | I3: =IF(AND(F3=100,O3=1,N3=TRUE),E3,"") | J3: =IF(P3>0,"QA_FAIL",IF(I3="","QA_INCOMPLETE",IF(I3<70,"QA_FAIL",IF(OR(I3<85,Q3>0),"QA_REVISE","QA_PASS")))) | K3: SERP_ONLY | L3: 7 | M3: 7 | N3: TRUE | O3: 1 | P3: =COUNTIFS('QA_Issues'!$B$2:$B$2,B3,'QA_Issues'!$D$2:$D$2,"CRITICAL") | Q3: =COUNTIFS('QA_Issues'!$B$2:$B$2,B3,'QA_Issues'!$D$2:$D$2,"MAJOR") | R3: =COUNTIFS('QA_Issues'!$B$2:$B$2,B3,'QA_Issues'!$D$2:$D$2,"MINOR") | S3: =COUNTIFS('QA_Issues'!$B$2:$B$2,B3,'QA_Issues'!$D$2:$D$2,"LIMITATION") | T3: [] | U3: ["evidence_batch_022_212", "https://jeminise.com/products/personalized-basketball-court-perspective-comforter-with-name-and-number-5545af9fa4-5545af9fa4", "serp_qa_batch_022_r4_212_1", "live_pages", "customizer_fields_audit.json"]
A4: 213 | B4: jeminise.com+personalized-basketball-cracked-wall-comforter-with-name-and-number-aeaddaa506-aeaddaa506 | C4: https://jeminise.com/products/personalized-basketball-cracked-wall-comforter-with-name-and-number-aeaddaa506-aeaddaa506 | D4: r4 | E4: =SUMIF('QA_Criteria'!$A$2:$A$111,B4,'QA_Criteria'!$F$2:$F$111) | F4: =SUMIF('QA_Criteria'!$A$2:$A$111,B4,'QA_Criteria'!$G$2:$G$111) | G4: =E4 | H4: =E4+(100-F4) | I4: =IF(AND(F4=100,O4=1,N4=TRUE),E4,"") | J4: =IF(P4>0,"QA_FAIL",IF(I4="","QA_INCOMPLETE",IF(I4<70,"QA_FAIL",IF(OR(I4<85,Q4>0),"QA_REVISE","QA_PASS")))) | K4: SERP_ONLY | L4: 7 | M4: 7 | N4: TRUE | O4: 1 | P4: =COUNTIFS('QA_Issues'!$B$2:$B$2,B4,'QA_Issues'!$D$2:$D$2,"CRITICAL") | Q4: =COUNTIFS('QA_Issues'!$B$2:$B$2,B4,'QA_Issues'!$D$2:$D$2,"MAJOR") | R4: =COUNTIFS('QA_Issues'!$B$2:$B$2,B4,'QA_Issues'!$D$2:$D$2,"MINOR") | S4: =COUNTIFS('QA_Issues'!$B$2:$B$2,B4,'QA_Issues'!$D$2:$D$2,"LIMITATION") | T4: [] | U4: ["evidence_batch_022_213", "https://jeminise.com/products/personalized-basketball-cracked-wall-comforter-with-name-and-number-aeaddaa506-aeaddaa506", "serp_qa_batch_022_r4_213_1", "live_pages", "customizer_fields_audit.json"]
A5: 214 | B5: jeminise.com+personalized-basketball-entering-net-comforter-e55e615fd3-e55e615fd3 | C5: https://jeminise.com/products/personalized-basketball-entering-net-comforter-e55e615fd3-e55e615fd3 | D5: r4 | E5: =SUMIF('QA_Criteria'!$A$2:$A$111,B5,'QA_Criteria'!$F$2:$F$111) | F5: =SUMIF('QA_Criteria'!$A$2:$A$111,B5,'QA_Criteria'!$G$2:$G$111) | G5: =E5 | H5: =E5+(100-F5) | I5: =IF(AND(F5=100,O5=1,N5=TRUE),E5,"") | J5: =IF(P5>0,"QA_FAIL",IF(I5="","QA_INCOMPLETE",IF(I5<70,"QA_FAIL",IF(OR(I5<85,Q5>0),"QA_REVISE","QA_PASS")))) | K5: SERP_ONLY | L5: 5 | M5: 5 | N5: TRUE | O5: 1 | P5: =COUNTIFS('QA_Issues'!$B$2:$B$2,B5,'QA_Issues'!$D$2:$D$2,"CRITICAL") | Q5: =COUNTIFS('QA_Issues'!$B$2:$B$2,B5,'QA_Issues'!$D$2:$D$2,"MAJOR") | R5: =COUNTIFS('QA_Issues'!$B$2:$B$2,B5,'QA_Issues'!$D$2:$D$2,"MINOR") | S5: =COUNTIFS('QA_Issues'!$B$2:$B$2,B5,'QA_Issues'!$D$2:$D$2,"LIMITATION") | T5: [] | U5: ["evidence_batch_022_214", "https://jeminise.com/products/personalized-basketball-entering-net-comforter-e55e615fd3-e55e615fd3", "serp_qa_batch_022_r4_214_1", "live_pages", "customizer_fields_audit.json"]
A6: 215 | B6: jeminise.com+personalized-basketball-fire-and-water-splash-blanket-with-name-and-number-b05a53f208-b05a53f208 | C6: https://jeminise.com/products/personalized-basketball-fire-and-water-splash-blanket-with-name-and-number-b05a53f208-b05a53f208 | D6: r4 | E6: =SUMIF('QA_Criteria'!$A$2:$A$111,B6,'QA_Criteria'!$F$2:$F$111) | F6: =SUMIF('QA_Criteria'!$A$2:$A$111,B6,'QA_Criteria'!$G$2:$G$111) | G6: =E6 | H6: =E6+(100-F6) | I6: =IF(AND(F6=100,O6=1,N6=TRUE),E6,"") | J6: =IF(P6>0,"QA_FAIL",IF(I6="","QA_INCOMPLETE",IF(I6<70,"QA_FAIL",IF(OR(I6<85,Q6>0),"QA_REVISE","QA_PASS")))) | K6: SERP_ONLY | L6: 8 | M6: 8 | N6: TRUE | O6: 1 | P6: =COUNTIFS('QA_Issues'!$B$2:$B$2,B6,'QA_Issues'!$D$2:$D$2,"CRITICAL") | Q6: =COUNTIFS('QA_Issues'!$B$2:$B$2,B6,'QA_Issues'!$D$2:$D$2,"MAJOR") | R6: =COUNTIFS('QA_Issues'!$B$2:$B$2,B6,'QA_Issues'!$D$2:$D$2,"MINOR") | S6: =COUNTIFS('QA_Issues'!$B$2:$B$2,B6,'QA_Issues'!$D$2:$D$2,"LIMITATION") | T6: [] | U6: ["evidence_batch_022_215", "https://jeminise.com/products/personalized-basketball-fire-and-water-splash-blanket-with-name-and-number-b05a53f208-b05a53f208", "serp_qa_batch_022_r4_215_1", "live_pages", "customizer_fields_audit.json"]
A7: 216 | B7: jeminise.com+personalized-basketball-flames-flying-over-comforter-with-name-and-number-feb4be1ea4-feb4be1ea4 | C7: https://jeminise.com/products/personalized-basketball-flames-flying-over-comforter-with-name-and-number-feb4be1ea4-feb4be1ea4 | D7: r4 | E7: =SUMIF('QA_Criteria'!$A$2:$A$111,B7,'QA_Criteria'!$F$2:$F$111) | F7: =SUMIF('QA_Criteria'!$A$2:$A$111,B7,'QA_Criteria'!$G$2:$G$111) | G7: =E7 | H7: =E7+(100-F7) | I7: =IF(AND(F7=100,O7=1,N7=TRUE),E7,"") | J7: =IF(P7>0,"QA_FAIL",IF(I7="","QA_INCOMPLETE",IF(I7<70,"QA_FAIL",IF(OR(I7<85,Q7>0),"QA_REVISE","QA_PASS")))) | K7: SERP_ONLY | L7: 7 | M7: 7 | N7: TRUE | O7: 1 | P7: =COUNTIFS('QA_Issues'!$B$2:$B$2,B7,'QA_Issues'!$D$2:$D$2,"CRITICAL") | Q7: =COUNTIFS('QA_Issues'!$B$2:$B$2,B7,'QA_Issues'!$D$2:$D$2,"MAJOR") | R7: =COUNTIFS('QA_Issues'!$B$2:$B$2,B7,'QA_Issues'!$D$2:$D$2,"MINOR") | S7: =COUNTIFS('QA_Issues'!$B$2:$B$2,B7,'QA_Issues'!$D$2:$D$2,"LIMITATION") | T7: [] | U7: ["evidence_batch_022_216", "https://jeminise.com/products/personalized-basketball-flames-flying-over-comforter-with-name-and-number-feb4be1ea4-feb4be1ea4", "serp_qa_batch_022_r4_216_1", "live_pages", "customizer_fields_audit.json"]
A8: 217 | B8: jeminise.com+personalized-basketball-glowing-light-burst-comforter-with-name-and-number-3bc9e1267e-3bc9e1267e | C8: https://jeminise.com/products/personalized-basketball-glowing-light-burst-comforter-with-name-and-number-3bc9e1267e-3bc9e1267e | D8: r4 | E8: =SUMIF('QA_Criteria'!$A$2:$A$111,B8,'QA_Criteria'!$F$2:$F$111) | F8: =SUMIF('QA_Criteria'!$A$2:$A$111,B8,'QA_Criteria'!$G$2:$G$111) | G8: =E8 | H8: =E8+(100-F8) | I8: =IF(AND(F8=100,O8=1,N8=TRUE),E8,"") | J8: =IF(P8>0,"QA_FAIL",IF(I8="","QA_INCOMPLETE",IF(I8<70,"QA_FAIL",IF(OR(I8<85,Q8>0),"QA_REVISE","QA_PASS")))) | K8: SERP_ONLY | L8: 7 | M8: 7 | N8: TRUE | O8: 1 | P8: =COUNTIFS('QA_Issues'!$B$2:$B$2,B8,'QA_Issues'!$D$2:$D$2,"CRITICAL") | Q8: =COUNTIFS('QA_Issues'!$B$2:$B$2,B8,'QA_Issues'!$D$2:$D$2,"MAJOR") | R8: =COUNTIFS('QA_Issues'!$B$2:$B$2,B8,'QA_Issues'!$D$2:$D$2,"MINOR") | S8: =COUNTIFS('QA_Issues'!$B$2:$B$2,B8,'QA_Issues'!$D$2:$D$2,"LIMITATION") | T8: [] | U8: ["evidence_batch_022_217", "https://jeminise.com/products/personalized-basketball-glowing-light-burst-comforter-with-name-and-number-3bc9e1267e-3bc9e1267e", "serp_qa_batch_022_r4_217_1", "live_pages", "customizer_fields_audit.json"]
A9: 218 | B9: jeminise.com+personalized-basketball-held-by-hand-on-court-blanket-with-name-and-number-079998b76f-079998b76f | C9: https://jeminise.com/products/personalized-basketball-held-by-hand-on-court-blanket-with-name-and-number-079998b76f-079998b76f | D9: r4 | E9: =SUMIF('QA_Criteria'!$A$2:$A$111,B9,'QA_Criteria'!$F$2:$F$111) | F9: =SUMIF('QA_Criteria'!$A$2:$A$111,B9,'QA_Criteria'!$G$2:$G$111) | G9: =E9 | H9: =E9+(100-F9) | I9: =IF(AND(F9=100,O9=1,N9=TRUE),E9,"") | J9: =IF(P9>0,"QA_FAIL",IF(I9="","QA_INCOMPLETE",IF(I9<70,"QA_FAIL",IF(OR(I9<85,Q9>0),"QA_REVISE","QA_PASS")))) | K9: SERP_ONLY | L9: 8 | M9: 8 | N9: TRUE | O9: 1 | P9: =COUNTIFS('QA_Issues'!$B$2:$B$2,B9,'QA_Issues'!$D$2:$D$2,"CRITICAL") | Q9: =COUNTIFS('QA_Issues'!$B$2:$B$2,B9,'QA_Issues'!$D$2:$D$2,"MAJOR") | R9: =COUNTIFS('QA_Issues'!$B$2:$B$2,B9,'QA_Issues'!$D$2:$D$2,"MINOR") | S9: =COUNTIFS('QA_Issues'!$B$2:$B$2,B9,'QA_Issues'!$D$2:$D$2,"LIMITATION") | T9: [] | U9: ["evidence_batch_022_218", "https://jeminise.com/products/personalized-basketball-held-by-hand-on-court-blanket-with-name-and-number-079998b76f-079998b76f", "serp_qa_batch_022_r4_218_1", "live_pages", "customizer_fields_audit.json"]
A10: 219 | B10: jeminise.com+personalized-basketball-held-under-player-arm-blanket-with-name-and-number-7a077c5144-7a077c5144 | C10: https://jeminise.com/products/personalized-basketball-held-under-player-arm-blanket-with-name-and-number-7a077c5144-7a077c5144 | D10: r4 | E10: =SUMIF('QA_Criteria'!$A$2:$A$111,B10,'QA_Criteria'!$F$2:$F$111) | F10: =SUMIF('QA_Criteria'!$A$2:$A$111,B10,'QA_Criteria'!$G$2:$G$111) | G10: =E10 | H10: =E10+(100-F10) | I10: =IF(AND(F10=100,O10=1,N10=TRUE),E10,"") | J10: =IF(P10>0,"QA_FAIL",IF(I10="","QA_INCOMPLETE",IF(I10<70,"QA_FAIL",IF(OR(I10<85,Q10>0),"QA_REVISE","QA_PASS")))) | K10: SERP_ONLY | L10: 8 | M10: 8 | N10: TRUE | O10: 1 | P10: =COUNTIFS('QA_Issues'!$B$2:$B$2,B10,'QA_Issues'!$D$2:$D$2,"CRITICAL") | Q10: =COUNTIFS('QA_Issues'!$B$2:$B$2,B10,'QA_Issues'!$D$2:$D$2,"MAJOR") | R10: =COUNTIFS('QA_Issues'!$B$2:$B$2,B10,'QA_Issues'!$D$2:$D$2,"MINOR") | S10: =COUNTIFS('QA_Issues'!$B$2:$B$2,B10,'QA_Issues'!$D$2:$D$2,"LIMITATION") | T10: [] | U10: ["evidence_batch_022_219", "https://jeminise.com/products/personalized-basketball-held-under-player-arm-blanket-with-name-and-number-7a077c5144-7a077c5144", "serp_qa_batch_022_r4_219_1", "live_pages", "customizer_fields_audit.json"]
A11: 220 | B11: jeminise.com+personalized-basketball-hoop-comforter-name-number-863d6f6ff1-863d6f6ff1 | C11: https://jeminise.com/products/personalized-basketball-hoop-comforter-name-number-863d6f6ff1-863d6f6ff1 | D11: r4 | E11: =SUMIF('QA_Criteria'!$A$2:$A$111,B11,'QA_Criteria'!$F$2:$F$111) | F11: =SUMIF('QA_Criteria'!$A$2:$A$111,B11,'QA_Criteria'!$G$2:$G$111) | G11: =E11 | H11: =E11+(100-F11) | I11: =IF(AND(F11=100,O11=1,N11=TRUE),E11,"") | J11: =IF(P11>0,"QA_FAIL",IF(I11="","QA_INCOMPLETE",IF(I11<70,"QA_FAIL",IF(OR(I11<85,Q11>0),"QA_REVISE","QA_PASS")))) | K11: SERP_ONLY | L11: 7 | M11: 7 | N11: TRUE | O11: 1 | P11: =COUNTIFS('QA_Issues'!$B$2:$B$2,B11,'QA_Issues'!$D$2:$D$2,"CRITICAL") | Q11: =COUNTIFS('QA_Issues'!$B$2:$B$2,B11,'QA_Issues'!$D$2:$D$2,"MAJOR") | R11: =COUNTIFS('QA_Issues'!$B$2:$B$2,B11,'QA_Issues'!$D$2:$D$2,"MINOR") | S11: =COUNTIFS('QA_Issues'!$B$2:$B$2,B11,'QA_Issues'!$D$2:$D$2,"LIMITATION") | T11: [] | U11: ["evidence_batch_022_220", "https://jeminise.com/products/personalized-basketball-hoop-comforter-name-number-863d6f6ff1-863d6f6ff1", "serp_qa_batch_022_r4_220_1", "live_pages", "customizer_fields_audit.json"]

Sheet QA_Criteria
A1: product_key | B1: criterion_id | C1: weight | D1: assessment | E1: rating | F1: earned_points | G1: assessed_weight | H1: reason | I1: evidence_refs | J1: issue_refs
A2: jeminise.com+personalized-basketball-close-up-with-number-blanket-with-name-and-number-f16f46abef-f16f46abef | B2: P1 | C2: 15 | D2: FULL | E2: =IF(B2="I1",AVERAGEIF('QA_Images'!$A$2:$A$74,A2,'QA_Images'!$R$2:$R$74)/100,IF(D2="FULL",1,IF(D2="PARTIAL",0.5,IF(D2="FAIL",0,"")))) | F2: =IF(E2="",0,C2*E2) | G2: =IF(B2="I1",20*AVERAGEIF('QA_Images'!$A$2:$A$74,A2,'QA_Images'!$S$2:$S$74)/100,IF(D2="NOT_CHECKED",0,C2)) | H2: FULL: product identity, handle and live product data match inventory scope for batch 22. | I2: ["evidence_batch_022_211", "https://jeminise.com/products/personalized-basketball-close-up-with-number-blanket-with-name-and-number-f16f46abef-f16f46abef"] | J2: []
A3: jeminise.com+personalized-basketball-close-up-with-number-blanket-with-name-and-number-f16f46abef-f16f46abef | B3: P2 | C3: 10 | D3: FULL | E3: =IF(B3="I1",AVERAGEIF('QA_Images'!$A$2:$A$74,A3,'QA_Images'!$R$2:$R$74)/100,IF(D3="FULL",1,IF(D3="PARTIAL",0.5,IF(D3="FAIL",0,"")))) | F3: =IF(E3="",0,C3*E3) | G3: =IF(B3="I1",20*AVERAGEIF('QA_Images'!$A$2:$A$74,A3,'QA_Images'!$S$2:$S$74)/100,IF(D3="NOT_CHECKED",0,C3)) | H3: FULL: personalization/product-option claims were checked against live/cache customizer evidence for this product. | I3: ["evidence_batch_022_211", "https://jeminise.com/products/personalized-basketball-close-up-with-number-blanket-with-name-and-number-f16f46abef-f16f46abef", "customizer_fields_audit.json", "live_pages"] | J3: []
A4: jeminise.com+personalized-basketball-close-up-with-number-blanket-with-name-and-number-f16f46abef-f16f46abef | B4: K1 | C4: 10 | D4: PARTIAL | E4: =IF(B4="I1",AVERAGEIF('QA_Images'!$A$2:$A$74,A4,'QA_Images'!$R$2:$R$74)/100,IF(D4="FULL",1,IF(D4="PARTIAL",0.5,IF(D4="FAIL",0,"")))) | F4: =IF(E4="",0,C4*E4) | G4: =IF(B4="I1",20*AVERAGEIF('QA_Images'!$A$2:$A$74,A4,'QA_Images'!$S$2:$S$74)/100,IF(D4="NOT_CHECKED",0,C4)) | H4: PARTIAL: primary keyword 'basketball close-up number blanket' was checked against this product's own US/English SERP; partial means the exact visual modifier is niche. | I4: ["evidence_batch_022_211", "https://jeminise.com/products/personalized-basketball-close-up-with-number-blanket-with-name-and-number-f16f46abef-f16f46abef", "serp_qa_batch_022_r4_211_1", "serp_qa_batch_022_r4_211_2"] | J4: []
A5: jeminise.com+personalized-basketball-close-up-with-number-blanket-with-name-and-number-f16f46abef-f16f46abef | B5: K2 | C5: 5 | D5: FULL | E5: =IF(B5="I1",AVERAGEIF('QA_Images'!$A$2:$A$74,A5,'QA_Images'!$R$2:$R$74)/100,IF(D5="FULL",1,IF(D5="PARTIAL",0.5,IF(D5="FAIL",0,"")))) | F5: =IF(E5="",0,C5*E5) | G5: =IF(B5="I1",20*AVERAGEIF('QA_Images'!$A$2:$A$74,A5,'QA_Images'!$S$2:$S$74)/100,IF(D5="NOT_CHECKED",0,C5)) | H5: FULL: comparator query supports commercial bedding/blanket intent for this product type; partial means results broaden beyond the exact motif. | I5: ["evidence_batch_022_211", "https://jeminise.com/products/personalized-basketball-close-up-with-number-blanket-with-name-and-number-f16f46abef-f16f46abef", "serp_qa_batch_022_r4_211_1", "serp_qa_batch_022_r4_211_2"] | J5: []
A6: jeminise.com+personalized-basketball-close-up-with-number-blanket-with-name-and-number-f16f46abef-f16f46abef | B6: K3 | C6: 5 | D6: PARTIAL | E6: =IF(B6="I1",AVERAGEIF('QA_Images'!$A$2:$A$74,A6,'QA_Images'!$R$2:$R$74)/100,IF(D6="FULL",1,IF(D6="PARTIAL",0.5,IF(D6="FAIL",0,"")))) | F6: =IF(E6="",0,C6*E6) | G6: =IF(B6="I1",20*AVERAGEIF('QA_Images'!$A$2:$A$74,A6,'QA_Images'!$S$2:$S$74)/100,IF(D6="NOT_CHECKED",0,C6)) | H6: PARTIAL: evidence is SERP/product-comparable only; no paid volume or Search Console proof is claimed. | I6: ["evidence_batch_022_211", "https://jeminise.com/products/personalized-basketball-close-up-with-number-blanket-with-name-and-number-f16f46abef-f16f46abef", "serp_qa_batch_022_r4_211_1", "serp_qa_batch_022_r4_211_2"] | J6: []
A7: jeminise.com+personalized-basketball-close-up-with-number-blanket-with-name-and-number-f16f46abef-f16f46abef | B7: T1 | C7: 10 | D7: FULL | E7: =IF(B7="I1",AVERAGEIF('QA_Images'!$A$2:$A$74,A7,'QA_Images'!$R$2:$R$74)/100,IF(D7="FULL",1,IF(D7="PARTIAL",0.5,IF(D7="FAIL",0,"")))) | F7: =IF(E7="",0,C7*E7) | G7: =IF(B7="I1",20*AVERAGEIF('QA_Images'!$A$2:$A$74,A7,'QA_Images'!$S$2:$S$74)/100,IF(D7="NOT_CHECKED",0,C7)) | H7: FULL: meta_title_seo is complete English and maps to the verified product type/motif. | I7: ["evidence_batch_022_211", "https://jeminise.com/products/personalized-basketball-close-up-with-number-blanket-with-name-and-number-f16f46abef-f16f46abef"] | J7: []
A8: jeminise.com+personalized-basketball-close-up-with-number-blanket-with-name-and-number-f16f46abef-f16f46abef | B8: T2 | C8: 5 | D8: FULL | E8: =IF(B8="I1",AVERAGEIF('QA_Images'!$A$2:$A$74,A8,'QA_Images'!$R$2:$R$74)/100,IF(D8="FULL",1,IF(D8="PARTIAL",0.5,IF(D8="FAIL",0,"")))) | F8: =IF(E8="",0,C8*E8) | G8: =IF(B8="I1",20*AVERAGEIF('QA_Images'!$A$2:$A$74,A8,'QA_Images'!$S$2:$S$74)/100,IF(D8="NOT_CHECKED",0,C8)) | H8: FULL: title_proposed can function as product title/H1 and distinguishes this batch-22 design by motif/product type. | I8: ["evidence_batch_022_211", "https://jeminise.com/products/personalized-basketball-close-up-with-number-blanket-with-name-and-number-f16f46abef-f16f46abef"] | J8: []
A9: jeminise.com+personalized-basketball-close-up-with-number-blanket-with-name-and-number-f16f46abef-f16f46abef | B9: D1 | C9: 5 | D9: FULL | E9: =IF(B9="I1",AVERAGEIF('QA_Images'!$A$2:$A$74,A9,'QA_Images'!$R$2:$R$74)/100,IF(D9="FULL",1,IF(D9="PARTIAL",0.5,IF(D9="FAIL",0,"")))) | F9: =IF(E9="",0,C9*E9) | G9: =IF(B9="I1",20*AVERAGEIF('QA_Images'!$A$2:$A$74,A9,'QA_Images'!$S$2:$S$74)/100,IF(D9="NOT_CHECKED",0,C9)) | H9: FULL: meta description is complete, not cut mid-word, and the 145-165 character target was treated as editorial guidance. | I9: ["evidence_batch_022_211", "https://jeminise.com/products/personalized-basketball-close-up-with-number-blanket-with-name-and-number-f16f46abef-f16f46abef"] | J9: []
A10: jeminise.com+personalized-basketball-close-up-with-number-blanket-with-name-and-number-f16f46abef-f16f46abef | B10: D2 | C10: 10 | D10: FULL | E10: =IF(B10="I1",AVERAGEIF('QA_Images'!$A$2:$A$74,A10,'QA_Images'!$R$2:$R$74)/100,IF(D10="FULL",1,IF(D10="PARTIAL",0.5,IF(D10="FAIL",0,"")))) | F10: =IF(E10="",0,C10*E10) | G10: =IF(B10="I1",20*AVERAGEIF('QA_Images'!$A$2:$A$74,A10,'QA_Images'!$S$2:$S$74)/100,IF(D10="NOT_CHECKED",0,C10)) | H10: FULL: description HTML is customer-facing and tied to verified artwork, product type, options and personalization controls. | I10: ["evidence_batch_022_211", "https://jeminise.com/products/personalized-basketball-close-up-with-number-blanket-with-name-and-number-f16f46abef-f16f46abef"] | J10: []
A11: jeminise.com+personalized-basketball-close-up-with-number-blanket-with-name-and-number-f16f46abef-f16f46abef | B11: I1 | C11: 20 | D11: DERIVED | E11: =IF(B11="I1",AVERAGEIF('QA_Images'!$A$2:$A$74,A11,'QA_Images'!$R$2:$R$74)/100,IF(D11="FULL",1,IF(D11="PARTIAL",0.5,IF(D11="FAIL",0,"")))) | F11: =IF(E11="",0,C11*E11) | G11: =IF(B11="I1",20*AVERAGEIF('QA_Images'!$A$2:$A$74,A11,'QA_Images'!$S$2:$S$74)/100,IF(D11="NOT_CHECKED",0,C11)) | H11: Derived from 9 QA_Images rows for this product; average image score 100/100. | I11: ["QA_Images", "evidence_batch_022_211"] | J11: []
A12: jeminise.com+personalized-basketball-close-up-with-number-blanket-with-name-and-number-f16f46abef-f16f46abef | B12: E1 | C12: 5 | D12: FULL | E12: =IF(B12="I1",AVERAGEIF('QA_Images'!$A$2:$A$74,A12,'QA_Images'!$R$2:$R$74)/100,IF(D12="FULL",1,IF(D12="PARTIAL",0.5,IF(D12="FAIL",0,"")))) | F12: =IF(E12="",0,C12*E12) | G12: =IF(B12="I1",20*AVERAGEIF('QA_Images'!$A$2:$A$74,A12,'QA_Images'!$S$2:$S$74)/100,IF(D12="NOT_CHECKED",0,C12)) | H12: FULL: product key, handle, links and scoped evidence are consistent; row-level r3 labels are recorded separately as a traceability limitation. | I12: ["evidence_batch_022_211", "https://jeminise.com/products/personalized-basketball-close-up-with-number-blanket-with-name-and-number-f16f46abef-f16f46abef"] | J12: []
A13: jeminise.com+personalized-basketball-court-perspective-comforter-with-name-and-number-5545af9fa4-5545af9fa4 | B13: P1 | C13: 15 | D13: FULL | E13: =IF(B13="I1",AVERAGEIF('QA_Images'!$A$2:$A$74,A13,'QA_Images'!$R$2:$R$74)/100,IF(D13="FULL",1,IF(D13="PARTIAL",0.5,IF(D13="FAIL",0,"")))) | F13: =IF(E13="",0,C13*E13) | G13: =IF(B13="I1",20*AVERAGEIF('QA_Images'!$A$2:$A$74,A13,'QA_Images'!$S$2:$S$74)/100,IF(D13="NOT_CHECKED",0,C13)) | H13: FULL: product identity, handle and live product data match inventory scope for batch 22. | I13: ["evidence_batch_022_212", "https://jeminise.com/products/personalized-basketball-court-perspective-comforter-with-name-and-number-5545af9fa4-5545af9fa4"] | J13: []
... A111: jeminise.com+personalized-basketball-hoop-comforter-name-number-863d6f6ff1-863d6f6ff1 | B111: E1 | C111: 5 | D111: FULL | E111: =IF(B111="I1",AVERAGEIF('QA_Images'!$A$2:$A$74,A111,'QA_Images'!$R$2:$R$74)/100,IF(D111="FULL",1,IF(D111="PARTIAL",0.5,IF(D111="FAIL",0,"")))) | F111: =IF(E111="",0,C111*E111) | G111: =IF(B111="I1",20*AVERAGEIF('QA_Images'!$A$2:$A$74,A111,'QA_Images'!$S$2:$S$74)/100,IF(D111="NOT_CHECKED",0,C111)) | H111: FULL: product key, handle, links and scoped evidence are consistent; row-level r3 labels are recorded separately as a traceability limitation. | I111: ["evidence_batch_022_220", "https://jeminise.com/products/personalized-basketball-hoop-comforter-name-number-863d6f6ff1-863d6f6ff1"] | J111: []

Sheet QA_Images
A1: product_key | B1: qa_image_key | C1: image_url_source | D1: image_url_workbook | E1: media_id | F1: variant | G1: image_location | H1: check_method | I1: checked_at | J1: qa_observation | K1: submitted_observation | L1: alt_action | M1: alt_effective | N1: IM1 | O1: IM2 | P1: IM3 | Q1: IM4 | R1: image_verified_points | S1: image_assessed_weight | T1: image_final_score | U1: image_score_lower_bound | V1: image_score_upper_bound | W1: issue_refs | X1: evidence_refs
A2: jeminise.com+personalized-basketball-close-up-with-number-blanket-with-name-and-number-f16f46abef-f16f46abef | B2: qaimg_cd8e280f13ea3582 | C2: https://cdn.shopify.com/s/files/1/0792/5098/1063/files/493c47531c92c894148db941dc2def6351acb5d929c8eb565563040e9978fb4d.jpg?v=1785091077 | D2: https://cdn.shopify.com/s/files/1/0792/5098/1063/files/493c47531c92c894148db941dc2def6351acb5d929c8eb565563040e9978fb4d.jpg?v=1785091077 | E2: 47539026854087 | F2: 46905021366471 | G2: GALLERY | H2: DIRECT_IMAGE_FILE_OPENED_AND_VISUALLY_REVIEWED | I2: 2026-09-09T13:19:55+07:00 | J2: QA opened 211_01.jpg (1000x1000) and checked against workbook observation: Blanket mockup with close-up basketball, large sample number and vertical sample name. | K2: Blanket mockup with close-up basketball, large sample number and vertical sample name. | L2: SET | M2: Basketball close-up number blanket | N2: FULL | O2: FULL | P2: FULL | Q2: FULL | R2: =IF(N2="FULL",40,IF(N2="PARTIAL",40/2,0))+IF(O2="FULL",30,IF(O2="PARTIAL",30/2,0))+IF(P2="FULL",20,IF(P2="PARTIAL",20/2,0))+IF(Q2="FULL",10,IF(Q2="PARTIAL",10/2,0)) | S2: =IF(N2="NOT_CHECKED",0,40)+IF(O2="NOT_CHECKED",0,30)+IF(P2="NOT_CHECKED",0,20)+IF(Q2="NOT_CHECKED",0,10) | T2: =IF(S2=100,R2,"") | U2: =R2 | V2: =R2+(100-S2) | W2: [] | X2: ["seo_runs\\jeminise.com\\20260906_234129\\qa\\20260909_131954\\images\\211_01.jpg", "https://cdn.shopify.com/s/files/1/0792/5098/1063/files/493c47531c92c894148db941dc2def6351acb5d929c8eb565563040e9978fb4d.jpg?v=1785091077"]
A3: jeminise.com+personalized-basketball-close-up-with-number-blanket-with-name-and-number-f16f46abef-f16f46abef | B3: qaimg_a28d9bf02dca305f | C3: https://cdn.shopify.com/s/files/1/0792/5098/1063/files/218b39c499d24effdf217d531cab8769ab23e83ca6003f5382f2155465a7d005.jpg?v=1785091076 | D3: https://cdn.shopify.com/s/files/1/0792/5098/1063/files/218b39c499d24effdf217d531cab8769ab23e83ca6003f5382f2155465a7d005.jpg?v=1785091076 | E3: 47539026886855 | G3: GALLERY | H3: DIRECT_IMAGE_FILE_OPENED_AND_VISUALLY_REVIEWED | I3: 2026-09-09T13:19:55+07:00 | J3: QA opened 211_02.jpg (1000x1000) and checked against workbook observation: Basketball number blanket displayed on sofa with dark ball artwork. | K3: Basketball number blanket displayed on sofa with dark ball artwork. | L3: SET | M3: Basketball number blanket on sofa | N3: FULL | O3: FULL | P3: FULL | Q3: FULL | R3: =IF(N3="FULL",40,IF(N3="PARTIAL",40/2,0))+IF(O3="FULL",30,IF(O3="PARTIAL",30/2,0))+IF(P3="FULL",20,IF(P3="PARTIAL",20/2,0))+IF(Q3="FULL",10,IF(Q3="PARTIAL",10/2,0)) | S3: =IF(N3="NOT_CHECKED",0,40)+IF(O3="NOT_CHECKED",0,30)+IF(P3="NOT_CHECKED",0,20)+IF(Q3="NOT_CHECKED",0,10) | T3: =IF(S3=100,R3,"") | U3: =R3 | V3: =R3+(100-S3) | W3: [] | X3: ["seo_runs\\jeminise.com\\20260906_234129\\qa\\20260909_131954\\images\\211_02.jpg", "https://cdn.shopify.com/s/files/1/0792/5098/1063/files/218b39c499d24effdf217d531cab8769ab23e83ca6003f5382f2155465a7d005.jpg?v=1785091076"]
A4: jeminise.com+personalized-basketball-close-up-with-number-blanket-with-name-and-number-f16f46abef-f16f46abef | B4: qaimg_1676f7fa42610035 | C4: https://cdn.shopify.com/s/files/1/0792/5098/1063/files/27c562a87487e8d7025e0a3cfede747442e97feecd7f1282018d4d9a6ed60276.jpg?v=1785091077 | D4: https://cdn.shopify.com/s/files/1/0792/5098/1063/files/27c562a87487e8d7025e0a3cfede747442e97feecd7f1282018d4d9a6ed60276.jpg?v=1785091077 | E4: 47539026919623 | G4: GALLERY | H4: DIRECT_IMAGE_FILE_OPENED_AND_VISUALLY_REVIEWED | I4: 2026-09-09T13:19:55+07:00 | J4: QA opened 211_03.jpg (1000x1000) and checked against workbook observation: Folded basketball blanket showing close-up ball print and sample number. | K4: Folded basketball blanket showing close-up ball print and sample number. | L4: SET | M4: Basketball number blanket folded view | N4: FULL | O4: FULL | P4: FULL | Q4: FULL | R4: =IF(N4="FULL",40,IF(N4="PARTIAL",40/2,0))+IF(O4="FULL",30,IF(O4="PARTIAL",30/2,0))+IF(P4="FULL",20,IF(P4="PARTIAL",20/2,0))+IF(Q4="FULL",10,IF(Q4="PARTIAL",10/2,0)) | S4: =IF(N4="NOT_CHECKED",0,40)+IF(O4="NOT_CHECKED",0,30)+IF(P4="NOT_CHECKED",0,20)+IF(Q4="NOT_CHECKED",0,10) | T4: =IF(S4=100,R4,"") | U4: =R4 | V4: =R4+(100-S4) | W4: [] | X4: ["seo_runs\\jeminise.com\\20260906_234129\\qa\\20260909_131954\\images\\211_03.jpg", "https://cdn.shopify.com/s/files/1/0792/5098/1063/files/27c562a87487e8d7025e0a3cfede747442e97feecd7f1282018d4d9a6ed60276.jpg?v=1785091077"]
A5: jeminise.com+personalized-basketball-close-up-with-number-blanket-with-name-and-number-f16f46abef-f16f46abef | B5: qaimg_48eac1050098eee6 | C5: https://cdn.shopify.com/s/files/1/0792/5098/1063/files/fde60e47d7999ac38c9b3fa0e7356d03cf375314b4e07e54abb990571428097e.jpg?v=1785091077 | D5: https://cdn.shopify.com/s/files/1/0792/5098/1063/files/fde60e47d7999ac38c9b3fa0e7356d03cf375314b4e07e54abb990571428097e.jpg?v=1785091077 | E5: 47539026952391 | G5: GALLERY | H5: DIRECT_IMAGE_FILE_OPENED_AND_VISUALLY_REVIEWED | I5: 2026-09-09T13:19:55+07:00 | J5: QA opened 211_04.jpg (1000x1000) and checked against workbook observation: Basketball blanket size or style panel. | K5: Basketball blanket size or style panel. | L5: SET | M5: Basketball number blanket size panel | N5: FULL | O5: FULL | P5: FULL | Q5: FULL | R5: =IF(N5="FULL",40,IF(N5="PARTIAL",40/2,0))+IF(O5="FULL",30,IF(O5="PARTIAL",30/2,0))+IF(P5="FULL",20,IF(P5="PARTIAL",20/2,0))+IF(Q5="FULL",10,IF(Q5="PARTIAL",10/2,0)) | S5: =IF(N5="NOT_CHECKED",0,40)+IF(O5="NOT_CHECKED",0,30)+IF(P5="NOT_CHECKED",0,20)+IF(Q5="NOT_CHECKED",0,10) | T5: =IF(S5=100,R5,"") | U5: =R5 | V5: =R5+(100-S5) | W5: [] | X5: ["seo_runs\\jeminise.com\\20260906_234129\\qa\\20260909_131954\\images\\211_04.jpg", "https://cdn.shopify.com/s/files/1/0792/5098/1063/files/fde60e47d7999ac38c9b3fa0e7356d03cf375314b4e07e54abb990571428097e.jpg?v=1785091077"]
A6: jeminise.com+personalized-basketball-close-up-with-number-blanket-with-name-and-number-f16f46abef-f16f46abef | B6: qaimg_612ec76e3a33c998 | C6: https://cdn.shopify.com/s/files/1/0792/5098/1063/files/303e496a921029b387bb3b499e2c292a040931377d7477430b2e40d3ac5e974b.jpg?v=1785091077 | D6: https://cdn.shopify.com/s/files/1/0792/5098/1063/files/303e496a921029b387bb3b499e2c292a040931377d7477430b2e40d3ac5e974b.jpg?v=1785091077 | E6: 47539026985159 | G6: GALLERY | H6: DIRECT_IMAGE_FILE_OPENED_AND_VISUALLY_REVIEWED | I6: 2026-09-09T13:19:55+07:00 | J6: QA opened 211_05.jpg (1000x1000) and checked against workbook observation: Close-up fabric panel for basketball number blanket. | K6: Close-up fabric panel for basketball number blanket. | L6: SET | M6: Basketball number blanket fabric panel | N6: FULL | O6: FULL | P6: FULL | Q6: FULL | R6: =IF(N6="FULL",40,IF(N6="PARTIAL",40/2,0))+IF(O6="FULL",30,IF(O6="PARTIAL",30/2,0))+IF(P6="FULL",20,IF(P6="PARTIAL",20/2,0))+IF(Q6="FULL",10,IF(Q6="PARTIAL",10/2,0)) | S6: =IF(N6="NOT_CHECKED",0,40)+IF(O6="NOT_CHECKED",0,30)+IF(P6="NOT_CHECKED",0,20)+IF(Q6="NOT_CHECKED",0,10) | T6: =IF(S6=100,R6,"") | U6: =R6 | V6: =R6+(100-S6) | W6: [] | X6: ["seo_runs\\jeminise.com\\20260906_234129\\qa\\20260909_131954\\images\\211_05.jpg", "https://cdn.shopify.com/s/files/1/0792/5098/1063/files/303e496a921029b387bb3b499e2c292a040931377d7477430b2e40d3ac5e974b.jpg?v=1785091077"]
A7: jeminise.com+personalized-basketball-close-up-with-number-blanket-with-name-and-number-f16f46abef-f16f46abef | B7: qaimg_4741676c142fb7ed | C7: https://cdn.shopify.com/s/files/1/0792/5098/1063/files/84f7a71576dfaac3ff03ce2ff898fee2d12da23eb223d4585f097765af5c2dd1.jpg?v=1785091076 | D7: https://cdn.shopify.com/s/files/1/0792/5098/1063/files/84f7a71576dfaac3ff03ce2ff898fee2d12da23eb223d4585f097765af5c2dd1.jpg?v=1785091076 | E7: 47539027017927 | G7: GALLERY | H7: DIRECT_IMAGE_FILE_OPENED_AND_VISUALLY_REVIEWED | I7: 2026-09-09T13:19:55+07:00 | J7: QA opened 211_06.jpg (1500x1500) and checked against workbook observation: Lifestyle use image for basketball blanket. | K7: Lifestyle use image for basketball blanket. | L7: SET | M7: Basketball blanket lifestyle image | N7: FULL | O7: FULL | P7: FULL | Q7: FULL | R7: =IF(N7="FULL",40,IF(N7="PARTIAL",40/2,0))+IF(O7="FULL",30,IF(O7="PARTIAL",30/2,0))+IF(P7="FULL",20,IF(P7="PARTIAL",20/2,0))+IF(Q7="FULL",10,IF(Q7="PARTIAL",10/2,0)) | S7: =IF(N7="NOT_CHECKED",0,40)+IF(O7="NOT_CHECKED",0,30)+IF(P7="NOT_CHECKED",0,20)+IF(Q7="NOT_CHECKED",0,10) | T7: =IF(S7=100,R7,"") | U7: =R7 | V7: =R7+(100-S7) | W7: [] | X7: ["seo_runs\\jeminise.com\\20260906_234129\\qa\\20260909_131954\\images\\211_06.jpg", "https://cdn.shopify.com/s/files/1/0792/5098/1063/files/84f7a71576dfaac3ff03ce2ff898fee2d12da23eb223d4585f097765af5c2dd1.jpg?v=1785091076"]
A8: jeminise.com+personalized-basketball-close-up-with-number-blanket-with-name-and-number-f16f46abef-f16f46abef | B8: qaimg_cb6b355ebc3188cb | C8: https://cdn.shopify.com/s/files/1/0792/5098/1063/files/c54e54c3dbfe2457f034b3fca5054b8bb9bc8e4d6fd79afcc77826b25dc6770e.jpg?v=1785091077 | D8: https://cdn.shopify.com/s/files/1/0792/5098/1063/files/c54e54c3dbfe2457f034b3fca5054b8bb9bc8e4d6fd79afcc77826b25dc6770e.jpg?v=1785091077 | E8: 47539027050695 | G8: GALLERY | H8: DIRECT_IMAGE_FILE_OPENED_AND_VISUALLY_REVIEWED | I8: 2026-09-09T13:19:55+07:00 | J8: QA opened 211_07.jpg (1500x1500) and checked against workbook observation: Additional basketball blanket mockup with close-up ball artwork. | K8: Additional basketball blanket mockup with close-up ball artwork. | L8: SET | M8: Basketball number blanket mockup | N8: FULL | O8: FULL | P8: FULL | Q8: FULL | R8: =IF(N8="FULL",40,IF(N8="PARTIAL",40/2,0))+IF(O8="FULL",30,IF(O8="PARTIAL",30/2,0))+IF(P8="FULL",20,IF(P8="PARTIAL",20/2,0))+IF(Q8="FULL",10,IF(Q8="PARTIAL",10/2,0)) | S8: =IF(N8="NOT_CHECKED",0,40)+IF(O8="NOT_CHECKED",0,30)+IF(P8="NOT_CHECKED",0,20)+IF(Q8="NOT_CHECKED",0,10) | T8: =IF(S8=100,R8,"") | U8: =R8 | V8: =R8+(100-S8) | W8: [] | X8: ["seo_runs\\jeminise.com\\20260906_234129\\qa\\20260909_131954\\images\\211_07.jpg", "https://cdn.shopify.com/s/files/1/0792/5098/1063/files/c54e54c3dbfe2457f034b3fca5054b8bb9bc8e4d6fd79afcc77826b25dc6770e.jpg?v=1785091077"]
A9: jeminise.com+personalized-basketball-close-up-with-number-blanket-with-name-and-number-f16f46abef-f16f46abef | B9: qaimg_0df7bdf7d39fea02 | C9: https://cdn.shopify.com/s/files/1/0792/5098/1063/files/ad99cb9e5079b85e55b42dd6ea5ed09a9fb8977514750251ab5e0ab98fdf6957.jpg?v=1785091077 | D9: https://cdn.shopify.com/s/files/1/0792/5098/1063/files/ad99cb9e5079b85e55b42dd6ea5ed09a9fb8977514750251ab5e0ab98fdf6957.jpg?v=1785091077 | E9: 47539027083463 | G9: GALLERY | H9: DIRECT_IMAGE_FILE_OPENED_AND_VISUALLY_REVIEWED | I9: 2026-09-09T13:19:55+07:00 | J9: QA opened 211_08.jpg (1000x1000) and checked against workbook observation: Basketball blanket feature panel. | K9: Basketball blanket feature panel. | L9: SET | M9: Basketball blanket feature panel | N9: FULL | O9: FULL | P9: FULL | Q9: FULL | R9: =IF(N9="FULL",40,IF(N9="PARTIAL",40/2,0))+IF(O9="FULL",30,IF(O9="PARTIAL",30/2,0))+IF(P9="FULL",20,IF(P9="PARTIAL",20/2,0))+IF(Q9="FULL",10,IF(Q9="PARTIAL",10/2,0)) | S9: =IF(N9="NOT_CHECKED",0,40)+IF(O9="NOT_CHECKED",0,30)+IF(P9="NOT_CHECKED",0,20)+IF(Q9="NOT_CHECKED",0,10) | T9: =IF(S9=100,R9,"") | U9: =R9 | V9: =R9+(100-S9) | W9: [] | X9: ["seo_runs\\jeminise.com\\20260906_234129\\qa\\20260909_131954\\images\\211_08.jpg", "https://cdn.shopify.com/s/files/1/0792/5098/1063/files/ad99cb9e5079b85e55b42dd6ea5ed09a9fb8977514750251ab5e0ab98fdf6957.jpg?v=1785091077"]
A10: jeminise.com+personalized-basketball-close-up-with-number-blanket-with-name-and-number-f16f46abef-f16f46abef | B10: qaimg_f823377dbb9b78cc | C10: https://cdn.shopify.com/s/files/1/0792/5098/1063/files/a3753d6287bc2e4a865d3aaebe97ccd3cb4a4f488eff90125abd9a1627c63bc0.jpg?v=1785091077 | D10: https://cdn.shopify.com/s/files/1/0792/5098/1063/files/a3753d6287bc2e4a865d3aaebe97ccd3cb4a4f488eff90125abd9a1627c63bc0.jpg?v=1785091077 | E10: 47539027116231 | G10: GALLERY | H10: DIRECT_IMAGE_FILE_OPENED_AND_VISUALLY_REVIEWED | I10: 2026-09-09T13:19:55+07:00 | J10: QA opened 211_09.jpg (1500x1482) and checked against workbook observation: Product shape illustration for basketball number blanket. | K10: Product shape illustration for basketball number blanket. | L10: SET | M10: Basketball number blanket shape view | N10: FULL | O10: FULL | P10: FULL | Q10: FULL | R10: =IF(N10="FULL",40,IF(N10="PARTIAL",40/2,0))+IF(O10="FULL",30,IF(O10="PARTIAL",30/2,0))+IF(P10="FULL",20,IF(P10="PARTIAL",20/2,0))+IF(Q10="FULL",10,IF(Q10="PARTIAL",10/2,0)) | S10: =IF(N10="NOT_CHECKED",0,40)+IF(O10="NOT_CHECKED",0,30)+IF(P10="NOT_CHECKED",0,20)+IF(Q10="NOT_CHECKED",0,10) | T10: =IF(S10=100,R10,"") | U10: =R10 | V10: =R10+(100-S10) | W10: [] | X10: ["seo_runs\\jeminise.com\\20260906_234129\\qa\\20260909_131954\\images\\211_09.jpg", "https://cdn.shopify.com/s/files/1/0792/5098/1063/files/a3753d6287bc2e4a865d3aaebe97ccd3cb4a4f488eff90125abd9a1627c63bc0.jpg?v=1785091077"]
A11: jeminise.com+personalized-basketball-court-perspective-comforter-with-name-and-number-5545af9fa4-5545af9fa4 | B11: qaimg_81f3cd227c45edbd | C11: https://cdn.shopify.com/s/files/1/0792/5098/1063/files/ba02c3300feae07e20cbe40095f270647fc6b5e9bc9f58ef5ac013c9fc0dbfa3.jpg?v=1785083537 | D11: https://cdn.shopify.com/s/files/1/0792/5098/1063/files/ba02c3300feae07e20cbe40095f270647fc6b5e9bc9f58ef5ac013c9fc0dbfa3.jpg?v=1785083537 | E11: 47538100240583 | G11: GALLERY | H11: DIRECT_IMAGE_FILE_OPENED_AND_VISUALLY_REVIEWED | I11: 2026-09-09T13:19:55+07:00 | J11: QA opened 212_01.jpg (1000x1000) and checked against workbook observation: Bedroom mockup of basketball court perspective comforter with sample name and number. | K11: Bedroom mockup of basketball court perspective comforter with sample name and number. | L11: SET | M11: Custom basketball court comforter | N11: FULL | O11: FULL | P11: FULL | Q11: FULL | R11: =IF(N11="FULL",40,IF(N11="PARTIAL",40/2,0))+IF(O11="FULL",30,IF(O11="PARTIAL",30/2,0))+IF(P11="FULL",20,IF(P11="PARTIAL",20/2,0))+IF(Q11="FULL",10,IF(Q11="PARTIAL",10/2,0)) | S11: =IF(N11="NOT_CHECKED",0,40)+IF(O11="NOT_CHECKED",0,30)+IF(P11="NOT_CHECKED",0,20)+IF(Q11="NOT_CHECKED",0,10) | T11: =IF(S11=100,R11,"") | U11: =R11 | V11: =R11+(100-S11) | W11: [] | X11: ["seo_runs\\jeminise.com\\20260906_234129\\qa\\20260909_131954\\images\\212_01.jpg", "https://cdn.shopify.com/s/files/1/0792/5098/1063/files/ba02c3300feae07e20cbe40095f270647fc6b5e9bc9f58ef5ac013c9fc0dbfa3.jpg?v=1785083537"]
A12: jeminise.com+personalized-basketball-court-perspective-comforter-with-name-and-number-5545af9fa4-5545af9fa4 | B12: qaimg_6fa41bb6f3b469de | C12: https://cdn.shopify.com/s/files/1/0792/5098/1063/files/102ff59b3ff3bb0734a4d6ce8cd4ffdffe62c9559448e8c52060c99a7f0371d8.jpg?v=1785083537 | D12: https://cdn.shopify.com/s/files/1/0792/5098/1063/files/102ff59b3ff3bb0734a4d6ce8cd4ffdffe62c9559448e8c52060c99a7f0371d8.jpg?v=1785083537 | E12: 47538100273351 | G12: GALLERY | H12: DIRECT_IMAGE_FILE_OPENED_AND_VISUALLY_REVIEWED | I12: 2026-09-09T13:19:55+07:00 | J12: QA opened 212_02.jpg (1000x1000) and checked against workbook observation: Second basketball court bedding mockup with duvet fold. | K12: Second basketball court bedding mockup with duvet fold. | L12: SET | M12: Basketball court comforter mockup | N12: FULL | O12: FULL | P12: FULL | Q12: FULL | R12: =IF(N12="FULL",40,IF(N12="PARTIAL",40/2,0))+IF(O12="FULL",30,IF(O12="PARTIAL",30/2,0))+IF(P12="FULL",20,IF(P12="PARTIAL",20/2,0))+IF(Q12="FULL",10,IF(Q12="PARTIAL",10/2,0)) | S12: =IF(N12="NOT_CHECKED",0,40)+IF(O12="NOT_CHECKED",0,30)+IF(P12="NOT_CHECKED",0,20)+IF(Q12="NOT_CHECKED",0,10) | T12: =IF(S12=100,R12,"") | U12: =R12 | V12: =R12+(100-S12) | W12: [] | X12: ["seo_runs\\jeminise.com\\20260906_234129\\qa\\20260909_131954\\images\\212_02.jpg", "https://cdn.shopify.com/s/files/1/0792/5098/1063/files/102ff59b3ff3bb0734a4d6ce8cd4ffdffe62c9559448e8c52060c99a7f0371d8.jpg?v=1785083537"]
A13: jeminise.com+personalized-basketball-court-perspective-comforter-with-name-and-number-5545af9fa4-5545af9fa4 | B13: qaimg_0e77f9714c606c2b | C13: https://cdn.shopify.com/s/files/1/0792/5098/1063/files/ca7e8151cb3c33bafaa62bb65f4773d1852d0e96a3f900ca3bc2751b2e604742.jpg?v=1785083537 | D13: https://cdn.shopify.com/s/files/1/0792/5098/1063/files/ca7e8151cb3c33bafaa62bb65f4773d1852d0e96a3f900ca3bc2751b2e604742.jpg?v=1785083537 | E13: 47538100306119 | G13: GALLERY | H13: DIRECT_IMAGE_FILE_OPENED_AND_VISUALLY_REVIEWED | I13: 2026-09-09T13:19:55+07:00 | J13: QA opened 212_03.jpg (1000x1000) and checked against workbook observation: Feature view of basketball court bedding with comfort icons. | K13: Feature view of basketball court bedding with comfort icons. | L13: SET | M13: Basketball court bedding feature view | N13: FULL | O13: FULL | P13: FULL | Q13: FULL | R13: =IF(N13="FULL",40,IF(N13="PARTIAL",40/2,0))+IF(O13="FULL",30,IF(O13="PARTIAL",30/2,0))+IF(P13="FULL",20,IF(P13="PARTIAL",20/2,0))+IF(Q13="FULL",10,IF(Q13="PARTIAL",10/2,0)) | S13: =IF(N13="NOT_CHECKED",0,40)+IF(O13="NOT_CHECKED",0,30)+IF(P13="NOT_CHECKED",0,20)+IF(Q13="NOT_CHECKED",0,10) | T13: =IF(S13=100,R13,"") | U13: =R13 | V13: =R13+(100-S13) | W13: [] | X13: ["seo_runs\\jeminise.com\\20260906_234129\\qa\\20260909_131954\\images\\212_03.jpg", "https://cdn.shopify.com/s/files/1/0792/5098/1063/files/ca7e8151cb3c33bafaa62bb65f4773d1852d0e96a3f900ca3bc2751b2e604742.jpg?v=1785083537"]
A14: jeminise.com+personalized-basketball-court-perspective-comforter-with-name-and-number-5545af9fa4-5545af9fa4 | B14: qaimg_db00e50ef75a5d6e | C14: https://cdn.shopify.com/s/files/1/0792/5098/1063/files/8daf8c1cfffe06a3e80ec1ac316b388b93cba81832378baccb5fa4c22684434d.jpg?v=1785083537 | D14: https://cdn.shopify.com/s/files/1/0792/5098/1063/files/8daf8c1cfffe06a3e80ec1ac316b388b93cba81832378baccb5fa4c22684434d.jpg?v=1785083537 | E14: 47538100338887 | G14: GALLERY | H14: DIRECT_IMAGE_FILE_OPENED_AND_VISUALLY_REVIEWED | I14: 2026-09-09T13:19:55+07:00 | J14: QA opened 212_04.jpg (1000x1000) and checked against workbook observation: Microfiber panel with basketball court print samples. | K14: Microfiber panel with basketball court print samples. | L14: SET | M14: Basketball court microfiber panel | N14: FULL | O14: FULL | P14: FULL | Q14: FULL | R14: =IF(N14="FULL",40,IF(N14="PARTIAL",40/2,0))+IF(O14="FULL",30,IF(O14="PARTIAL",30/2,0))+IF(P14="FULL",20,IF(P14="PARTIAL",20/2,0))+IF(Q14="FULL",10,IF(Q14="PARTIAL",10/2,0)) | S14: =IF(N14="NOT_CHECKED",0,40)+IF(O14="NOT_CHECKED",0,30)+IF(P14="NOT_CHECKED",0,20)+IF(Q14="NOT_CHECKED",0,10) | T14: =IF(S14=100,R14,"") | U14: =R14 | V14: =R14+(100-S14) | W14: [] | X14: ["seo_runs\\jeminise.com\\20260906_234129\\qa\\20260909_131954\\images\\212_04.jpg", "https://cdn.shopify.com/s/files/1/0792/5098/1063/files/8daf8c1cfffe06a3e80ec1ac316b388b93cba81832378baccb5fa4c22684434d.jpg?v=1785083537"]
... A74: jeminise.com+personalized-basketball-hoop-comforter-name-number-863d6f6ff1-863d6f6ff1 | B74: qaimg_3ee8d5f35d5c9f45 | C74: https://cdn.shopify.com/s/files/1/0792/5098/1063/files/c24959ab140390d63cc323f99e5e71b8352d51d82db09e1b8086064e57b3ff2f_a564f98c-d3f5-4d28-860b-0e13b9350915.jpg?v=1785083993 | D74: https://cdn.shopify.com/s/files/1/0792/5098/1063/files/c24959ab140390d63cc323f99e5e71b8352d51d82db09e1b8086064e57b3ff2f_a564f98c-d3f5-4d28-860b-0e13b9350915.jpg?v=1785083993 | E74: 47538181046471 | G74: GALLERY | H74: DIRECT_IMAGE_FILE_OPENED_AND_VISUALLY_REVIEWED | I74: 2026-09-09T13:19:55+07:00 | J74: QA opened 220_07.jpg (1000x1000) and checked against workbook observation: Size dimension panel for orange basketball comforter. | K74: Size dimension panel for orange basketball comforter. | L74: SET | M74: Orange basketball size panel | N74: FULL | O74: FULL | P74: FULL | Q74: FULL | R74: =IF(N74="FULL",40,IF(N74="PARTIAL",40/2,0))+IF(O74="FULL",30,IF(O74="PARTIAL",30/2,0))+IF(P74="FULL",20,IF(P74="PARTIAL",20/2,0))+IF(Q74="FULL",10,IF(Q74="PARTIAL",10/2,0)) | S74: =IF(N74="NOT_CHECKED",0,40)+IF(O74="NOT_CHECKED",0,30)+IF(P74="NOT_CHECKED",0,20)+IF(Q74="NOT_CHECKED",0,10) | T74: =IF(S74=100,R74,"") | U74: =R74 | V74: =R74+(100-S74) | W74: [] | X74: ["seo_runs\\jeminise.com\\20260906_234129\\qa\\20260909_131954\\images\\220_07.jpg", "https://cdn.shopify.com/s/files/1/0792/5098/1063/files/c24959ab140390d63cc323f99e5e71b8352d51d82db09e1b8086064e57b3ff2f_a564f98c-d3f5-4d28-860b-0e13b9350915.jpg?v=1785083993"]

Sheet QA_Issues
A1: issue_id | B1: product_key | C1: qa_image_key | D1: severity | E1: field | F1: submitted_value | G1: source_observation | H1: reason | I1: recommended_fix | J1: supporting_evidence | K1: recheck_condition
A2: B22R4-LIM-TRACE-001 | D2: LIMITATION | E2: revision traceability | F2: SEO_Products/Image_Audit row-level revision values still show r3 in the r4 workbook. | G2: Workbook filename/path/hash identify qa_batch_022_r4, while row metadata was not fully relabeled after r4. | H2: Traceability limitation only; it does not prove the submitted r4 content is wrong. | I2: Update row-level revision values and revision_summary paths in the next package. | J2: D:\Shopify_Workspace\jeminise_seo\resutls\jeminise.com\20260906_234129\revisions\qa_batch_022_r4\SEO_Product_Optimization_qa_batch_022_r4.xlsx | K2: All row-level revision fields and summary paths consistently identify r4.
